STATEFIPS,COUNTY,TOT_POP,NHWA
1,1,40372,0.7661745764391162
1,3,154649,0.8519486061985528
1,5,20379,0.49482310221306247
1,7,17438,0.7395916962954467
1,9,43050,0.900418118466899
1,11,8254,0.24339714078022776
1,13,14962,0.5564764068974736
1,15,87046,0.7531649932219746
1,17,26147,0.5868359658851876
1,19,20156,0.925878150426672
1,21,32326,0.8301676668935223
1,23,10198,0.5735438321239459
1,25,18627,0.5537123530359156
1,27,10370,0.8152362584378013
1,29,11253,0.9361947924997779
1,31,37937,0.7322666526082716
1,33,41484,0.8032494455693762
1,35,9656,0.5368682684341343
1,37,8579,0.6707075416715235
1,39,28698,0.8477594257439542
1,41,10485,0.7205531711969481
1,43,61872,0.9373707008016551
1,45,36860,0.72316874660879
1,47,29782,0.3139480222953462
1,49,52035,0.8521572018833478
1,51,61091,0.7515509649539212
1,53,28640,0.6228002793296089
1,55,78192,0.8049288929813792
1,57,12776,0.8580932999373826
1,59,23202,0.8163520386173606
1,61,20307,0.8565026838036145
1,63,6344,0.1948297604035309
1,65,11183,0.4229634266297058
1,67,13245,0.7014722536806342
1,69,77449,0.7042182597580343
1,71,40089,0.9046371822694504
1,73,492125,0.5329276098552197
1,75,10635,0.869581570286789
1,77,71079,0.8655017656410473
1,79,25288,0.7808051249604555
1,81,115629,0.6924387480649318
1,83,68479,0.7892638619138714
1,85,7844,0.26848546659867417
1,87,14497,0.17300131061598953
1,89,264774,0.6782690143292015
1,91,14917,0.47227994905141785
1,93,23213,0.9259035885064404
1,95,69480,0.8640616004605642
1,97,306007,0.6034829268611502
1,99,16177,0.5666069110465476
1,101,166196,0.3910924450648632
1,103,89526,0.7957353171145812
1,105,6990,0.3190271816881259
1,107,16225,0.5599383667180278
1,109,24867,0.5901395423653838
1,111,17131,0.7756114645963458
1,113,43082,0.5050136948145397
1,115,65500,0.8678778625954199
1,117,153366,0.805478398080409
1,119,9928,0.2611804995970991
1,121,61374,0.6532733730895819
1,123,31388,0.7166114438638971
1,125,151034,0.6524160122886238
1,127,49497,0.9084186920419419
1,129,12621,0.6671420648126138
1,131,8018,0.304938887503118
1,133,18424,0.9525618758141554
2,13,2977,0.11588847833389318
2,16,4960,0.26129032258064516
2,20,217467,0.6401844877613615
2,50,10941,0.1380129787039576
2,60,705,0.4851063829787234
2,68,1531,0.8308295231874592
2,70,3276,0.2148962148962149
2,90,72866,0.7356380204759422
2,100,1994,0.7958876629889668
2,105,1667,0.5062987402519497
2,110,24700,0.6938461538461539
2,122,43377,0.8361343569172603
2,130,10334,0.6915037739500678
2,150,9859,0.5373770159245359
2,158,4481,0.0586922561928141
2,164,1069,0.28344246959775493
2,170,71156,0.8283068188206195
2,180,6102,0.20698131760078664
2,185,6962,0.4130996839988509
2,188,4772,0.1550712489522213
2,195,2395,0.7519832985386221
2,198,4644,0.5055986218776917
2,220,6691,0.6635779405171125
2,230,907,0.8798235942668137
2,240,4959,0.7777777777777778
2,261,6890,0.7393323657474601
2,275,1844,0.7391540130151844
2,282,474,0.3881856540084388
2,290,3862,0.2532366649404454
4,1,48824,0.20991725380960183
4,3,95158,0.6097543033691334
4,5,100901,0.591024865957721
4,7,41319,0.686754277693071
4,9,25968,0.5335797905113987
4,11,6548,0.5042761148442273
4,12,16357,0.6553157669499297
4,13,3027443,0.6208027698622237
4,15,163456,0.8089944694596711
4,17,75535,0.46252730522274443
4,19,760571,0.5853799316566106
4,21,300529,0.6244322511305065
4,23,32146,0.19538978410999813
4,25,179616,0.8447966773561375
4,27,145671,0.3867550850890019
5,1,13803,0.7310729551546765
5,3,15507,0.7031663119881344
5,5,33064,0.9577788531333172
5,7,177036,0.7803836507828916
5,9,28140,0.9481520966595594
5,11,8276,0.5932817786370227
5,13,4140,0.7408212560386473
5,15,20971,0.8491249821181632
5,17,8278,0.4301763711041314
5,19,16707,0.7169449931166577
5,21,11613,0.9640919659002841
5,23,20015,0.955733200099925
5,25,6270,0.8649122807017544
5,27,17583,0.6162202127054541
5,29,15778,0.8292559259728737
5,31,75021,0.8174511136881674
5,33,44980,0.8755002223210315
5,35,34188,0.4780917280917281
5,37,12746,0.7531774674407657
5,39,5779,0.5616888735075273
5,41,8641,0.497743316745747
5,43,13816,0.6914447017950203
5,45,88669,0.82822632487115
5,47,13131,0.9354199984768867
5,49,9460,0.9654334038054968
5,51,75071,0.8570020380706265
5,53,13490,0.9346182357301704
5,55,32263,0.9531041750612156
5,57,15809,0.6042760452906573
5,59,25597,0.8438098214634527
5,61,9572,0.694003343083995
5,63,27195,0.9118220261077404
5,65,10741,0.9407876361605064
5,67,13507,0.7889982971792404
5,69,53029,0.43981594976333704
5,71,18897,0.8443139122612054
5,73,5472,0.6228070175438597
5,75,12544,0.9614955357142857
5,77,7594,0.4392941796154859
5,79,11071,0.640321560834613
5,81,9439,0.7520923826676554
5,83,16421,0.9276536142744047
5,85,51316,0.8802907475251384
5,87,11712,0.9236680327868853
5,89,13118,0.9525080042689434
5,91,32347,0.7205923269545862
5,93,31021,0.6286709003578221
5,95,5645,0.5881310894596988
5,97,7060,0.9320113314447592
5,99,6489,0.6558791801510249
5,101,6195,0.9457627118644067
5,103,18352,0.5839145597210114
5,105,7710,0.9346303501945525
5,107,13803,0.39418966891255525
5,109,8172,0.8921928536465982
5,111,17833,0.8943531654797285
5,113,15027,0.9038397551074732
5,115,46066,0.869535014978509
5,117,6438,0.8647095371233302
5,119,291630,0.5792339608407914
5,121,13240,0.9577039274924471
5,123,19970,0.4367551326990486
5,125,87216,0.8834044212071179
5,127,7779,0.8666923769121995
5,129,6124,0.9405617243631613
5,131,93613,0.7482507771356542
5,133,11855,0.6542387178405736
5,135,13085,0.9430645777607948
5,137,9755,0.9566376217324449
5,139,29650,0.6453962900505902
5,141,13096,0.9455558949297496
5,143,159981,0.7680287034085298
5,145,57464,0.9038876513991368
5,147,5154,0.713814512999612
5,149,15860,0.8052332912988651
6,1,1252355,0.355059867210176
6,3,876,0.7226027397260274
6,5,30716,0.8107500976689673
6,7,172078,0.7692674252373923
6,9,36158,0.8423032247358814
6,11,14976,0.4263488247863248
6,13,839019,0.4884895336100851
6,15,20947,0.6648684775862892
6,17,142459,0.8142553296036052
6,19,667673,0.35617285707224944
6,21,19782,0.5829036497826307
6,23,104616,0.7904240269174887
6,25,123829,0.13987838067011765
6,27,14083,0.70361428672868
6,29,599650,0.4061302426415409
6,31,105447,0.3755441122080287
6,33,50085,0.7647000099830289
6,35,25317,0.6531974562546905
6,37,7616094,0.2978524162122999
6,39,108178,0.41428941189520974
6,41,202634,0.7510437537629421
6,43,14339,0.8295557570262919
6,45,66847,0.7200921507322692
6,47,178669,0.34071943090295465
6,49,7013,0.7996577784115214
6,51,10896,0.7247613803230544
6,53,306986,0.36412083938681244
6,55,108205,0.5890023566378633
6,57,79621,0.8779593323369462
6,59,2370421,0.45358820226449226
6,61,281989,0.768352666238754
6,63,14884,0.8650900295619457
6,65,1679229,0.41887080320790077
6,67,1104463,0.5034428496020238
6,69,41543,0.40478540307633054
6,71,1493908,0.34204582879267
6,73,2480068,0.5044168143776703
6,75,734915,0.43000074838586777
6,77,505597,0.3842862991671232
6,79,217725,0.7315420829027443
6,81,588203,0.42441300027371504
6,83,325377,0.5134628446386806
6,85,1437195,0.35914820187935526
6,87,206906,0.6332827467545649
6,89,136956,0.8368235053593855
6,91,2449,0.8721927317272357
6,93,33831,0.8078389642635453
6,95,326443,0.43022212147296773
6,97,387537,0.6955077837729042
6,99,377439,0.4911389655017102
6,101,68934,0.5165520642933821
6,103,46744,0.7416352900907068
6,105,10618,0.8452627613486532
6,107,302276,0.35473871561089865
6,109,43728,0.8274103549213319
6,111,625191,0.5099545578871097
6,113,155724,0.517524594795921
6,115,52065,0.6145203111495247
8,1,344963,0.5685885152900456
8,3,11453,0.5267615471928753
8,5,464211,0.6620200727686333
8,7,9863,0.8042177836358106
8,9,2774,0.8817591925018025
8,11,4834,0.5829540752999586
8,13,241447,0.814137264078659
8,14,48052,0.8031299425622243
8,15,15502,0.8581473358276351
8,17,1330,0.8609022556390977
8,19,7698,0.9123148869836322
8,21,5697,0.4298753730033351
8,23,2837,0.35283750440606276
8,25,4778,0.5433235663457514
8,27,3723,0.9097502014504432
8,29,23206,0.8441351374644489
8,31,528244,0.5960616684713882
8,33,1532,0.9066579634464752
8,35,224861,0.8513615077759149
8,37,40345,0.719742223323832
8,39,18715,0.9107667646273043
8,41,488123,0.7357448839739165
8,43,38341,0.7923371847369657
8,45,41725,0.7439185140802876
8,47,4768,0.8968120805369127
8,49,11681,0.9065148531803784
8,51,12465,0.8933012434817489
8,53,614,0.9381107491856677
8,55,5395,0.646339202965709
8,57,1099,0.8835304822565969
8,59,436403,0.8136928481243254
8,61,1094,0.9250457038391224
8,63,5763,0.8073919833420093
8,65,5635,0.6615794143744455
8,67,42358,0.8184758487180698
8,69,253649,0.8597707856131899
8,71,11052,0.5596272167933406
8,73,4374,0.7695473251028807
8,75,16897,0.7994318518080132
8,77,111085,0.8470900661655489
8,79,618,0.93042071197411
8,81,9353,0.8434726825617449
8,83,19716,0.7704402515723271
8,85,30902,0.8072940262766164
8,87,20178,0.6586876796511052
8,89,13447,0.5893507845616123
8,91,3802,0.9316149395055234
8,93,13509,0.9116144792360649
8,95,3203,0.8139244458320325
8,97,14716,0.8788393585213373
8,99,8433,0.6672595754772916
8,101,121362,0.5711178128244426
8,103,4752,0.8558501683501684
8,105,8560,0.5649532710280374
8,107,18931,0.9156410120965612
8,109,4721,0.6295276424486338
8,111,595,0.8352941176470589
8,113,6324,0.881404174573055
8,115,1866,0.837620578778135
8,117,25013,0.8489185623475792
8,119,18628,0.906592226755422
8,121,3693,0.9014351475764961
8,123,200334,0.7109027923367975
8,125,7252,0.8145339216767788
9,1,700495,0.6562973326005183
9,3,679542,0.6665945592766893
9,5,144629,0.9137724799314108
9,7,128721,0.8629050426892271
9,9,654047,0.685239745767506
9,11,209892,0.7914165380290816
9,13,114930,0.8700426346471766
9,15,89156,0.8633855264928889
10,1,128131,0.6636411172940194
10,3,418116,0.6224157889198213
10,5,170223,0.7955211692896964
11,1,532467,0.3916599526355624
12,1,200130,0.6509718682856144
12,3,20088,0.813968538430904
12,5,138865,0.7995607244446045
12,7,21042,0.7524950099800399
12,9,450953,0.7862327116129619
12,11,1447765,0.4214261292405881
12,13,11206,0.7703016241299304
12,15,148528,0.8678767639771625
12,17,117832,0.9014868626519112
12,19,150088,0.76567080646021
12,21,286830,0.6996374158909459
12,23,52017,0.748735990157064
12,27,27429,0.5938969703598381
12,29,12891,0.8509037312853929
12,31,684843,0.5825393557355482
12,33,234699,0.6870757864328353
12,35,84703,0.7781660625951855
12,37,9690,0.7811145510835913
12,39,34928,0.3761452130096198
12,41,13057,0.8946925021061499
12,43,11217,0.6472318801818668
12,45,13121,0.7295937809618169
12,47,11187,0.5675337445248949
12,49,19345,0.5385887826311708
12,51,27258,0.3813559322033898
12,53,141833,0.8254849012571123
12,55,80202,0.7374753746789356
12,57,1003473,0.5474367521597492
12,59,15098,0.8707113524970195
12,61,119607,0.8058809267016145
12,63,38503,0.6672726800509051
12,65,11381,0.6142693963623583
12,67,6717,0.7123715944618133
12,69,255423,0.7564628087525399
12,71,558706,0.7404753125973231
12,73,215743,0.5996486560398252
12,75,31245,0.823299727956473
12,77,6574,0.7048980833586858
12,79,14437,0.5670845743575536
12,81,286955,0.7724381871722047
12,83,272870,0.7571554219958222
12,85,127223,0.8303372817808101
12,86,2079129,0.14124616606280804
12,87,64529,0.7194439709277999
12,89,61083,0.8842231062652457
12,91,150616,0.772095926063632
12,93,29735,0.6855221119892383
12,95,960355,0.45551072259737285
12,97,234682,0.37915136226894264
12,99,1115925,0.6141819566727155
12,101,386088,0.7976005470255486
12,103,773071,0.7855216403150551
12,105,486918,0.6628816351007767
12,107,55066,0.7617404569062579
12,109,171613,0.854900269793081
12,111,231355,0.6409500551101122
12,113,126108,0.838233894756875
12,115,339090,0.8662154590226784
12,117,343502,0.6547618354478285
12,119,109517,0.865810787366345
12,121,33654,0.7772330183633446
12,123,17843,0.7276242784285154
12,125,11938,0.6800971687049757
12,127,413020,0.7698634448694979
12,129,24375,0.7847384615384615
12,131,49631,0.8616993411375955
12,133,19220,0.7849115504682622
13,1,13415,0.7355944837868058
13,3,5826,0.6103673189152077
13,5,8095,0.7729462631253861
13,7,2477,0.497375857892612
13,9,33773,0.5507357948657211
13,11,13787,0.8982374700805106
13,13,53370,0.7605958403597527
13,15,74773,0.81261952843941
13,17,12520,0.605591054313099
13,19,13872,0.8472462514417531
13,21,110997,0.43887672639801073
13,23,9069,0.7474914544051163
13,25,13463,0.9361954987744188
13,27,11884,0.6109054190508246
13,29,24115,0.7623056189093925
13,31,52153,0.659175886334439
13,33,16330,0.5067973055725659
13,35,18066,0.6808369312520757
13,37,5157,0.33624200116346714
13,39,37915,0.7250692338124752
13,43,7834,0.6609650242532551
13,45,82263,0.7480884480264517
13,47,49006,0.9263967677427254
13,49,10275,0.6088564476885645
13,51,214839,0.5333808107466521
13,53,8195,0.6002440512507626
13,55,18712,0.836842667806755
13,57,169830,0.8264382029087911
13,59,92303,0.5990054494436801
13,61,2419,0.4266225713104589
13,63,189347,0.146345070162189
13,65,4955,0.6966700302724521
13,67,540990,0.570553984362003
13,69,31202,0.6205371450548042
13,71,32366,0.6172217759377124
13,73,103385,0.7169995647337621
13,75,12118,0.6817956758541014
13,77,99826,0.7426722497145032
13,79,9544,0.7449706621961442
13,81,16713,0.5588464069885718
13,83,12476,0.944693812119269
13,85,17849,0.9430780435878761
13,87,19838,0.5486440165339248
13,89,544317,0.32390500388560345
13,91,16055,0.6756150731859234
13,93,11043,0.45857104047813096
13,95,65497,0.3052811579156297
13,97,99572,0.47902020648375043
13,99,7676,0.5083376758728504
13,101,2815,0.6728241563055062
13,103,40486,0.8095884997283012
13,105,14700,0.6691156462585034
13,107,16507,0.636699581995517
13,109,7688,0.6091311134235172
13,111,19603,0.9579146049074121
13,113,81517,0.670032017861305
13,115,70708,0.7585138881031849
13,117,146830,0.773881359395219
13,119,16777,0.8611193896405793
13,121,748967,0.4325103776267846
13,123,22810,0.8974134151687856
13,125,2269,0.8779197884530631
13,127,62636,0.6851650807842136
13,129,41012,0.8140300399882962
13,131,18265,0.6320832192718314
13,133,13242,0.6207521522428636
13,135,625155,0.43398037286752883
13,137,32823,0.8211619900679402
13,139,138216,0.6758262429819992
13,141,7015,0.26557377049180325
13,143,21271,0.9189506840298999
13,145,25372,0.7738451836670345
13,147,19590,0.7808575803981623
13,149,8592,0.8569599627560521
13,151,153645,0.5020989944352241
13,153,108007,0.6084420454229819
13,155,6934,0.7063743870781656
13,157,45777,0.8422133385761409
13,159,10062,0.749950308089843
13,161,10498,0.7550009525623929
13,163,11936,0.44638069705093836
13,165,6796,0.5429664508534432
13,167,7643,0.6356142875834097
13,169,21044,0.7277133624786163
13,171,13400,0.6803731343283582
13,173,7604,0.6954234613361389
13,175,34936,0.6204201969315319
13,177,20636,0.7377883310719131
13,179,43256,0.42972073238394676
13,181,6047,0.6791797585579626
13,183,12283,0.6092159895790931
13,185,80330,0.5809660151873521
13,187,23584,0.917910447761194
13,189,15561,0.5840241629715314
13,191,11167,0.6354437180979672
13,193,10673,0.352946687904057
13,195,21207,0.8525958409958976
13,197,6679,0.6102709986524929
13,199,15960,0.5971804511278196
13,201,4393,0.719098565900296
13,205,16732,0.4923499880468563
13,207,20910,0.7298421807747489
13,209,6744,0.6773428232502966
13,211,13540,0.7322008862629247
13,213,28614,0.8702383448661495
13,215,146373,0.4444057305650632
13,217,73976,0.523412998810425
13,219,25449,0.8587370820071516
13,221,11328,0.7786899717514124
13,223,106651,0.7544326823002129
13,225,19603,0.495740447890629
13,227,23472,0.9434219495569189
13,229,13870,0.85155010814708
13,231,13093,0.8662644161002062
13,233,29763,0.7602728219601519
13,235,8965,0.6498605688789738
13,237,16516,0.6924194720271252
13,239,1865,0.5302949061662199
13,241,12997,0.9063630068477341
13,243,5419,0.3871563019007197
13,245,148360,0.3919722297115125
13,247,63902,0.3990485430815937
13,249,3638,0.7383177570093458
13,251,10743,0.5752583077352694
13,253,6574,0.6550045634317007
13,255,47208,0.6354643280799864
13,257,19159,0.8482175478887207
13,259,4890,0.27505112474437626
13,261,22344,0.4428481919083423
13,263,5037,0.42942227516378795
13,265,1311,0.39588100686498856
13,267,19400,0.5994845360824742
13,269,6416,0.5961658354114713
13,271,13209,0.48588083882201527
13,273,6784,0.4053655660377358
13,275,33285,0.6016223524109959
13,277,28933,0.6117236373690941
13,279,19195,0.65543110184944
13,281,8920,0.9572869955156951
13,283,4985,0.6694082246740221
13,285,50281,0.6030906306557149
13,287,5829,0.5856922285126094
13,289,6666,0.5724572457245725
13,291,18274,0.9481230163073219
13,293,19965,0.6999749561733033
13,295,51404,0.9233133608279511
13,297,63714,0.7889945694823743
13,299,26192,0.6751298106291997
13,301,4210,0.41140142517814726
13,303,15768,0.45744545915778795
13,305,21496,0.7480926684034239
13,307,2027,0.5579674395658609
13,309,6420,0.5596573208722742
13,311,21551,0.9366154702798014
13,313,73693,0.6563852740423106
13,315,6987,0.5866609417489623
13,317,7520,0.5511968085106383
13,319,6882,0.5884917175239756
13,321,15476,0.6984362884466271
15,1,148887,0.3585135035295224
15,3,761475,0.21241012508618143
15,5,89,0.2696629213483146
15,7,54325,0.34380119650253105
15,9,124485,0.3604289673454633
16,1,315885,0.8728049764946104
16,3,3117,0.9435354507539301
16,5,58996,0.8668214794223337
16,7,4162,0.9416146083613647
16,9,6874,0.8747454175152749
16,11,29705,0.7707120013465747
16,13,16190,0.8139592340951205
16,15,5682,0.9296022527279127
16,17,32637,0.945031712473573
16,19,73317,0.8664020622775073
16,21,8414,0.9219158545281674
16,23,1826,0.9194961664841182
16,25,802,0.8952618453865336
16,27,140003,0.7571194902966365
16,29,4698,0.9246487867177522
16,31,15278,0.7427019243356461
16,33,620,0.5806451612903226
16,35,6986,0.9202691096478671
16,37,3315,0.9360482654600302
16,39,18525,0.7699865047233468
16,41,8319,0.9233080899146532
16,43,8923,0.8833352011655273
16,45,12612,0.9056454170631145
16,47,10600,0.7397169811320755
16,49,12670,0.9273086029992107
16,51,17105,0.8859397836889799
16,53,15143,0.6974839860001321
16,55,111946,0.9262680220820753
16,57,28920,0.9039764868603043
16,59,6213,0.9425398358281024
16,61,2866,0.8820655966503839
16,63,3535,0.7258840169731259
16,65,24688,0.8985337005832793
16,67,14089,0.675846404996806
16,69,30506,0.8943486527240543
16,71,2966,0.942683749157114
16,73,8048,0.7230367793240556
16,75,16183,0.8227769881974912
16,77,5071,0.6939459672648393
16,79,9727,0.9309139508584353
16,81,7464,0.8394962486602358
16,83,57384,0.8369580370835076
16,85,8114,0.9373921616958344
16,87,7398,0.83279264666125985
17,1,50349,0.9382112852291009
17,3,5048,0.65986529318542
17,5,13274,0.8709507307518457
17,7,38305,0.7894008615063308
17,9,5621,0.7023661270236613
17,11,25545,0.9091015854374633
17,13,3813,0.982428533962759
17,15,11528,0.948560027758501
17,17,9525,0.8201574803149606
17,19,155140,0.7157019466288513
17,21,25910,0.955924353531455
17,23,12001,0.9710857428547621
17,25,10176,0.9639347484276729
17,27,28953,0.919939211826063
17,29,40267,0.9250751235503017
17,31,3936374,0.4646067675480023
17,33,15160,0.9076517150395779
17,35,8156,0.9749877390877881
17,37,76264,0.8113002202874227
17,39,12447,0.9591869526793605
17,41,14318,0.9192624668249756
17,43,693015,0.7091029775690281
17,45,13603,0.9763287510108064
17,47,4945,0.9757330637007078
17,49,25535,0.9709026825925201
17,51,16833,0.9128497594011763
17,53,10271,0.9552137084996593
17,55,29911,0.9688408946541406
17,57,27878,0.9141258339909606
17,59,4113,0.9664478482859227
17,61,10042,0.9745070703047202
17,63,36433,0.89276205637746
17,65,6221,0.969619032309918
17,67,14366,0.9749408325212306
17,69,3266,0.9445805266380894
17,71,5530,0.9714285714285714
17,73,37175,0.9308944182918628
17,75,21744,0.9289459161147903
17,77,45619,0.770512286547272
17,79,7216,0.9767184035476718
17,81,29224,0.8749657815494114
17,83,16948,0.967901817323578
17,85,17402,0.9615561429720721
17,87,10151,0.8480937838636587
17,89,375713,0.6305158458717159
17,91,81118,0.7593998865849749
17,93,83934,0.7382109752901089
17,95,39844,0.8588997088645718
17,97,505594,0.6717900133308544
17,99,84658,0.8866380023151976
17,101,13024,0.8266277641277642
17,103,26929,0.8717367893349177
17,105,27913,0.9003690036900369
17,107,22914,0.8636641354630357
17,109,24050,0.8975467775467776
17,111,224237,0.848339034146907
17,113,126723,0.830646370429993
17,115,80604,0.8075033497096918
17,117,35248,0.971005447117567
17,119,201087,0.8794800260583727
17,121,28769,0.9338176509437242
17,123,9338,0.95952023988006
17,125,10498,0.9695180034292246
17,127,11237,0.9047788555664323
17,129,9436,0.9679949130987706
17,131,12085,0.9678940835746793
17,133,25485,0.9721797135569943
17,135,22300,0.9397309417040359
17,137,26820,0.9048471290082029
17,139,10905,0.9773498395231545
17,141,38682,0.9005997621632801
17,143,136831,0.7551651307086844
17,145,16821,0.8617799179596932
17,147,12346,0.9735136886440953
17,149,12142,0.9560204249711745
17,151,3442,0.9215572341661824
17,153,4338,0.6588289534347626
17,155,4425,0.9414689265536723
17,157,25930,0.8416891631315079
17,159,12156,0.9646265218821981
17,161,109868,0.7770415407580005
17,163,194845,0.6568503169185763
17,165,18678,0.9352179034157833
17,167,148990,0.8431773944560037
17,169,5519,0.9393005979344085
17,171,3885,0.9747747747747748
17,173,16710,0.9781567923399163
17,175,4464,0.9737903225806451
17,177,34963,0.8736092440580042
17,179,101272,0.9512797219369619
17,181,13417,0.9349332935827681
17,183,58593,0.8242110832351988
17,185,8760,0.9591324200913242
17,187,12942,0.8810075722454026
17,189,10994,0.9729852646898308
17,191,12387,0.9699685153790264
17,193,10957,0.9723464451948526
17,195,42944,0.8775847615499255
17,197,489312,0.6804860702373945
17,199,51504,0.9149774774774775
17,201,212519,0.7536502618589397
17,203,28554,0.9651887651467395
18,1,23187,0.9460904817354552
18,3,263111,0.7861928995747042
18,5,59940,0.8617117117117117
18,7,6282,0.9423750397962433
18,9,9290,0.9714747039827771
18,11,44874,0.9290234879885902
18,13,11788,0.9666610111978283
18,15,14903,0.9551097094544723
18,17,28027,0.852142576800942
18,19,86401,0.864341847895279
18,21,19840,0.9717237903225806
18,23,23395,0.8729215644368454
18,25,7995,0.9712320200125079
18,27,22509,0.9413123639433115
18,29,36891,0.9706974600851156
18,31,19386,0.9576498504075106
18,33,31085,0.9610101335049059
18,35,88120,0.8905015887426236
18,37,31288,0.9341281002301202
18,39,141674,0.8044595338594237
18,41,17659,0.9648337957981765
18,43,57204,0.9075763932592127
18,45,12429,0.9657253198165581
18,47,16809,0.9761437325242429
18,49,14993,0.9351697458814113
18,51,25118,0.9520264352257345
18,53,51049,0.8783325824208114
18,55,24549,0.9739704264939508
18,57,215277,0.8618988558926406
18,59,53595,0.9403862300587741
18,61,29834,0.9682912113695783
18,63,113845,0.8753480609600773
18,65,37671,0.9432985585729076
18,67,62014,0.8824297739220176
18,69,27485,0.9615062761506277
18,71,32395,0.9157894736842105
18,73,24399,0.9328251157834337
18,75,15179,0.9612622702417815
18,77,24671,0.9454420169429695
18,79,20545,0.9627159892917985
18,81,108470,0.9196367659260625
18,83,28067,0.9420671963515873
18,85,57353,0.9103795790978676
18,87,24757,0.9510845417457688
18,89,357895,0.5859400103382277
18,91,84235,0.8261174096278269
18,93,34475,0.9653952139231327
18,95,98052,0.8731285440378574
18,97,683051,0.6208335834366687
18,99,33857,0.9041852497267922
18,101,7631,0.9762809592451841
18,103,27285,0.8959868059373282
18,105,110353,0.8520022110862414
18,107,28362,0.9407658134123122
18,109,51897,0.9695550802551207
18,111,10667,0.9314708915346396
18,113,34496,0.90416280148423
18,115,4686,0.9733247972684592
18,117,14513,0.9613450010335561
18,119,15829,0.9701813127803399
18,121,12946,0.9477830990267264
18,123,14974,0.9427674636035795
18,125,9595,0.9721730067743617
18,127,125272,0.85981703812504
18,129,19151,0.9704454075505196
18,131,9673,0.9547193218236328
18,133,28555,0.9209945718788304
18,135,18686,0.9617360590816654
18,137,21075,0.966405693950178
18,139,12479,0.9688276304191041
18,141,195201,0.7816865692286412
18,143,17830,0.9673022994952327
18,145,33293,0.9425104376295317
18,147,15610,0.9639974375400384
18,149,17222,0.9534897224480315
18,151,26020,0.9545349730976173
18,153,16247,0.92183172277959
18,155,7656,0.9661703239289446
18,157,136279,0.8027429024281071
18,159,11684,0.9654228004108182
18,161,5446,0.9660301138450239
18,163,136809,0.8704909764708462
18,165,11849,0.9757785467128027
18,167,81483,0.8684510879569972
18,169,24189,0.9551449005746414
18,171,6288,0.9767811704834606
18,173,45384,0.9412568306010929
18,175,20710,0.9733944954128441
18,177,50409,0.9085877521871094
18,179,20572,0.9618899475014583
18,181,18053,0.9257187171107295
18,183,24929,0.9660235067591961
19,1,5561,0.9782413235029671
19,3,2908,0.9738651994497937
19,5,10514,0.9433136770020925
19,7,9539,0.9655100115316071
19,9,4485,0.9817168338907469
19,11,18967,0.9754310117572627
19,13,99828,0.8598689746363746
19,15,20154,0.9611987694750421
19,17,18281,0.9676713527706362
19,19,15009,0.9738823372643081
19,21,14610,0.6869952087611225
19,23,11147,0.9763164977123889
19,25,7588,0.9529520295202952
19,27,15146,0.964413046348871
19,29,10130,0.9685093780848963
19,31,13789,0.9691783305533396
19,33,33135,0.9332126150596046
19,35,8958,0.9554588077695915
19,37,8985,0.9734001112966054
19,39,6793,0.8835566023848079
19,41,12384,0.9559108527131783
19,43,13398,0.9733542319749217
19,45,35716,0.9363310561093068
19,47,12206,0.7470096673766999
19,49,55747,0.8882809837300661
19,51,6051,0.9762022806147744
19,53,5978,0.9396119103379057
19,55,12899,0.979300720986123
19,57,30027,0.9116128817397675
19,59,13539,0.9716374916906714
19,61,71591,0.9353689709600369
19,63,7388,0.915674066053059
19,65,15360,0.9542317708333333
19,67,11959,0.9457312484321432
19,69,7717,0.9033303097058443
19,71,5259,0.9608290549534132
19,73,6776,0.9638429752066116
19,75,9265,0.979168915272531
19,77,8043,0.9656844461022007
19,79,11334,0.9309158284806776
19,81,8236,0.9568965517241379
19,83,13212,0.9443687556766576
19,85,10753,0.9737747605319446
19,87,14993,0.9041552724604816
19,89,6874,0.9761419842886238
19,91,7194,0.957464553794829
19,93,5212,0.9698772064466615
19,95,12203,0.9656641809391133
19,97,14730,0.9697895451459606
19,99,27840,0.950323275862069
19,101,14350,0.809965156794425
19,103,107392,0.8266351311084624
19,105,15607,0.9473953995002242
19,107,7598,0.975388260068439
19,109,11519,0.968573660908065
19,111,26773,0.9236170769058379
19,113,162276,0.9016120683280338
19,115,8286,0.8257301472363022
19,117,6502,0.9755459858505076
19,119,8184,0.9700635386119257
19,121,11340,0.971604938271605
19,123,16376,0.9520029311187103
19,125,24101,0.9590473424339239
19,127,29527,0.797575100755241
19,129,10950,0.9577168949771689
19,131,7995,0.9692307692307692
19,133,6902,0.9674007534048102
19,135,5908,0.9658090724441435
19,137,7719,0.9577665500712528
19,139,31115,0.8234934918849429
19,141,10416,0.9489247311827957
19,143,4589,0.9317934190455437
19,145,12059,0.9312546645658843
19,147,6831,0.9588640023422632
19,149,18080,0.951216814159292
19,151,5283,0.9519212568616316
19,153,338442,0.8267561354678202
19,155,68859,0.9083489449454683
19,157,13972,0.9366590323504151
19,159,3771,0.9692389286661363
19,161,7542,0.9684433837178468
19,163,126722,0.8457489622954183
19,165,9025,0.9543490304709141
19,167,23990,0.9032930387661525
19,169,70858,0.8572355979564763
19,171,12825,0.8705653021442495
19,173,4605,0.9302931596091205
19,175,9220,0.9580260303687635
19,177,5506,0.974573192880494
19,179,26328,0.8800516560316013
19,181,34940,0.9589295935890098
19,183,16195,0.9382525470824329
19,185,4707,0.9732313575525813
19,187,27688,0.9061326206298758
19,189,7962,0.937704094448631
19,191,15606,0.9646289888504421
19,193,72808,0.7988133172178882
19,195,5815,0.9594153052450559
19,197,9541,0.9144743737553716
20,1,9420,0.9280254777070064
20,3,5712,0.9585084033613446
20,5,11768,0.8989632902787219
20,7,3634,0.9411117226197028
20,9,19780,0.8645096056622852
20,11,10516,0.9253518448079118
20,13,7107,0.8637962572112002
20,15,47611,0.909285669278108
20,17,2052,0.9234892787524367
20,19,2645,0.8805293005671078
20,21,15136,0.9035412262156448
20,23,2066,0.9332042594385286
20,25,1517,0.8740936058009229
20,27,6204,0.9522888459058672
20,29,6837,0.9469065379552435
20,31,6324,0.9467109424414927
20,33,1352,0.9430473372781065
20,35,26104,0.8386454183266933
20,37,28981,0.8931368827852731
20,39,2285,0.9619256017505471
20,41,14232,0.931000562113547
20,43,5718,0.9225253585169639
20,45,88700,0.8118940248027058
20,47,2215,0.8243792325056434
20,49,2010,0.9208955223880597
20,51,21567,0.9195066536838689
20,53,5089,0.8650029475338966
20,55,24387,0.496617050067659
20,57,23133,0.48402714736523583
20,59,18582,0.9280486492304381
20,61,25088,0.5978555484693877
20,63,1953,0.9692780337941628
20,65,2017,0.9048091224590976
20,67,5022,0.5820390282755874
20,69,4166,0.8648583773403744
20,71,964,0.8506224066390041
20,73,4816,0.938953488372093
20,75,1692,0.6979905437352246
20,77,4288,0.9242070895522388
20,79,25151,0.8658502644030058
20,81,2757,0.7181719260065288
20,83,1440,0.9194444444444444
20,85,9653,0.8719569045892469
20,87,14067,0.9493850856614772
20,89,2351,0.9663972777541472
20,91,421799,0.8315169073421227
20,93,2674,0.7090501121914734
20,95,5815,0.9487532244196045
20,97,1868,0.9143468950749465
20,99,15475,0.8715347334410339
20,101,1264,0.9208860759493671
20,103,58554,0.7999795060969361
20,105,2326,0.9591573516766982
20,107,7147,0.9443122988666574
20,109,2126,0.9172154280338665
20,111,24541,0.7522513345014465
20,113,21567,0.9346223396856308
20,115,9152,0.9450393356643356
20,117,7429,0.9635213353075784
20,119,3045,0.8423645320197044
20,121,23629,0.9427821744466546
20,123,4647,0.96793630299117706
20,125,24348,0.8332101199277148
20,127,4371,0.9384580187600091
20,129,2151,0.7670850767085077
20,131,7334,0.9615489500954458
20,133,11831,0.9228298537739836
20,135,2281,0.9294169224024551
20,137,4381,0.8991097922848664
20,139,11782,0.9504328636903752
20,141,2854,0.9635599159074982
20,143,4417,0.9556259904912837
20,145,5391,0.8627341866073085
20,147,4054,0.9568327577701036
20,149,15922,0.9145207888456224
20,151,7030,0.9115220483641536
20,153,1973,0.9462747085656361
20,155,47389,0.8718689991348203
20,157,3705,0.9713900134952766
20,159,7194,0.8716986377536836
20,161,56836,0.787370680554578
20,163,3880,0.9564432989690722
20,165,2466,0.9529602595296026
20,167,5349,0.9398018321181529
20,169,40862,0.8435955166169057
20,171,3573,0.8466274839070809
20,173,364631,0.7303739945314578
20,175,15136,0.38226744186046513
20,177,131250,0.78896
20,179,1874,0.9530416221985059
20,181,4416,0.8740942028985508
20,183,2917,0.9667466575248543
20,185,3127,0.8839142948512951
20,187,1443,0.6611226611226612
20,189,3848,0.6769750519750519
20,191,17164,0.9142973665812165
20,193,5713,0.9264834587782251
20,195,2334,0.9652956298200515
20,197,5069,0.9455513908068652
20,199,1107,0.928635953026197
20,201,4218,0.9518729255571361
20,203,1522,0.7417871222076216
20,205,6577,0.9344686027064011
20,207,2401,0.9475218658892128
20,209,113743,0.4747456986363996
21,1,14269,0.9458966991379915
21,3,15265,0.9587291188994431
21,5,16229,0.9515681804177707
21,7,6224,0.9447300771208226
21,9,32392,0.9210607557421585
21,11,8933,0.9631702675472965
21,13,20916,0.9504685408299867
21,15,90098,0.9017847233012941
21,17,15115,0.8738339397949058
21,19,37214,0.9401569301875639
21,21,22735,0.8764899934022432
21,23,6154,0.9720506987325317
21,25,10336,0.978328173374613
21,27,14969,0.9533034938873672
21,29,59049,0.9579840471472845
21,31,9677,0.9562881058179188
21,33,9580,0.9239039665970773
21,35,29351,0.9058975844093898
21,37,69231,0.939001314440063
21,39,3702,0.9521880064829822
21,41,7797,0.9118891881492882
21,43,20359,0.9730340389999509
21,45,11940,0.9592127303182579
21,47,51183,0.6920852626848758
21,49,26911,0.91709709784103155
21,51,16125,0.9221085271317829
21,53,7621,0.9594541398766566
21,55,6920,0.9671965317919076
21,57,5153,0.9510964486706773
21,59,72923,0.9170769167478025
21,61,9374,0.9665030936633241
21,63,6115,0.9399836467702372
21,65,10951,0.981006300794448
21,67,237350,0.754442805982726
21,69,10712,0.9680731889469754
21,71,28548,0.9787725935266919
21,73,38280,0.8489028213166144
21,75,4788,0.743734335839599
21,77,6290,0.9322734499205088
21,79,13091,0.9521044992743106
21,81,17495,0.9585595884538439
21,83,27511,0.9000036349096725
21,85,19423,0.963754311898265
21,87,8487,0.9552256392129138
21,89,27497,0.9672327890315308
21,91,6333,0.967156166114006
21,93,77376,0.7887975599669148
21,95,20880,0.9585727969348659
21,97,13995,0.9499106823865666
21,99,13636,0.9199911997653271
21,101,34626,0.8912955582510252
21,103,11583,0.9306742640075973
21,105,3624,0.8852097130242825
21,107,34822,0.9068979380851186
21,109,10064,0.983704292527822
21,111,574620,0.7248181406842783
21,113,37667,0.915018451164149
21,115,17464,0.9792716445258818
21,117,121421,0.9094143517184012
21,119,11947,0.9783209173851176
21,121,23462,0.9671809734890461
21,123,10736,0.9345193740685543
21,125,44850,0.9660869565217391
21,127,11789,0.9806599372296209
21,129,5227,0.9724507365601683
21,131,8186,0.9841192279501588
21,133,17693,0.9812355168710789
21,135,10294,0.9825140858752671
21,137,18171,0.9522866105332672
21,139,7231,0.9672244502835016
21,141,19832,0.8998083904800322
21,143,6951,0.9109480650266149
21,145,49607,0.8611486282177918
21,147,13557,0.8802832485063067
21,149,7058,0.9737886086710116
21,151,64890,0.9111265218061334
21,153,9612,0.9816895547232626
21,155,14188,0.8879334648999154
21,157,24148,0.9742835845618685
21,159,9552,0.8575167504187605
21,161,12714,0.9106496775208431
21,163,20635,0.9060818996850012
21,165,4907,0.9700427960057061
21,167,16190,0.9282273008029648
21,169,7384,0.9595070422535211
21,171,8025,0.9462928348909657
21,173,20403,0.9393226486301034
21,175,10490,0.9261201143946616
21,177,23892,0.9296417210781852
21,179,32980,0.9205579138872043
21,181,5308,0.9736247174076865
21,183,17798,0.9515114057759299
21,185,46542,0.8871771733058313
21,187,8000,0.956125
21,189,3428,0.9775379229871646
21,191,10897,0.973203634027714
21,193,20978,0.9642482600819906
21,195,47319,0.9755278006720345
21,197,9086,0.9685230024213075
21,199,48194,0.9567788521392705
21,201,1685,0.9750741839762611
21,203,12890,0.9772692009309543
21,205,17594,0.9552120040923042
21,207,13355,0.9567952077873456
21,209,37477,0.8905462016703578
21,211,33589,0.8400666884992111
21,213,13239,0.8626784500339905
21,215,13319,0.9524739094526616
21,217,18742,0.9153772276171166
21,219,8850,0.8766101694915254
21,221,10884,0.8917677324513047
21,223,6562,0.9530630905211825
21,225,11292,0.8527275947573504
21,227,89578,0.8259952220411262
21,229,8931,0.9000111969544284
21,231,15646,0.9461204141633645
21,233,9923,0.9078907588430918
21,235,25976,0.9656606097936556
21,237,5418,0.9835732742709486
21,239,19367,0.8863530748179894
22,1,44459,0.7991632740277559
22,3,19328,0.7095923013245033
22,5,83782,0.7136019670096202
22,7,17198,0.6825212233980695
22,9,30409,0.6770692886974251
22,11,26559,0.8076358296622613
22,13,10395,0.5657527657527658
22,15,90991,0.7032343858183776
22,17,184515,0.4953635205809826
22,19,144745,0.7103734153165913
22,21,7503,0.7935492469678795
22,23,5104,0.919474921630094
22,25,7628,0.6769795490298899
22,27,13004,0.4703168255921255
22,29,14831,0.5908569887398017
22,31,19884,0.5976664654998994
22,33,330022,0.49249140966359817
22,35,5324,0.3119834710743802
22,37,15504,0.5389576883384933
22,39,24180,0.6935483870967742
22,41,14757,0.6897743443789388
22,43,17166,0.752534078993359
22,45,52632,0.6298259613923088
22,47,25321,0.5015204770743652
22,49,12040,0.6857973421926911
22,51,332690,0.5719588806396345
22,53,22606,0.8020437052110059
22,55,176302,0.6918072398498032
22,57,72621,0.7957477864529544
22,59,11136,0.8292025862068966
22,61,34726,0.5522663134250994
22,63,98696,0.8960444192267164
22,65,8500,0.3784705882352941
22,67,19417,0.5308235051758768
22,69,28034,0.569094670756938
22,71,300767,0.34283016421349416
22,73,112523,0.6204864783199879
22,75,16770,0.6775193798449612
22,77,16752,0.6349092645654251
22,79,95930,0.6436881059105598
22,81,6306,0.6087852838566444
22,83,14995,0.6380793597865956
22,85,17816,0.7131791647956892
22,87,32118,0.6727691637088237
22,89,38207,0.6750857172769388
22,91,8053,0.47336396374022105
22,93,16063,0.4997198530785034
22,95,31678,0.4010354189027085
22,97,59254,0.578053802274952
22,99,39344,0.6714111427409516
22,101,38665,0.5888788309840941
22,103,183678,0.8115125382462788
22,105,92838,0.6750037700079708
22,107,3455,0.4639652677279305
22,109,82076,0.7084287733320337
22,111,16953,0.7172181914705362
22,113,42970,0.8123341866418431
22,115,36269,0.7177755107667705
22,117,34223,0.6815007451129358
22,119,30025,0.6454954204829308
22,121,18725,0.589105473965287
22,123,8357,0.8135694627258586
22,125,12627,0.49734695493783165
22,127,11071,0.6635353626591997
23,1,80965,0.9392453529302786
23,3,54228,0.955705539573652
23,5,226127,0.9271692456009234
23,7,23471,0.9647650291849517
23,9,43898,0.9589275137819491
23,11,93470,0.9578367390606611
23,13,31823,0.9625113911322
23,15,27571,0.9695332051793552
23,17,44877,0.9670655346836909
23,19,118983,0.9499424287503256
23,21,13680,0.9657163742690058
23,23,27706,0.9583122789287519
23,25,39962,0.9690706170862319
23,27,30667,0.9637395245703851
23,29,24922,0.9202712462884198
23,31,157357,0.9565510272819131
24,1,57120,0.8778186274509804
24,3,424614,0.7235818884916654
24,5,629301,0.624043184422081
24,9,66823,0.8038998548403993
24,11,24186,0.7932688332092946
24,13,126267,0.9125899878828198
24,15,76270,0.8770027533761636
24,17,113897,0.46620191927794413
24,19,24904,0.6795293928686155
24,21,180744,0.7837327933430709
24,23,23129,0.974447663106922
24,25,187571,0.7969835422320082
24,27,229530,0.5748529603973337
24,29,15658,0.7992719376676459
24,31,774056,0.4815168411587792
24,33,677608,0.15106521764796166
24,35,37127,0.8807336978479274
24,37,80874,0.7705566683977545
24,39,20069,0.5466640091683691
24,41,29911,0.8119086623650162
24,43,113212,0.8310249796841325
24,45,74868,0.676550729283539
24,47,41573,0.8275082385201934
24,510,473610,0.30917210362956865
25,1,176706,0.9278915260375992
25,3,101706,0.9169567183843628
25,5,425347,0.8737830524254314
25,7,13844,0.8972117885004334
25,9,586048,0.7635347275308507
25,11,56623,0.930540593045229
25,13,350792,0.6932455700244019
25,15,123679,0.8636389362785921
25,17,1216366,0.7611401502508292
25,19,8470,0.7887839433293978
25,21,528984,0.7858063759962494
25,23,384068,0.8538826457814762
25,25,612646,0.4990581836819305
25,27,616173,0.8124942183445234
26,1,8838,0.9670739986422268
26,3,7789,0.8460649634099371
26,5,83829,0.912989538226628
26,7,22716,0.9690086282796267
26,9,18401,0.9603282430302701
26,11,12165,0.9585696670776819
26,13,6811,0.7480546175304654
26,15,44567,0.9583997127919761
26,17,81583,0.9242366669526739
26,19,13870,0.951405912040375
26,21,116397,0.7904842908322379
26,23,32381,0.9214354096538093
26,25,99762,0.8178364507527917
26,27,39468,0.8871744197831154
26,29,20469,0.9509013630367873
26,31,20532,0.934979544126242
26,33,29802,0.728139051070398
26,35,23926,0.9603778316475801
26,37,57956,0.916781696459383
26,39,11001,0.963639669120989
26,41,28281,0.9483752342562144
26,43,20090,0.966650074664012
26,45,82603,0.8530925026936068
26,47,25742,0.9289876466475021
26,49,305525,0.7539088454299976
26,51,19932,0.9667870760585993
26,53,12668,0.9032207136090937
26,55,70679,0.9383550984026373
26,57,31720,0.8715952080706179
26,59,34322,0.9633471242934561
26,61,26618,0.9242993463070103
26,63,25017,0.964504137186713
26,65,212091,0.7417900806729187
26,67,47899,0.8876594500929038
26,69,20677,0.9549257629249891
26,71,9297,0.9600946541895236
26,73,52312,0.8754205536014681
26,75,120445,0.870737681099257
26,77,193959,0.8141153542759036
26,79,13273,0.9582611316205831
26,81,461216,0.7887844307222647
26,83,1796,0.9760579064587973
26,85,9290,0.8681377825618946
26,87,67047,0.9336286485599654
26,89,17857,0.9299434395475163
26,91,74411,0.891266076252167
26,93,140615,0.9547416705187924
26,95,5252,0.7821782178217822
26,97,8889,0.774777815277309
26,99,658677,0.8279505736499073
26,101,19633,0.9036316406051037
26,103,52329,0.9325421850216897
26,105,22295,0.9365328549002019
26,107,32324,0.9250402177948274
26,109,18575,0.9497173620457604
26,111,63352,0.9303415835332745
26,113,11180,0.9571556350626118
26,115,112990,0.9320205327905124
26,117,47148,0.9281835920929838
26,119,7737,0.9679462323898151
26,121,128047,0.8004170343701922
26,123,35864,0.9259145661387463
26,125,943400,0.7499756200975196
26,127,19383,0.8707114481762369
26,129,16674,0.9605973371716445
26,131,5141,0.9640147831161253
26,133,17243,0.9627674998550136
26,135,6574,0.9651658046851233
26,137,18541,0.9597109109541018
26,139,199191,0.8706969692405782
26,141,10541,0.9687885399867185
26,143,19888,0.961886564762671
26,145,145582,0.7347680345097608
26,147,121782,0.9311638830040564
26,149,44336,0.8996752075063154
26,151,31471,0.9532267802103523
26,153,6560,0.8875
26,155,51685,0.9531972525877914
26,157,41222,0.9493716947261172
26,159,55397,0.8544144989800891
26,161,271443,0.727710790110631
26,163,1294793,0.5256067958353189
26,165,24609,0.9587955625990491
27,1,12717,0.9539199496736652
27,3,253196,0.8610641558318457
27,5,24432,0.89603798297315
27,7,32361,0.7853898210809307
27,9,29165,0.9359506257500428
27,11,3913,0.9769997444416049
27,13,49141,0.907755234936204
27,15,19130,0.9558808154730789
27,17,26741,0.8994428031861187
27,19,68926,0.9155035835533761
27,21,22070,0.8753964657906661
27,23,9044,0.9160769570986289
27,25,40501,0.945902570306906
27,27,44642,0.9124591192150889
27,29,6430,0.8839813374805598
27,31,4321,0.8842860448970146
27,33,8555,0.9008766803039159
27,35,48306,0.9625098331470211
27,37,302530,0.836128648398506
27,39,14346,0.9482782657186672
27,41,28527,0.9723419917972447
27,43,10694,0.9413689919581073
27,45,15418,0.9747697496432741
27,47,23352,0.8985097636176773
27,49,34993,0.9455319635355642
27,51,4502,0.9651266103953798
27,53,923327,0.7489556787573634
27,55,14340,0.9739191073919108
27,57,15912,0.9499748617395676
27,59,28300,0.9570671378091873
27,61,34861,0.9407934367918304
27,63,7659,0.9490795142969056
27,65,12053,0.9600929229237535
27,67,31436,0.8741570174322433
27,69,3353,0.9713689233522219
27,71,10092,0.9463931827189853
27,73,5335,0.9715089034676664
27,75,8459,0.9672538125073886
27,77,3126,0.9568138195777351
27,79,20326,0.9406671258486667
27,81,4348,0.9747010119595216
27,83,18330,0.8942171303873432
27,85,26673,0.9391894425074044
27,87,3659,0.558895873189396
27,89,7051,0.9530563040703446
27,91,15292,0.9520010462987183
27,93,16895,0.9584492453388577
27,95,19088,0.9199497066219614
27,97,24374,0.9688602609337819
27,99,28699,0.8631659639708701
27,101,6452,0.9519528828270304
27,103,24641,0.9224057465200276
27,105,15419,0.6833776509501265
27,107,4977,0.9194293751255777
27,109,111089,0.8460423624301235
27,111,44126,0.9506186828627113
27,113,10606,0.9316424665283801
27,115,22560,0.9044326241134751
27,117,6787,0.9270664505672609
27,119,23258,0.9048069481468742
27,121,8542,0.9763521423554202
27,123,396979,0.6991125475151079
27,125,2976,0.9512768817204301
27,127,11350,0.906431718061674
27,129,11245,0.9205869275233437
27,131,47799,0.868260842277035
27,133,6977,0.9597248100902966
27,135,11504,0.9394123783031989
27,137,154949,0.9307836772099207
27,139,98122,0.8512871731110251
27,141,64714,0.9331983805668016
27,143,10990,0.9258416742493175
27,145,112769,0.9123961372362972
27,147,26651,0.9075456830888147
27,149,6996,0.9106632361349343
27,151,7118,0.9492835066029783
27,153,17868,0.9410678307588985
27,155,2621,0.9332315909958031
27,157,16110,0.9605214152700187
27,159,10194,0.9593878752207181
27,161,14191,0.903319005003171
27,163,182818,0.8630605301447342
27,165,8038,0.8016919631749191
27,167,4800,0.9560416666666667
27,169,38422,0.9311332049346729
27,171,90834,0.9462756236651474
27,173,7364,0.9300651819663226
28,1,24063,0.3958774882599842
28,3,27697,0.8486117630068238
28,5,9741,0.5976799096601991
28,7,13848,0.5774119006354709
28,9,6162,0.622849724115547
28,11,23845,0.3508492346403858
28,13,10831,0.6905179577139692
28,15,8033,0.6673720901282211
28,17,12561,0.5379348777963537
28,19,6250,0.69056
28,21,6585,0.1489749430523918
28,23,12051,0.6601111940917767
28,25,14868,0.42742803336023677
28,27,16966,0.2556878462807969
28,29,20942,0.48137713685416866
28,31,14285,0.6430521526076304
28,33,123134,0.6939837900173794
28,35,55703,0.6080282929106152
28,37,5710,0.6500875656742557
28,39,16778,0.882703540350459
28,41,10439,0.7142446594501389
28,43,15954,0.5720822364297354
28,45,35292,0.8614700215346254
28,47,147196,0.6812209570912253
28,49,174224,0.28648751033152725
28,51,12731,0.18136831356531302
28,53,6077,0.24781964785255883
28,55,1086,0.356353591160221
28,57,17557,0.9152474796377513
28,59,104318,0.7079890335320845
28,61,12368,0.4864974126778784
28,63,5604,0.15471092077087795
28,65,8949,0.4134540172086267
28,67,48841,0.6849982596588932
28,69,7498,0.37263270205388105
28,71,39189,0.7188241598407716
28,73,43848,0.7680167852581645
28,75,57672,0.563358302122347
28,77,9286,0.6685332758992031
28,79,16088,0.5251118846345102
28,81,61562,0.6976219096195705
28,83,21740,0.26191352345906166
28,85,25373,0.6862412801008947
28,87,43876,0.5510757589570608
28,89,74774,0.5849760611977425
28,91,18920,0.670507399577167
28,93,27064,0.5035840969553651
28,95,26900,0.6875836431226766
28,97,7657,0.5512602847068042
28,99,20422,0.6406326510625796
28,101,15487,0.6475108155226964
28,103,7966,0.28345468240020083
28,105,37039,0.5922406112476039
28,107,24575,0.5155645981688708
28,109,40866,0.8349483678363432
28,111,9122,0.7899583424687568
28,113,28343,0.47457926119323995
28,115,22074,0.7925160822687325
28,117,18851,0.8432443902180256
28,119,5474,0.3072707343807088
28,121,109896,0.7630396010773822
28,123,20165,0.5312174559880982
28,125,3334,0.3038392321535693
28,127,19837,0.6390583253516157
28,129,11871,0.7641310757307724
28,131,13161,0.787022262745992
28,133,19940,0.2732196589769308
28,135,11366,0.37955305296498326
28,137,20324,0.6754575870891557
28,139,16118,0.7969351036108698
28,141,14800,0.9410135135135135
28,143,7026,0.23427270139481923
28,145,20545,0.8055487953273303
28,147,10796,0.5592812152649129
28,149,34693,0.5107946848067334
28,151,34229,0.29071839668117677
28,153,14961,0.6103201657643206
28,155,7303,0.792414076406956
28,157,6977,0.30815536763652
28,159,13626,0.5383091149273448
28,161,9287,0.6065467858296544
28,163,20166,0.3802439750074383
29,1,18680,0.9198072805139186
29,3,12951,0.959771446220369
29,5,4143,0.9727250784455709
29,7,19506,0.8922382856556956
29,9,26937,0.8897798567026766
29,11,8718,0.9373709566414316
29,13,12138,0.9541934420827154
29,15,15085,0.958965860125953
29,17,9211,0.970904353490392
29,19,130499,0.8203434509076698
29,21,66617,0.8645240704324721
29,23,31931,0.9057655569822429
29,25,6647,0.9497517677147586
29,27,33867,0.9090855404966487
29,29,35489,0.9571698272704218
29,31,58605,0.8904359696271649
29,33,6754,0.9604678708913237
29,35,4628,0.9589455488331893
29,37,74164,0.9047111806267192
29,39,10392,0.9556389530408006
29,41,5709,0.9595375722543352
29,43,59831,0.9481706807507814
29,45,5089,0.9750442130084496
29,47,172008,0.8467106181107855
29,49,15290,0.9474166121648137
29,51,57170,0.8458282315899948
29,53,13369,0.8892961328446406
29,55,18224,0.9637291483757682
29,57,5847,0.9483495809817
29,59,12209,0.9562617741010729
29,61,5925,0.9689451476793249
29,63,10318,0.8255475867416165
29,65,11703,0.9559941895240537
29,67,10303,0.9616616519460351
29,69,22237,0.8569051580698835
29,71,76221,0.9610343606092809
29,73,11429,0.969026161518943
29,75,4915,0.970498474059003
29,77,218523,0.9001157772866014
29,79,7457,0.9546734611774171
29,81,6314,0.963097877732024
29,83,16471,0.9482120089854896
29,85,7525,0.9564119601328903
29,87,3491,0.9690633056430822
29,89,7448,0.9135338345864662
29,91,29634,0.9525544982115138
29,93,7742,0.9514337380521829
29,95,507698,0.6675838786049975
29,97,85550,0.8737112799532437
29,99,166017,0.9566610648307101
29,101,39745,0.8714303685998239
29,103,2877,0.9711505039972194
29,105,25968,0.9500154035736291
29,107,24342,0.9361186426752116
29,109,27604,0.9209172583683524
29,111,7484,0.9396044895777659
29,113,39170,0.9440132754659178
29,115,9084,0.9627917217084985
29,117,11533,0.9373103268880604
29,119,16164,0.8281984657263054
29,121,11412,0.9513669821240799
29,123,9340,0.9505353319057815
29,125,6851,0.9640928331630418
29,127,21401,0.9211251810663054
29,129,2727,0.9673634030069673
29,131,18611,0.9598624469399817
29,133,10699,0.7323114309748575
29,135,11620,0.8982788296041309
29,137,6517,0.9449133036673316
29,139,8832,0.9521059782608695
29,141,15334,0.9504369375244555
29,143,13528,0.8278385570668244
29,145,42942,0.892971915607098
29,147,17080,0.9336065573770492
29,149,8223,0.9485589201021525
29,151,10128,0.981042654028436
29,153,7412,0.9616837560712358
29,155,12397,0.7339678954585787
29,157,14166,0.9616687844133842
29,159,30642,0.8831668951112852
29,161,33203,0.8949793693340963
29,163,13919,0.8831812630217688
29,165,71049,0.8439105406128166
29,167,22582,0.9447790275440616
29,169,37054,0.7108814163113294
29,171,3696,0.9715909090909091
29,173,7778,0.9654152738493186
29,175,18961,0.9003744528242181
29,177,17063,0.9495985465627381
29,179,5005,0.954045954045954
29,181,10393,0.9625709612239007
29,183,283057,0.8939718855212908
29,185,7435,0.9511768661735037
29,186,13512,0.9563351095322676
29,187,50910,0.9184639560007857
29,189,755732,0.7016693748577538
29,195,17072,0.8385074976569822
29,197,3167,0.9785285759393748
29,199,3359,0.9803512950282822
29,201,28801,0.8645880351376688
29,203,6258,0.9453499520613614
29,205,4567,0.9710970002189622
29,207,22528,0.9640447443181818
29,209,25035,0.9603355302576393
29,211,4753,0.8203240058910162
29,213,41467,0.9091325632430608
29,215,19606,0.911659696011425
29,217,15125,0.9537190082644628
29,219,24670,0.9337251722740171
29,221,18622,0.9438298786381699
29,223,10357,0.9623443081973544
29,225,26435,0.9499527142046529
29,227,1601,0.9731417863835103
29,229,13238,0.9573198368333585
29,510,244494,0.47817124346609735
30,1,7238,0.924150317767339
30,3,8434,0.35522883566516483
30,5,4402,0.5272603362108133
30,7,4411,0.9483110405803673
30,9,8317,0.9539497414933269
30,11,941,0.9744952178533475
30,13,62026,0.8799858124012511
30,15,4249,0.7994822311132032
30,17,9147,0.941401552421559
30,19,1355,0.9512915129151291
30,21,7215,0.9354123354123354
30,23,7447,0.9233248287901168
30,25,2295,0.9581699346405229
30,27,8874,0.9477124183006536
30,29,72800,0.9405769230769231
30,31,76327,0.9318065691039868
30,33,983,0.9745676500508647
30,35,9032,0.3617139061116032
30,37,647,0.919629057187017
30,39,2634,0.9525436598329536
30,41,11563,0.7626048603303641
30,43,9019,0.9391285064863066
30,45,1534,0.9595827900912647
30,47,21555,0.716910229645094
30,49,50391,0.9288960330217697
30,51,1832,0.9743449781659389
30,53,15238,0.9425121407008794
30,55,1319,0.9673995451099318
30,57,6535,0.9484315225707728
30,59,1464,0.950136612021858
30,61,3422,0.9246054938632379
30,63,88145,0.9137103636054229
30,65,3567,0.9369217830109335
30,67,12644,0.9471686175260994
30,69,369,0.986449864498645
30,71,3113,0.8718278188242853
30,73,4571,0.8507985123605338
30,75,1429,0.9580125962211337
30,77,5665,0.9039717563989409
30,79,929,0.9429494079655544
30,81,32295,0.9444805697476389
30,83,8628,0.9104079740380158
30,85,7459,0.4408097600214506
30,87,6408,0.649812734082397
30,89,9099,0.9107594241125399
30,91,2826,0.9451521585279548
30,93,26583,0.9217921227852387
30,95,7221,0.947514194709874
30,97,2766,0.9562545191612437
30,99,4549,0.9487799516377226
30,101,3987,0.8888888888888888
30,103,562,0.9341637010676157
30,105,5775,0.883982683982684
30,107,1582,0.9525916561314791
30,109,857,0.9544924154025671
30,111,116805,0.8966140148110098
31,1,23072,0.899748613037448
31,3,4783,0.9669663391177086
31,5,318,0.9559748427672956
31,7,613,0.9592169657422512
31,9,375,0.9866666666666667
31,11,3954,0.97749114820435
31,13,8178,0.8604793348006847
31,15,1557,0.9678869621066153
31,17,2254,0.9729370008873115
31,19,35467,0.8948882059379141
31,21,4996,0.9517614091273019
31,23,6011,0.9602395608051905
31,25,18750,0.9554666666666667
31,27,6239,0.9769193781054656
31,29,2907,0.8885448916408669
31,31,4417,0.9194023092596785
31,33,7525,0.9201328903654485
31,35,4633,0.9259658968271098
31,37,7138,0.6162790697674418
31,39,6652,0.9161154539987973
31,41,8063,0.9624209351358055
31,43,14220,0.5871308016877637
31,45,6751,0.8831284254184565
31,47,16636,0.6713753306083193
31,49,1477,0.926201760324983
31,51,4203,0.892933618843683
31,53,27084,0.890488849505243
31,55,393368,0.7521633686522544
31,57,1394,0.9239598278335724
31,59,4417,0.9619651347068146
31,61,2357,0.9669070852778956
31,63,1950,0.9687179487179487
31,65,3662,0.9560349535772802
31,67,16613,0.9626196352254258
31,69,1539,0.940220922677063
31,71,1607,0.9794648413192284
31,73,1487,0.9361129791526563
31,75,494,0.97165991902834
31,77,1805,0.9739612188365651
31,79,43591,0.7465073065541052
31,81,6732,0.9655377302436126
31,83,2636,0.973823975720789
31,85,731,0.9493844049247606
31,87,2204,0.956442831215971
31,89,7600,0.9614473684210526
31,91,563,0.9662522202486679
31,93,4759,0.9651187224206766
31,95,5543,0.9559805159660834
31,97,4056,0.8047337278106509
31,99,4857,0.9462631253860407
31,101,6242,0.9211791092598526
31,103,640,0.9828125
31,105,2815,0.9033747779751332
31,107,6267,0.9025051858943673
31,109,224546,0.8520436792461233
31,111,26258,0.9074186914464163
31,113,564,0.9592198581560284
31,115,456,0.9736842105263158
31,117,350,0.98
31,119,25491,0.8532423208191127
31,121,5803,0.9510597966569017
31,123,3564,0.8574635241301908
31,125,2719,0.9657962486208165
31,127,5202,0.9527104959630911
31,129,3349,0.9629740220961481
31,131,11926,0.9187489518698642
31,133,2026,0.9664363277393879
31,135,2157,0.9652294853963839
31,137,6848,0.9439252336448598
31,139,5265,0.9764482431149097
31,141,23479,0.8484603262489885
31,143,3902,0.9525884161968221
31,145,8097,0.9401012720760775
31,147,6222,0.9382835101253616
31,149,1070,0.9710280373831776
31,151,10098,0.7689641513170925
31,153,122601,0.8419262485624097
31,155,15411,0.9659334241775355
31,157,26439,0.7823669579030977
31,159,12282,0.9640123758345547
31,161,3945,0.864638783269962
31,163,2368,0.9767736486486487
31,165,968,0.9483471074380165
31,167,4257,0.9440920836269674
31,169,3894,0.9666153055983564
31,171,512,0.96875
31,173,4361,0.48085301536344877
31,175,3104,0.9719716494845361
31,177,14790,0.9622718052738337
31,179,6775,0.9188191881918819
31,181,2755,0.941923774954628
31,183,585,0.9846153846153847
31,185,10267,0.9342553813187884
32,1,18041,0.7754559059919073
32,3,1569303,0.49203818510510716
32,5,38364,0.8395631321030133
32,7,36110,0.7061201883134866
32,9,678,0.7404129793510325
32,11,1511,0.8127068166776968
32,13,11937,0.7063751361313563
32,15,4218,0.7316263632053106
32,17,3820,0.8636125654450262
32,19,39856,0.8000301083902047
32,21,3522,0.6771720613287905
32,23,34285,0.8055417821204608
32,27,5307,0.679479932165065
32,29,3422,0.863822326125073
32,31,336958,0.6870203408139887
32,33,7543,0.7372398250033143
32,510,42305,0.727668124335185
33,1,47694,0.9591353210047385
33,3,38640,0.9659420289855073
33,5,58764,0.9541045538084542
33,7,25225,0.9623785926660059
33,9,70166,0.9236667331756121
33,11,309672,0.8818330362448009
33,13,114649,0.9451020069952638
33,15,234185,0.9408928838311591
33,17,96095,0.9262084395650138
33,19,33764,0.9626821466650871
34,1,207168,0.605484437751004
34,3,715246,0.5949044105105097
34,5,343751,0.7053186754365806
34,7,381488,0.6162631589984482
34,9,76048,0.8812986534820113
34,11,115896,0.5215883205632637
34,13,586261,0.33852499142873227
34,15,218612,0.8129196933379687
34,17,524761,0.3129977265841021
34,19,96401,0.8741818030933289
34,21,277788,0.5453259320057022
34,23,632643,0.48088574440877396
34,25,475106,0.7773991488215262
34,27,377005,0.7375817296852827
34,29,438560,0.8666453848960234
34,31,372666,0.4552172723028127
34,33,48666,0.7863189906711051
34,35,249706,0.6057163223951367
34,37,109938,0.8869180811002565
34,39,410608,0.4375730623855356
34,41,82163,0.8534863624745932
35,1,506572,0.44598003837559125
35,3,2949,0.7663614784672771
35,5,45922,0.46010626714864333
35,6,20026,0.23169879157095777
35,7,9810,0.5089704383282365
35,9,35464,0.5441856530566208
35,11,1374,0.604075691411936
35,13,152063,0.33101411914798473
35,15,40885,0.531539684480861
35,17,21957,0.5182857403106071
35,19,3401,0.17847691855336667
35,21,574,0.5644599303135889
35,23,3306,0.4301270417422868
35,25,47603,0.43159044598029533
35,27,15517,0.6869240188180705
35,28,13289,0.7557378282790278
35,29,17494,0.37824396936092375
35,31,50907,0.10208812147641778
35,33,3633,0.2023121387283237
35,35,47672,0.5527143816076523
35,37,6516,0.5507980356046654
35,39,29067,0.15312897787869406
35,41,13525,0.5823290203327172
35,43,102224,0.49652723430896856
35,45,84601,0.4579260292431532
35,47,21534,0.20446735395189003
35,49,117143,0.4852359936146419
35,51,9326,0.7049110015011795
35,53,12533,0.3964733104603846
35,55,26132,0.40153834379305064
35,57,11751,0.5655688877542336
35,59,3338,0.5434391851408029
35,61,55416,0.38088277753717337
36,1,238180,0.7655932488034259
36,3,34973,0.9569382094758814
36,5,1046217,0.11030598814586266
36,7,149790,0.8680419253621737
36,9,58162,0.9282693167360132
36,11,60660,0.9143092647543686
36,13,99363,0.9027404567092379
36,15,66081,0.8833855419863501
36,17,37558,0.9573193460780659
36,19,63330,0.9023843360176852
36,21,49127,0.8957599690597838
36,23,36144,0.9401007082779991
36,25,36104,0.938067804121427
36,27,226847,0.7467764616679965
36,29,707662,0.7920363111202806
36,31,31169,0.9180275273508935
36,33,39216,0.8177274581803345
36,35,41843,0.9414238940802524
36,37,45369,0.9216645727258701
36,39,38212,0.8757720087930493
36,41,3951,0.9597570235383447
36,43,48155,0.9617277541272973
36,45,86262,0.8397324430224201
36,47,1969353,0.3661146579612695
36,49,20137,0.9653870983761236
36,51,49531,0.9172235569643253
36,53,53950,0.9478776645041705
36,55,566458,0.7508764992285395
36,57,37264,0.8596232288535852
36,59,1029078,0.6383898985305293
36,61,1368526,0.4920863761448449
36,63,164343,0.8855320883761402
36,65,176269,0.858057854756083
36,67,350938,0.8097299238042047
36,69,83962,0.9239894237869513
36,71,268745,0.6817243111499749
36,73,32268,0.8814615098549646
36,75,89820,0.9552772211088845
36,77,47137,0.9297791543797865
36,79,75887,0.8209311212724182
36,81,1815114,0.27505214548507695
36,83,122793,0.8692922234980821
36,85,358851,0.6516548651111465
36,87,226890,0.6315527348054123
36,89,82688,0.9236527670278638
36,91,173536,0.9226961552646137
36,93,117065,0.7909110323324648
36,95,24184,0.9454598081376117
36,97,14315,0.9588543485854
36,99,27101,0.8957234050404044
36,101,73928,0.9467049020668759
36,103,1133329,0.7187859835934667
36,105,57258,0.7579901498480561
36,107,37583,0.9604076311098103
36,109,80017,0.7960683354787108
36,111,142113,0.8248295370585379
36,113,51176,0.9542754416132562
36,115,48672,0.9294666337935569
36,117,69453,0.9191827566843764
36,119,728393,0.5684541174887733
36,121,32394,0.8861826264122986
36,123,18482,0.9604480034628287
37,1,117033,0.6884297591277674
37,3,28851,0.8878028491213477
37,5,8683,0.8991132097201429
37,7,20186,0.4652234221737838
37,9,21559,0.9355721508418758
37,11,14422,0.8985577589793371
37,13,36721,0.6949701805506386
37,15,16136,0.3684308378780367
37,17,26182,0.5756244748300359
37,19,100293,0.8433290458955262
37,21,199021,0.8642856783957472
37,23,69220,0.8538428199942213
37,25,140807,0.7225919165950556
37,27,62645,0.9026737967914439
37,29,7677,0.807867656636707
37,31,55076,0.8845232042995134
37,33,18151,0.6232163517161589
37,35,116146,0.8033940040982901
37,37,55523,0.757613961781604
37,39,21859,0.9258886499839883
37,41,11124,0.6307982740021575
37,43,8632,0.9520389249304912
37,45,72824,0.7612188289574865
37,47,42958,0.6210251873923367
37,49,78056,0.6937455160397663
37,51,232195,0.4736320764874351
37,53,19119,0.890580051257911
37,55,28117,0.9019098765871181
37,57,124077,0.8365853461963135
37,59,31842,0.8708937880786383
37,61,43244,0.5627370271020257
37,63,226256,0.46380206491761544
37,65,40448,0.39544600474683544
37,67,270528,0.6214329015850485
37,69,47538,0.6635533678320501
37,71,159690,0.7718078777631662
37,73,8795,0.632291074474133
37,75,6613,0.9042794495690307
37,77,44907,0.60609704500411965
37,79,16246,0.5072017727440601
37,81,382950,0.5574853113983549
37,83,40029,0.4108771140922831
37,85,90046,0.658208027008418
37,87,47813,0.9439482985798842
37,89,88560,0.8725383920505871
37,91,18457,0.361272146069242
37,93,36543,0.4364721013600416
37,95,4477,0.6097833370560644
37,97,125741,0.7923191321844109
37,99,31661,0.8379710053377973
37,101,132670,0.7245194844350644
37,103,7940,0.6389168765743073
37,105,43371,0.6340872933527011
37,107,43651,0.5297244049391766
37,109,61634,0.8726190089885453
37,111,34834,0.902738703565482
37,113,27059,0.9231309361025907
37,115,16385,0.9499542264266096
37,117,18147,0.5405852206976359
37,119,756544,0.5189162824634126
37,121,12162,0.9426903469824042
37,123,20615,0.6889158379820519
37,125,72663,0.8039717600429379
37,127,70425,0.5419382321618743
37,129,171020,0.7983569173196118
37,131,16195,0.40623649274467427
37,133,132562,0.6907635672364629
37,135,104345,0.7220183046624179
37,137,10510,0.7544243577545195
37,139,29855,0.5754145034332607
37,141,43598,0.7699894490572962
37,143,10544,0.7439301972685888
37,145,29924,0.6875083544980618
37,147,128948,0.588942829667773
37,149,16474,0.9008134029379629
37,151,106417,0.8360036460339983
37,153,33783,0.6094485392061095
37,155,95283,0.2953097614474775
37,157,70679,0.7528403061729793
37,159,104365,0.7625928232645044
37,161,51019,0.858444893079049
37,163,46493,0.5623857354870626
37,165,26349,0.47800675547459104
37,167,46108,0.8362540123189034
37,169,36241,0.9206423663806186
37,171,55353,0.8757610246960418
37,173,10879,0.6770842908355548
37,175,26945,0.9220263499721655
37,177,3252,0.5464329643296433
37,179,153734,0.75931804285324
37,181,32816,0.44740370550950753
37,183,742206,0.6371910224385143
37,185,15993,0.4123053836053273
37,187,9522,0.48991808443604284
37,189,41307,0.9324811775243905
37,191,91263,0.5777149556775473
37,193,52747,0.9012834853167004
37,195,60469,0.5200515966859052
37,197,28636,0.881792149741584
37,199,13919,0.9464760399453984
38,1,1868,0.9641327623126338
38,3,8451,0.9352739320790439
38,5,4251,0.5278757939308398
38,7,749,0.910547396528705
38,9,5070,0.9355029585798816
38,11,2407,0.9443290402991276
38,13,1703,0.9483264826776278
38,15,69233,0.9204425635173977
38,17,127407,0.8960182721514517
38,19,2976,0.9663978494623656
38,21,3770,0.9485411140583554
38,23,1886,0.953340402969247
38,25,3476,0.8383199079401611
38,27,1799,0.9299610894941635
38,29,2620,0.9721374045801526
38,31,2570,0.9684824902723735
38,33,1364,0.9538123167155426
38,35,52827,0.8716186798417476
38,37,1876,0.9642857142857143
38,39,1849,0.9772850189291509
38,41,2028,0.9378698224852071
38,43,1856,0.9542025862068966
38,45,3156,0.9790874524714829
38,47,1475,0.976271186440678
38,49,4450,0.9591011235955056
38,51,2194,0.9594348222424794
38,53,8665,0.8146566647432198
38,55,7431,0.9129323105907684
38,57,6659,0.9424838564349002
38,59,22696,0.9282692985548114
38,61,7475,0.6936454849498328
38,63,2368,0.9522804054054054
38,65,1379,0.9514140681653372
38,67,5483,0.9306948750683932
38,69,3275,0.9334351145038168
38,71,8654,0.8825976427085741
38,73,4099,0.9597462795803855
38,75,1923,0.9583983359334374
38,77,12106,0.9349083099289609
38,79,9302,0.24629112018920662
38,81,3009,0.9528082419408441
38,83,1049,0.9609151572926596
38,85,2628,0.1799847792998478
38,87,579,0.9550949913644214
38,89,23426,0.8948177238965253
38,91,1513,0.9662921348314607
38,93,16110,0.9382991930477964
38,95,1728,0.9542824074074074
38,97,5945,0.943313708999159
38,99,8187,0.8922682301209234
38,101,52404,0.8562323486756737
38,103,3305,0.9715582450832073
38,105,25108,0.8491715787796719
39,1,20624,0.9695015515903801
39,3,77045,0.8389512622493348
39,5,39199,0.9673716166228731
39,7,74425,0.9152704064494458
39,9,49036,0.9026225630149278
39,11,33776,0.9693865466603505
39,13,54684,0.93504498573623
39,15,32760,0.9713369963369963
39,17,272616,0.8488386595064119
39,19,21312,0.9704861111111112
39,21,29065,0.9449509719594014
39,23,101625,0.8694120541205412
39,25,149647,0.9495479361430567
39,27,30774,0.9465782803665432
39,29,80881,0.9477998541066505
39,31,27198,0.9678285168027061
39,33,32098,0.967692691133404
39,35,957264,0.6320440338297482
39,37,38333,0.9717214932303759
39,39,28376,0.8920214265576544
39,41,135510,0.8792709025164195
39,43,58199,0.8664581865667795
39,45,111147,0.8928176199087695
39,47,21226,0.9425704324884575
39,49,921485,0.6895033559960282
39,51,31263,0.918273998016825
39,53,22448,0.9428902352102637
39,55,69378,0.9625529706823489
39,57,124189,0.8585704047862532
39,59,29532,0.9583164025463904
39,61,597865,0.6960651652128825
39,63,56375,0.9150864745011087
39,65,22881,0.9610156898736943
39,67,11930,0.9563285834031853
39,69,20640,0.9220445736434109
39,71,31674,0.9637873334596199
39,73,21354,0.971059286316381
39,75,28307,0.9797929840675451
39,77,42732,0.925325283160161
39,79,24063,0.9675850891410048
39,81,52267,0.9212696347599824
39,83,44725,0.9623253214086082
39,85,176710,0.9128515647105427
39,87,46321,0.9559810884911811
39,89,125683,0.928359443997995
39,91,33586,0.9524504257726434
39,93,228285,0.8214643975732089
39,95,321855,0.7351944198474468
39,97,33931,0.8901004980696119
39,99,179277,0.794636233314926
39,101,50211,0.8939077094660532
39,103,131612,0.9515241771267058
39,105,17808,0.9723719676549866
39,107,29569,0.9684128648246474
39,109,78010,0.9404307140110242
39,111,11136,0.9779992816091954
39,113,399819,0.7442992954311826
39,115,11296,0.9349327195467422
39,117,25906,0.9687331120203814
39,119,64265,0.933338520189839
39,121,11441,0.950091775194476
39,123,32280,0.9397769516728625
39,125,14048,0.9403473804100227
39,127,26476,0.9738253512615199
39,129,42948,0.9349911520909007
39,131,20896,0.9603273353751914
39,133,123405,0.9130910416919897
39,135,30877,0.9722770994591443
39,137,24542,0.9423437372667264
39,139,92581,0.8698329030794656
39,141,58872,0.9022285636635412
39,143,44652,0.8791095583624474
39,145,57907,0.9425112680677639
39,147,41289,0.9205115163845092
39,149,35127,0.944942636718194
39,151,283938,0.8914727863125048
39,153,412016,0.807779309541377
39,155,156960,0.8915647298674821
39,157,69675,0.9606745604592752
39,159,39356,0.9154639699156418
39,161,21249,0.9559508682761542
39,163,9799,0.9715277069088682
39,165,161754,0.8870445244012513
39,167,47304,0.9595383054287164
39,169,84048,0.9500880449267085
39,171,27831,0.9418633897452481
39,173,96506,0.9032288147887177
39,175,16585,0.9638227313837805
40,1,15615,0.4677553634325969
40,3,4568,0.8456654991243433
40,5,10367,0.7583678981383235
40,7,3903,0.7855495772482706
40,9,17136,0.7724673202614379
40,11,6958,0.7939062949123311
40,13,33140,0.7609535304767653
40,15,21183,0.6283340414483312
40,17,95046,0.8030427372009343
40,19,35309,0.7516213996431504
40,21,35457,0.5435033984826692
40,23,11061,0.6701925684838622
40,25,1630,0.7920245398773006
40,27,203801,0.7580531989538815
40,29,4182,0.7541846006695361
40,31,90205,0.6048445208137021
40,33,4453,0.7974399281383338
40,35,11232,0.6854522792022792
40,37,52258,0.8069960580198248
40,39,21099,0.7445850514242381
40,41,31889,0.6968233560161812
40,43,3554,0.8629712999437253
40,45,3131,0.9013094857872884
40,47,45659,0.8023609803105631
40,49,20070,0.8028898854010962
40,51,39859,0.8470107127624877
40,53,3323,0.9136322600060186
40,55,4738,0.7703672435626847
40,57,2053,0.6463711641500244
40,59,2668,0.8253373313343328
40,61,9452,0.7579348286077021
40,63,10486,0.6802403204272364
40,65,18409,0.6798848389374762
40,67,4635,0.8157497303128372
40,69,8075,0.7539318885448917
40,71,32709,0.8043351982634749
40,73,10980,0.8131147540983606
40,75,6805,0.7855988243938281
40,77,7846,0.7132296711700229
40,79,36456,0.7673085363177529
40,81,25600,0.854453125
40,83,33426,0.8129001376174235
40,85,7190,0.7695410292072322
40,87,27360,0.8273757309941521
40,89,23751,0.68818155025051575
40,91,15496,0.7272199277232835
40,93,5646,0.8921360255047821
40,95,12025,0.7245738045738046
40,97,29995,0.7057509584930822
40,99,10313,0.7803742848831572
40,101,50790,0.6272297696396929
40,103,8473,0.8505842086628113
40,105,7862,0.7131773085728822
40,107,9045,0.6581536760641238
40,109,558582,0.6259313762348232
40,111,28638,0.6759550247922341
40,113,35968,0.6784919928825622
40,115,22950,0.7110675381263617
40,117,12155,0.7995886466474702
40,119,60093,0.7896760021965953
40,121,33694,0.7386181515996914
40,123,27904,0.7203985091743119
40,125,52374,0.7704204376217207
40,127,8474,0.7651640311541185
40,129,2718,0.8778513612950699
40,131,66419,0.7648263298152637
40,133,18284,0.7013235615838985
40,135,30451,0.6798134708219763
40,137,33042,0.8399007324011863
40,139,14958,0.5140393100681909
40,141,5537,0.6545060502076937
40,143,460973,0.6832222277660513
40,145,55791,0.7641375849151297
40,147,38548,0.7773684756667013
40,149,8462,0.8728432994563933
40,151,7002,0.8607540702656384
40,153,15622,0.8294072461912687
41,1,12600,0.9281746031746032
41,3,67906,0.8371425205431037
41,5,304279,0.8545019537989805
41,7,29596,0.8868766049466144
41,9,37637,0.9104604511517921
41,11,50264,0.8796156294763648
41,13,17026,0.9060848114648186
41,15,18745,0.8913843691651107
41,17,134997,0.9015089224204982
41,19,84701,0.9011699979929398
41,21,1467,0.9202453987730062
41,23,5737,0.9311486839811748
41,25,5575,0.8938116591928251
41,27,16820,0.7035077288941736
41,29,163600,0.852940097799511
41,31,16726,0.6736816931723066
41,33,66542,0.8949385350605632
41,35,50130,0.8282864552164373
41,37,6235,0.8803528468323978
41,39,282343,0.8561607689937416
41,41,38193,0.8667033225983819
41,43,90172,0.8871157343743069
41,45,21885,0.6776330820196481
41,47,238527,0.7266682597777191
41,49,7804,0.66376217324449
41,51,619638,0.7466988790229134
41,53,58244,0.8296476890323466
41,55,1351,0.9163582531458179
41,57,20258,0.8837989929904235
41,59,54919,0.7226642874050875
41,61,19245,0.9105222135619642
41,63,5490,0.948816029143898
41,65,19458,0.8023435090965155
41,67,424241,0.7151807581068308
41,69,1132,0.9107773851590106
41,71,75693,0.8129285402877413
42,1,78255,0.9191489361702128
42,3,964425,0.8179350390128833
42,5,52744,0.9774761110268466
42,7,132257,0.9176905570215566
42,9,37705,0.9753613579100915
42,11,308308,0.7838038584791831
42,13,96579,0.9616997483925077
42,15,46615,0.9681862061568165
42,17,480739,0.8685149322189379
42,19,142651,0.9614583844487595
42,21,106252,0.9452527952415013
42,23,3824,0.9780334728033473
42,25,50163,0.9394174989534119
42,27,124744,0.8667110241775156
42,29,380881,0.8263630897839482
42,31,30297,0.9679506221738126
42,33,64464,0.9255708612558947
42,35,29563,0.9593410682271759
42,37,51214,0.9448783535751942
42,39,65529,0.9597277541241283
42,41,188409,0.8884395119129128
42,43,205731,0.7200421910164244
42,45,420518,0.7141787034086532
42,47,24229,0.9807668496429898
42,49,208423,0.8819132245481545
42,51,105085,0.9328733882095447
42,53,6810,0.7497797356828194
42,55,115287,0.9133119952813413
42,57,11228,0.9715888849305309
42,59,29243,0.9315733679855008
42,61,35725,0.9056682995101469
42,63,66474,0.947257574389987
42,65,34045,0.9789983844911146
42,67,18712,0.9629115006412997
42,69,163390,0.8999387967439868
42,71,393351,0.8552666702258288
42,73,68139,0.9431456287882123
42,75,102371,0.870510203084858
42,77,269246,0.7221685744635018
42,79,247860,0.8757766481078028
42,81,88896,0.9286694564434845
42,83,32662,0.9370216153328026
42,85,87878,0.9223355105942329
42,87,35132,0.9699134692018673
42,89,126275,0.7110196000791923
42,91,621479,0.78892126684892006
42,93,14418,0.9311971147177139
42,95,230147,0.8148357354212742
42,97,73165,0.9406956878288799
42,99,34784,0.968261269549218
42,101,1174824,0.3900711936426222
42,103,43815,0.8306287800981399
42,105,13132,0.9733475479744137
42,107,113728,0.9266759285312324
42,109,29970,0.9608942275608943
42,111,60439,0.9444729396581677
42,113,5375,0.9521860465116279
42,115,32686,0.969375267698709
42,117,32149,0.967961678434788
42,119,34811,0.8317773117692683
42,121,41366,0.970942319779529
42,123,31637,0.9751556721560198
42,125,161771,0.9383016733530731
42,127,41298,0.908010073127028
42,129,283132,0.9540426373564274
42,131,21501,0.9679084693735175
42,133,333216,0.8730223038509556
44,1,37758,0.9404364637957519
44,3,129984,0.9141048129000492
44,5,64782,0.8883794881294187
44,7,479890,0.6815374356623393
44,9,97695,0.928972823583602
45,1,18894,0.6965703397904096
45,3,125757,0.6983865709264693
45,5,7447,0.2548677319726064
45,7,144948,0.7988933962524492
45,9,11153,0.37783555993902984
45,11,15818,0.5422935895814894
45,13,139579,0.7218922617299164
45,15,148333,0.6645048640558743
45,17,11494,0.5547242039324866
45,19,301395,0.669035650890028
45,21,41400,0.7586231884057971
45,23,24209,0.6157214259159817
45,25,34366,0.6354827445731246
45,27,26058,0.5010745260572569
45,29,28355,0.5910068770939869
45,31,50520,0.5782462391132225
45,33,22476,0.5005783947321587
45,35,110262,0.673767934555876
45,37,20872,0.572729014948256
45,39,17625,0.4148085106382979
45,41,102319,0.5531523959381933
45,43,48041,0.6692616723215586
45,45,364376,0.7202614881331372
45,47,51721,0.6356605634075134
45,49,15157,0.42515009566536915
45,51,243727,0.8075387626319611
45,53,21319,0.45977766311740703
45,55,47324,0.7070408249513989
45,57,65565,0.7282391519865782
45,59,50040,0.7064748201438849
45,61,13814,0.3563775879542493
45,63,209758,0.7843562581641701
45,65,8379,0.5248836376655925
45,67,23590,0.42314540059347183
45,69,21331,0.4084665510290188
45,71,28515,0.6344380150797826
45,73,59031,0.8720841591706052
45,75,66343,0.3616809610659753
45,77,91259,0.8740726942000241
45,79,300500,0.4618801996672213
45,81,15235,0.6254676731211027
45,83,219314,0.7160737572612783
45,85,78399,0.48203420962002064
45,87,21199,0.6738997122505779
45,89,24806,0.33149238087559463
45,91,182741,0.739330527905615
46,3,1943,0.9444158517756047
46,5,13003,0.849650080750596
46,7,2165,0.43048498845265587
46,9,5510,0.8680580762250454
46,11,24363,0.9239009974141116
46,13,28524,0.9036600757257046
46,15,3799,0.8920768623321926
46,17,1215,0.17860082304526748
46,19,7565,0.9278255122273629
46,21,1140,0.974561403508772
46,23,6333,0.7178272540660035
46,25,2683,0.9515467759970183
46,27,10271,0.8987440366079252
46,29,20514,0.94335575704397
46,31,2613,0.3784921546115576
46,33,6936,0.9318050749711649
46,35,14706,0.9405684754521964
46,37,4241,0.9007309596793209
46,39,3257,0.9557875345409886
46,41,3493,0.280561122244489
46,43,2223,0.9518668466036887
46,45,2990,0.9672240802675586
46,47,5512,0.872822931785196
46,49,1760,0.98125
46,51,5382,0.9483463396506875
46,53,3134,0.9093809827696235
46,55,1420,0.9408450704225352
46,57,3997,0.9472104078058544
46,59,2573,0.9762922658375437
46,61,2191,0.9744408945686901
46,63,958,0.9478079331941545
46,65,13006,0.8643702906350915
46,67,5395,0.9644114921223355
46,69,1059,0.9055712936732767
46,71,2100,0.5052380952380953
46,73,1491,0.9429912810194501
46,75,722,0.9224376731301939
46,77,3806,0.9598003152916448
46,79,9617,0.9447852760736196
46,81,19372,0.9272145364443527
46,83,36540,0.9487411056376573
46,85,2663,0.647390161472024
46,87,4001,0.9565108722819295
46,89,1828,0.9671772428884027
46,91,3611,0.8499030739407366
46,93,19958,0.8925744062531316
46,95,1383,0.47360809833694867
46,97,1678,0.965435041716329
46,99,134400,0.87609375
46,101,4612,0.8172159583694709
46,102,8406,0.04770402093742565
46,103,80633,0.8474321927746704
46,105,2308,0.9592720970537262
46,107,1796,0.9560133630289532
46,109,7110,0.6679324894514768
46,111,1774,0.9644870349492672
46,115,4822,0.954997926171713
46,117,2200,0.9086363636363637
46,119,1087,0.937442502299908
46,121,5606,0.13414199072422406
46,123,4113,0.8558230002431315
46,125,6158,0.9691458265670673
46,127,10937,0.9426716649903996
46,129,4143,0.8539705527395607
46,135,17330,0.9073283323716099
46,137,1774,0.27959413754227735
47,1,58365,0.9117107855735458
47,3,33748,0.8165224605902572
47,5,12602,0.9383431201396604
47,7,11824,0.8947056833558863
47,9,97848,0.9274282560706402
47,11,77854,0.8864669766485986
47,13,30717,0.9705374873848358
47,15,10658,0.9537436667292175
47,17,21113,0.868517027423862
47,19,44665,0.9594313220642561
47,21,29745,0.9414355353840982
47,23,12819,0.8775255480146658
47,25,24655,0.9623605759480836
47,27,6099,0.9570421380554189
47,29,27211,0.9467862261585388
47,31,40059,0.9135774732269902
47,33,10743,0.781625244345155
47,35,46735,0.9582325879961485
47,37,515736,0.6140622333907271
47,39,9022,0.9295056528485923
47,41,14560,0.9143543956043956
47,43,38331,0.9140643343507866
47,45,27872,0.8311567164179104
47,47,30442,0.7047171670718086
47,49,13647,0.973693852128673
47,51,31456,0.9048512207527976
47,53,36307,0.7931528355413556
47,55,22204,0.8616015132408575
47,57,17633,0.9576362502126694
47,59,53315,0.9472381131013786
47,61,10258,0.964710469877169
47,63,47294,0.8609125893347993
47,65,270502,0.7433734316197292
47,67,5079,0.9749950777712149
47,69,20090,0.5665007466401195
47,71,19889,0.9315199356428177
47,73,43730,0.9604847930482506
47,75,13401,0.470785762256548
47,77,20920,0.8899139579349904
47,79,24840,0.8903381642512077
47,81,18571,0.9065209197135319
47,83,6221,0.9266998874778974
47,85,13839,0.9434207673964882
47,87,9131,0.9637498631037126
47,89,40738,0.939442289754038
47,91,14434,0.9473465428848552
47,93,341248,0.851114145723931
47,95,6271,0.6847392760325307
47,97,20178,0.6256318763009218
47,99,31038,0.9484825053160642
47,101,9031,0.9448566050271288
47,103,25507,0.8872466381777552
47,105,40042,0.9120173817491634
47,107,40089,0.9110728628800918
47,109,19727,0.9119987833933189
47,111,16956,0.9392545411653692
47,113,71983,0.607365627995499
47,115,21819,0.9307484302671983
47,117,23423,0.8755069803184904
47,119,65404,0.8232982692190081
47,121,9157,0.9488915583706454
47,123,34814,0.92787384385592
47,125,136719,0.669043805177042
47,127,4920,0.9408536585365853
47,129,16798,0.9308250982259793
47,131,23306,0.8593495237277954
47,133,16776,0.9676323319027181
47,135,6030,0.9336650082918739
47,137,4081,0.9764763538348444
47,139,13010,0.9603382013835511
47,141,55954,0.9097830360653394
47,143,24170,0.9268928423665701
47,145,41446,0.940669787192974
47,147,50049,0.8662910347859099
47,149,214968,0.7575546127795765
47,151,16069,0.9775343829734271
47,153,11287,0.95339771418446
47,155,73738,0.9269033605468008
47,157,676374,0.4021488111606892
47,159,14362,0.9428352597131319
47,161,10186,0.9264677007657569
47,163,122653,0.9492062974407475
47,165,129645,0.875290215588723
47,167,44653,0.7747295814390971
47,169,6023,0.8656815540428358
47,171,14143,0.9511419076574984
47,173,14416,0.968437846836848
47,175,4468,0.964189794091316
47,177,29988,0.8880885687608376
47,179,97581,0.9085477705700905
47,181,13439,0.8969417367363643
47,183,25803,0.8846645738867573
47,185,20129,0.948531968801232
47,187,147487,0.869500362743835
47,189,95118,0.8788031707983768
48,1,45408,0.6050475687103594
48,3,11973,0.4574459199866366
48,5,63041,0.6583651909075047
48,7,20122,0.7262697544975648
48,9,6640,0.8984939759036145
48,11,1451,0.8931771192281185
48,13,33733,0.38155515370705245
48,15,21771,0.6861880483211612
48,17,4734,0.41212505280946343
48,19,17197,0.8108972495202652
48,21,58059,0.6044368659467094
48,23,2788,0.8475609756097561
48,25,24883,0.35767391391713216
48,27,232883,0.5163880575224469
48,29,1347666,0.3202989464748684
48,31,8730,0.809163802978236
48,33,466,0.8154506437768241
48,35,13622,0.8292468066363236
48,37,69096,0.6710663424800278
48,39,245541,0.5278629638227424
48,41,157344,0.6077893024201749
48,43,7217,0.5631148676735486
48,45,1159,0.7169974115616912
48,47,4995,0.08788788788788789
48,49,28246,0.7651702895985272
48,51,13155,0.696541239072596
48,53,34560,0.7859375
48,55,29378,0.46722036898359315
48,57,15884,0.4849534122387308
48,59,10255,0.8839590443686007
48,61,276823,0.1227282415117241
48,63,9022,0.6272445134116604
48,65,4339,0.8755473611431205
48,67,22799,0.7877099872801439
48,69,5178,0.395519505600618
48,71,27139,0.7045948634805999
48,73,36779,0.6641289866499905
48,75,5431,0.5971276008101639
48,77,7911,0.9203640500568828
48,79,2038,0.4224730127576055
48,81,2526,0.7802850356294537
48,83,6380,0.8045454545454546
48,85,645888,0.6245262336504162
48,87,2108,0.6537001897533207
48,89,15560,0.6309768637532134
48,91,96527,0.7218705647124639
48,93,10112,0.7607792721518988
48,95,3494,0.38952489982827704
48,97,28810,0.811037834085387
48,99,55352,0.6156778436190201
48,101,1062,0.6713747645951036
48,103,3383,0.3795447827372155
48,105,2659,0.3636705528394133
48,107,4241,0.46262673897665646
48,109,1628,0.2328009828009828
48,111,4701,0.5632844075728568
48,113,1806344,0.3556980287254255
48,115,9814,0.4055431016914612
48,117,12431,0.3211326522403668
48,119,3955,0.8434892541087231
48,121,557920,0.6420848867221107
48,123,15726,0.5968459875365637
48,125,1721,0.6519465427077281
48,127,7368,0.13816503800217156
48,129,2580,0.8468992248062015
48,131,8183,0.10521813515825491
48,133,13526,0.8290699393760166
48,135,107275,0.39387555348403636
48,137,1458,0.4773662551440329
48,139,115053,0.6708386569667892
48,141,577614,0.14646978778215208
48,143,29484,0.7922602089268755
48,145,13170,0.5516324981017464
48,147,25953,0.812391631025315
48,149,19363,0.7702318855549244
48,151,2969,0.6897945436173796
48,153,4164,0.45341018251681076
48,155,940,0.7797872340425532
48,157,499750,0.3667593796898449
48,159,7834,0.8280571866224151
48,161,14710,0.7055064581917063
48,163,13604,0.17399294325198472
48,165,12392,0.5776307295029051
48,167,235139,0.6134924448942966
48,169,5037,0.43478260869565216
48,171,20418,0.8070330100891371
48,173,935,0.6449197860962567
48,175,5754,0.6240875912408759
48,177,14599,0.48325227755325706
48,179,16835,0.6836352836352836
48,181,92365,0.8075136685974125
48,183,88739,0.6340616865188925
48,185,20778,0.6288863220714217
48,187,107865,0.5506883604505632
48,189,23740,0.40501263689974726
48,191,2311,0.6317611423626136
48,193,6306,0.8853472882968602
48,195,3819,0.5752814873003405
48,197,2865,0.7242582897033158
48,199,40869,0.8835547725660036
48,201,3199087,0.3474494441695396
48,203,48183,0.6747608077537721
48,205,4737,0.64914502849905
48,207,4500,0.7088888888888889
48,209,140519,0.5969655349098698
48,211,2823,0.7027984413744244
48,213,60287,0.8255013518669033
48,215,534138,0.09048410710340773
48,217,25790,0.7628925940286932
48,219,16299,0.5302165777041536
48,221,42785,0.879256748860582
48,223,26384,0.7787295330503335
48,225,17944,0.6426660722246991
48,227,27952,0.5325915855752719
48,229,2490,0.2253012048192771
48,231,65790,0.7683386532907737
48,233,15520,0.7524484536082474
48,235,1158,0.7184801381692574
48,237,6715,0.8028294862248697
48,239,10672,0.6424287856071964
48,241,26143,0.7729028803121294
48,243,1897,0.6331049024775962
48,245,187325,0.45822501000934207
48,247,3494,0.07384087006296508
48,249,28574,0.20336669699727025
48,251,114072,0.7733273721859878
48,253,16004,0.5912271932016996
48,255,11455,0.4080314273243125
48,257,80129,0.7067229093087397
48,259,29953,0.7699395719961273
48,261,291,0.21993127147766323
48,263,583,0.8113207547169812
48,265,39942,0.7444043863602223
48,267,3480,0.7706896551724138
48,269,209,0.8181818181818182
48,271,2762,0.42505430847212167
48,273,22435,0.23730777802540673
48,275,2722,0.6506245407788391
48,277,36499,0.7857475547275268
48,279,9281,0.4608339618575584
48,281,15295,0.7584177835894083
48,283,5877,0.1412285179513357
48,285,14760,0.7849593495934959
48,287,12641,0.688632228462938
48,289,12915,0.7966705381339527
48,291,57711,0.6935246313527751
48,293,17429,0.6405416260255895
48,295,2510,0.6932270916334662
48,297,9530,0.57848898216159494
48,299,16470,0.8973284760170006
48,301,69,0.6811594202898551
48,303,213548,0.591515724801918
48,305,4032,0.5275297619047619
48,307,6218,0.6955612737214538
48,309,174228,0.6169272447597401
48,311,621,0.6022544283413849
48,313,10669,0.5756865685631268
48,315,8075,0.7311455108359133
48,317,3784,0.5399048625792812
48,319,3147,0.7651731808071179
48,321,26528,0.5027518094089264
48,323,37404,0.03301785905250775
48,325,35537,0.4796972169851141
48,327,1727,0.6334684423856398
48,329,112375,0.5205695216907675
48,331,17837,0.6849245949430958
48,333,3696,0.8257575757575758
48,335,7040,0.48991477272727274
48,337,14456,0.8936773657996679
48,339,381215,0.7196175386592868
48,341,14636,0.3883574747198688
48,343,9426,0.6884150222788034
48,345,891,0.8305274971941639
48,347,46275,0.6572663425175581
48,349,34404,0.6339669805836531
48,351,10676,0.7492506556762832
48,353,10766,0.6187999256919933
48,355,259531,0.34040634837456796
48,357,7083,0.518847945785684
48,359,1435,0.8181184668989547
48,361,61519,0.8374648482582617
48,363,20525,0.7974665042630937
48,365,17413,0.7605237466260839
48,367,92045,0.8694660220544299
48,369,6666,0.40444044404440443
48,371,11807,0.2971965783010079
48,373,36429,0.7346344944961432
48,375,85504,0.5118941803892215
48,377,4894,0.1538618716796077
48,379,8705,0.8868466398621482
48,381,94614,0.7681949817151795
48,383,2504,0.35782747603833864
48,385,2672,0.7301646706586826
48,387,9652,0.7519685039370079
48,389,11039,0.21559923906150918
48,391,5432,0.4539764359351988
48,393,670,0.8641791044776119
48,395,12292,0.6249593231369996
48,397,63561,0.7530403864004657
48,399,7810,0.6640204865556978
48,401,39562,0.674637278196249
48,403,8202,0.880760790051207
48,405,6617,0.7169412120296207
48,407,20640,0.7766472868217055
48,409,47297,0.43736389200160686
48,411,4579,0.6927276697968989
48,413,2219,0.48310049571879227
48,415,12615,0.5867617915180341
48,417,2511,0.8761449621664675
48,419,18066,0.6719251632901583
48,421,2132,0.6078799249530957
48,423,161274,0.652430025918623
48,425,6513,0.8077690772301551
48,427,40658,0.039647793792119634
48,429,7116,0.7674255199550309
48,431,949,0.6290832455216017
48,433,1074,0.8007448789571695
48,435,2850,0.4056140350877193
48,437,5430,0.52872928176795575
48,439,1397593,0.534536878762272
48,441,97502,0.6916473508235729
48,443,663,0.46304675716440424
48,445,8979,0.45149793963693063
48,447,1189,0.8704793944491169
48,449,22218,0.5301107210369971
48,451,85917,0.5855185818871702
48,453,877791,0.5415651333859655
48,455,11284,0.8186813186813187
48,457,16785,0.7930890676198987
48,459,29923,0.828493132373091
48,461,2487,0.46562123039806996
48,463,18834,0.31719231177657425
48,465,33501,0.19127787230231932
48,467,39946,0.8703750062584489
48,469,66126,0.5050812086017603
48,471,56463,0.5904220462958043
48,473,33446,0.48893739161633676
48,475,8084,0.4507669470559129
48,477,25733,0.6984028290521898
48,479,169205,0.04404125173605981
48,481,29692,0.504883470295029
48,483,4049,0.7428994813534205
48,485,96616,0.6980210317131738
48,487,9649,0.6382008498289978
48,489,15668,0.10601225427623182
48,491,360706,0.6482675641658303
48,493,34630,0.603927230724805
48,495,5336,0.41904047976011993
48,497,45757,0.8110890137028214
48,499,33887,0.8614808038480833
48,501,5492,0.3834668608885652
48,503,13499,0.8259130305948589
48,505,9092,0.06907171139463264
48,507,8133,0.06750276650682405
49,1,4154,0.8740972556571979
49,3,33896,0.8868598064668397
49,5,78146,0.8588667366211962
49,7,14458,0.8496334209434223
49,9,839,0.930870083432658
49,11,216114,0.8559510258474694
49,13,13129,0.8711249904790921
49,15,6990,0.9320457796852647
49,17,3671,0.9016616725687824
49,19,7173,0.8596124355220968
49,21,32456,0.8779578506285433
49,23,6607,0.9356742848494022
49,25,5355,0.9208216619981325
49,27,8329,0.8625285148277104
49,29,6814,0.9605224537716466
49,31,1082,0.9214417744916821
49,33,1566,0.933588761174968
49,35,767828,0.7559336205504358
49,37,10119,0.47959284514280065
49,39,19556,0.8748721619963182
49,41,14116,0.9370926608104279
49,43,28381,0.8729784010429513
49,45,39812,0.8523811916005225
49,47,24106,0.8342321413755911
49,49,353344,0.8449386433617099
49,51,18945,0.8630773291105832
49,53,108552,0.8757738226840592
49,55,1914,0.9315569487983281
49,57,167135,0.7985580518742335
50,1,28607,0.9422518963889956
50,3,28305,0.9566154389683802
50,5,23578,0.9586903045211638
50,7,123668,0.9103486754859786
50,9,4954,0.965482438433589
50,11,36597,0.9515534060168866
50,13,5490,0.9378870673952641
50,15,19178,0.9567212430910418
50,17,22591,0.9648089947324155
50,19,21136,0.9613455715367146
50,21,47087,0.9638116677639263
50,23,45493,0.9534433868946871
50,25,34289,0.9475925223832716
50,27,44386,0.9558869913936827
51,1,25563,0.6509799319328717
51,3,78527,0.7993046977472716
51,5,12382,0.9328864480697787
51,7,9944,0.7347144006436042
51,9,24749,0.7684350882863954
51,11,11754,0.7827973455844819
51,13,185958,0.6455651276094602
51,15,58191,0.9227028234606726
51,17,3684,0.9226384364820847
51,19,60113,0.8927353484271289
51,21,5391,0.943980708588388
51,23,26036,0.9377016438777078
51,25,13499,0.42603155789317726
51,27,18303,0.9562913183631099
51,29,13546,0.6128746493429795
51,31,42958,0.8163089529307695
51,33,22318,0.6479971323595304
51,35,23488,0.9634281335149864
51,36,5817,0.4184287433384906
51,37,9318,0.6837304142519854
51,41,244572,0.6595726411854178
51,43,11000,0.887090909090909
51,45,4119,0.9820344743869871
51,47,35950,0.74336578581363
51,49,7514,0.6471919084375832
51,51,11726,0.9808971516288589
51,53,21415,0.639551716086855
51,57,8709,0.580778504994833
51,59,843524,0.540527596132416
51,61,50841,0.828583230070219
51,63,12156,0.9449654491609082
51,65,20197,0.7978907758578007
51,67,43862,0.8895399206602526
51,69,61972,0.8711030788097851
51,71,12953,0.9567667721763298
51,73,28797,0.8591867208389763
51,75,17687,0.776502515972183
51,77,12930,0.9064965197215777
51,79,14200,0.8637323943661972
51,81,9741,0.38661328405707834
51,83,27093,0.6120031004318459
51,85,77247,0.853016945641902
51,87,242791,0.5726283099455911
51,89,40557,0.727815173706142
51,91,1887,0.9735029146793853
51,93,27906,0.7238586683867269
51,95,56803,0.7874936182948084
51,97,5715,0.6719160104986877
51,99,18352,0.7534873583260681
51,101,12116,0.771541762958072
51,103,9192,0.7232375979112271
51,105,19602,0.9179165391286603
51,107,258102,0.5974963386568101
51,109,26800,0.7916791044776119
51,111,9793,0.6104360257326662
51,113,10152,0.8657407407407407
51,115,7246,0.8659950317416506
51,117,24578,0.622548620717715
51,119,8806,0.7901430842607313
51,121,73980,0.8557988645579886
51,125,11759,0.8324687473424611
51,127,15758,0.8021322502855692
51,131,9490,0.5794520547945206
51,133,10144,0.7322555205047319
51,135,12264,0.5549575994781474
51,137,26993,0.805208757826103
51,139,18481,0.9528164060386343
51,141,14470,0.9108500345542502
51,143,48593,0.7506636758380837
51,145,21922,0.8540735334367302
51,147,17098,0.6332319569540297
51,149,28914,0.5687902054368126
51,153,315250,0.47714195083267247
51,155,27438,0.91989212041694
51,157,5937,0.8996125989557016
51,159,7237,0.6166919994472848
51,161,72782,0.8815503833365392
51,163,18078,0.9423055647748645
51,165,58936,0.9166044522872269
51,167,21834,0.9711917193368141
51,169,17570,0.973363688104724
51,171,33140,0.9063669281834641
51,173,24574,0.947546187026939
51,175,14329,0.6121152906692721
51,177,94303,0.721938856664157
51,179,100400,0.664402390438247
51,181,5345,0.5337698783910196
51,183,9616,0.3889351081530782
51,185,33632,0.9416032350142721
51,187,29304,0.8901515151515151
51,191,42918,0.962673004333846
51,193,14013,0.6648112466994933
51,195,30750,0.9145691056910569
51,197,22769,0.9479116342395362
51,199,49626,0.7385241607222021
51,510,124159,0.5483774837104036
51,520,13413,0.9112801013941698
51,530,4868,0.8935907970419064
51,540,37784,0.6940239254710989
51,550,172810,0.6047508824720792
51,570,13307,0.7816938453445555
51,580,4356,0.8184113865932048
51,590,31872,0.4842808734939759
51,595,4006,0.3230154767848228
51,600,18165,0.6078722818607212
51,610,9946,0.73325960184999
51,620,6179,0.42013270755785725
51,630,20612,0.6399184940811178
51,640,5113,0.8245648347349892
51,650,102863,0.4278895229577205
51,660,38061,0.7073644938388377
51,670,16222,0.5405621994821846
51,678,5133,0.8162867718683031
51,680,58444,0.6569536650468825
51,683,29545,0.4808258588593671
51,685,11321,0.3981097076230015
51,690,10220,0.5116438356164383
51,700,133698,0.47973791679755867
51,710,188141,0.47430916174571197
51,720,2993,0.8783828934179753
51,730,24736,0.1642545278137128
51,735,9137,0.9276567801247674
51,740,71609,0.41989135443868786
51,750,12715,0.8396382225717657
51,760,171843,0.44065804251555196
51,770,75947,0.6438832343608042
51,775,19298,0.8704010778318997
51,790,19235,0.8383155705744736
51,800,64326,0.5246090227901626
51,810,340133,0.6498781359056605
51,820,16049,0.8065923110474172
51,830,11209,0.708359354090463
51,840,20393,0.722208600990536
53,1,11861,0.4373998819661074
53,3,17124,0.9299229152067274
53,5,134883,0.7681101398990235
53,7,55758,0.7510850460920406
53,9,59303,0.8640709576244034
53,11,334410,0.8280523907777877
53,13,3132,0.8994252873563219
53,15,77659,0.8777089583950347
53,17,28973,0.7223621992889931
53,19,6027,0.7816492450638792
53,21,57000,0.48385964912280705
53,23,1730,0.9341040462427745
53,25,62621,0.6269462320946647
53,27,54821,0.8369238065704748
53,29,64176,0.8296871104462727
53,31,26035,0.902285385058575
53,33,1632967,0.6522520050925708
53,35,200326,0.7996565598075137
53,37,33373,0.8647709226021035
53,39,16366,0.8557986068678969
53,41,57656,0.876873178853892
53,43,7875,0.9296507936507936
53,45,48108,0.8497547185499293
53,47,31054,0.7250273716751465
53,49,17002,0.8626043994824139
53,51,10214,0.9084589778735069
53,53,623175,0.7184546876880491
53,55,13750,0.912290909090909
53,57,92062,0.8043818296365493
53,59,8820,0.9014739229024943
53,61,578620,0.7483771732743424
53,63,367765,0.8757875273612226
53,65,33145,0.8918388897269574
53,67,204776,0.7905467437590342
53,69,3265,0.9249617151607963
53,71,44955,0.7704815927038149
53,73,162494,0.8243996701416668
53,75,35862,0.8054765489933634
53,77,167901,0.5249819834307121
54,1,12678,0.964663196087711
54,3,82812,0.8707312949814037
54,5,17695,0.9811811246114722
54,7,11288,0.9737774627923459
54,9,18534,0.9660623718571274
54,11,74049,0.9138543396939864
54,13,5881,0.9760244856316953
54,15,6714,0.9818290140005957
54,17,6574,0.9642531183449954
54,19,34539,0.9290077882972871
54,21,6984,0.7709049255441008
54,23,9237,0.9710945112049366
54,25,27880,0.94006456241033
54,27,18232,0.9641838525669153
54,29,23486,0.9501830877969855
54,31,10795,0.916350162112089
54,33,52500,0.9517714285714286
54,35,22312,0.9778594478307637
54,37,41890,0.8541417999522559
54,39,145907,0.8949673422111345
54,41,12725,0.9690373280943025
54,43,16204,0.9833374475438164
54,45,26873,0.9634577456927027
54,47,15377,0.8934772712492683
54,49,43736,0.9402323029083592
54,51,25028,0.9719514144158542
54,53,20817,0.9735792861603497
54,55,47048,0.9181899336847474
54,57,21030,0.9542082738944365
54,59,19172,0.9630711454204047
54,61,81453,0.8940124980049845
54,63,10498,0.9710421032577634
54,65,13883,0.9620399049196859
54,67,19840,0.976008064516129
54,69,33259,0.9375206710965452
54,71,5818,0.9592643520110004
54,73,6016,0.964095744680851
54,75,6943,0.9606798214028518
54,77,26760,0.9647608370702541
54,79,42700,0.9634894613583138
54,81,59544,0.8788291011688835
54,83,22908,0.964684826261568
54,85,7780,0.979948586118252
54,87,11031,0.9762487535128275
54,89,10735,0.911877037727061
54,91,13205,0.9674365770541462
54,93,5613,0.9818278995189738
54,95,7033,0.9829375799800938
54,97,18845,0.9693287344123109
54,99,31346,0.9780514260192688
54,101,6824,0.9810961313012896
54,103,12290,0.9787632221318144
54,105,4518,0.9785303231518371
54,107,66189,0.9624257807188505
54,109,17009,0.9770121700276324
55,1,16863,0.9103955405325268
55,3,11830,0.8530008453085376
55,5,34813,0.9530347858558584
55,7,12027,0.8811840026606801
55,9,189245,0.8595735686543898
55,11,10159,0.9714538832562261
55,13,12151,0.9251913422763559
55,15,36157,0.9341759548635119
55,17,48009,0.9463017350913371
55,19,23474,0.9510948283206953
55,21,43036,0.9438609536202249
55,23,12648,0.9565148640101202
55,25,396865,0.8367984075189296
55,27,68413,0.9170917808018944
55,29,22550,0.9594678492239468
55,31,33622,0.9353994408423056
55,33,33061,0.9434983817791356
55,35,76811,0.9267683014151619
55,37,3726,0.9664519592055824
55,39,77085,0.9288966725043782
55,41,6992,0.8445366132723112
55,43,38340,0.9599634846113719
55,45,27962,0.9603032687218368
55,47,14195,0.9448397323001057
55,49,17812,0.9694026498989445
55,51,4793,0.9716252868766951
55,53,15573,0.8865986001412701
55,55,62889,0.9242156815977357
55,57,20445,0.9243335778919051
55,59,123142,0.8088223351902681
55,61,15471,0.9636739706547734
55,63,88988,0.9232480783925923
55,65,12278,0.9567519139925069
55,67,15069,0.9610458557303072
55,69,22141,0.9715008355539497
55,71,61387,0.9369410461498363
55,73,101372,0.9197115574320325
55,75,32224,0.9654915590863953
55,77,11815,0.954803216250529
55,78,2897,0.15913013462202277
55,79,698047,0.5866539072583937
55,81,33059,0.9346320215372516
55,83,29028,0.9641036240870883
55,85,28848,0.9630476982806434
55,87,134989,0.905429331278845
55,89,66169,0.934198793997189
55,91,5568,0.9755747126436781
55,93,30237,0.9589906406058802
55,95,33136,0.9654756156446161
55,97,53259,0.9360859197506525
55,99,10984,0.9631281864530226
55,101,144338,0.7753675400795356
55,103,13204,0.966525295365041
55,105,119216,0.8723074084015568
55,107,10898,0.966415856120389
55,109,63039,0.955773410111201
55,111,47771,0.9371375939377447
55,113,12825,0.8196491228070175
55,115,31507,0.8968800583997207
55,117,86820,0.8873531444367657
55,119,15227,0.974321928153937
55,121,21697,0.9400377932433055
55,123,21959,0.9741791520561046
55,125,17406,0.8922785246466736
55,127,77014,0.8872802347625107
55,129,12285,0.9552299552299552
55,131,100537,0.9503267453773238
55,133,299349,0.9124867629422514
55,135,40025,0.9609743910056214
55,137,19113,0.9189556846125674
55,139,128922,0.9148244675074851
55,141,55939,0.9467813153613758
56,1,29365,0.8439639026051422
56,3,8648,0.8935013876040703
56,5,34378,0.8940892431206003
56,7,11583,0.8013468013468014
56,9,10315,0.9028599127484246
56,11,5459,0.9441289613482323
56,13,29116,0.7606470669047947
56,15,10333,0.883189780315494
56,17,3669,0.9245025892613791
56,19,6523,0.9284071746129082
56,21,72180,0.8114159046827376
56,23,13250,0.933811320754717
56,25,60566,0.8875936994353267
56,27,1987,0.9325616507297433
56,29,22541,0.9134909720065658
56,31,6855,0.9041575492341357
56,33,22848,0.9255514705882353
56,35,7354,0.9005983138428066
56,37,31564,0.8224876441515651
56,39,18462,0.8479579677174738
56,41,14204,0.8911574204449451
56,43,6180,0.8540453074433657
56,45,5530,0.9311030741410489
