FIPS,uninsured_rate_2013,uninsured_rate_2016,change
01001,0.17,0.08,-0.09
01003,0.17,0.08,-0.09
01005,0.24,0.15,-0.09
01007,0.2,0.1,-0.1
01009,0.19,0.1,-0.09
01011,0.28,0.17,-0.11
01013,0.24,0.14,-0.1
01015,0.21,0.11,-0.1
01017,0.25,0.13,-0.12
01019,0.22,0.1,-0.12
01021,0.22,0.13,-0.09
01023,0.26,0.15,-0.11
01025,0.24,0.13,-0.11
01027,0.22,0.13,-0.09
01029,0.22,0.12,-0.1
01031,0.2,0.15,-0.05
01033,0.2,0.1,-0.1
01035,0.29,0.15,-0.14
01037,0.22,0.11,-0.11
01039,0.22,0.13,-0.09
01041,0.23,0.17,-0.06
01043,0.19,0.13,-0.07
01045,0.21,0.12,-0.1
01047,0.28,0.17,-0.11
01049,0.23,0.13,-0.1
01051,0.17,0.09,-0.08
01053,0.25,0.17,-0.08
01055,0.21,0.12,-0.09
01057,0.21,0.12,-0.09
01059,0.22,0.13,-0.09
01061,0.22,0.15,-0.07
01063,0.28,0.13,-0.15
01065,0.26,0.14,-0.12
01067,0.21,0.11,-0.1
01069,0.19,0.17,-0.02
01071,0.21,0.11,-0.1
01073,0.19,0.11,-0.08
01075,0.21,0.12,-0.1
01077,0.19,0.09,-0.1
01079,0.21,0.15,-0.06
01081,0.2,0.08,-0.13
01083,0.16,0.08,-0.08
01085,0.29,0.14,-0.15
01087,0.3,0.15,-0.15
01089,0.17,0.08,-0.09
01091,0.24,0.12,-0.12
01093,0.21,0.12,-0.09
01095,0.21,0.15,-0.06
01097,0.22,0.12,-0.1
01099,0.25,0.15,-0.1
01101,0.21,0.11,-0.1
01103,0.19,0.1,-0.09
01105,0.31,0.15,-0.16
01107,0.24,0.16,-0.08
01109,0.26,0.2,-0.06
01111,0.23,0.13,-0.1
01113,0.25,0.18,-0.07
01115,0.17,0.08,-0.09
01117,0.11,0.04,-0.07
01119,0.3,0.16,-0.14
01121,0.23,0.11,-0.12
01123,0.22,0.13,-0.09
01125,0.19,0.1,-0.09
01127,0.21,0.11,-0.1
01129,0.24,0.15,-0.09
01131,0.31,0.17,-0.14
01133,0.22,0.12,-0.1
02013,0.27,0.33,0.06
02016,0.24,0.22,-0.02
02020,0.14,0.07,-0.07
02050,0.2,0.3,0.1
02060,0.22,0.15,-0.07
02068,0.14,0.1,-0.04
02070,0.2,0.24,0.04
02090,0.16,0.07,-0.09
02100,0.2,0.13,-0.07
02105,0.27,0.18,-0.09
02110,0.13,0.06,-0.07
02122,0.2,0.11,-0.09
02130,0.16,0.13,-0.04
02150,0.22,0.13,-0.09
02164,0.23,0.33,0.1
02170,0.17,0.1,-0.08
02180,0.19,0.29,0.1
02185,0.18,0.25,0.07
02188,0.17,0.34,0.17
02195,0.22,0.13,-0.09
02198,0.23,0.21,-0.02
02220,0.16,0.12,-0.04
02230,0.24,0.13,-0.11
02240,0.18,0.14,-0.04
02261,0.17,0.12,-0.05
02270,0.19,0.4,0.21
02275,0.19,0.15,-0.04
02282,0.2,0.15,-0.05
02290,0.21,0.31,0.1
04001,0.26,0.34,0.08
04003,0.18,0.12,-0.06
04005,0.17,0.19,0.02
04007,0.18,0.16,-0.02
04009,0.2,0.16,-0.04
04011,0.21,0.1,-0.11
04012,0.21,0.24,0.03
04013,0.15,0.1,-0.05
04015,0.2,0.15,-0.05
04017,0.21,0.25,0.04
04019,0.17,0.11,-0.06
04021,0.18,0.1,-0.08
04023,0.26,0.21,-0.05
04025,0.17,0.12,-0.05
04027,0.22,0.19,-0.03
05001,0.22,0.1,-0.12
05003,0.23,0.11,-0.12
05005,0.22,0.1,-0.12
05007,0.16,0.07,-0.09
05009,0.2,0.12,-0.08
05011,0.27,0.13,-0.15
05013,0.2,0.09,-0.11
05015,0.24,0.11,-0.13
05017,0.29,0.13,-0.17
05019,0.25,0.09,-0.16
05021,0.25,0.09,-0.16
05023,0.23,0.09,-0.14
05025,0.21,0.08,-0.14
05027,0.23,0.1,-0.13
05029,0.22,0.08,-0.14
05031,0.22,0.09,-0.13
05033,0.21,0.09,-0.12
05035,0.24,0.11,-0.13
05037,0.24,0.09,-0.15
05039,0.25,0.11,-0.14
05041,0.28,0.13,-0.15
05043,0.25,0.09,-0.16
05045,0.18,0.07,-0.11
05047,0.23,0.08,-0.15
05049,0.25,0.1,-0.15
05051,0.23,0.1,-0.13
05053,0.18,0.06,-0.12
05055,0.21,0.1,-0.11
05057,0.26,0.13,-0.13
05059,0.24,0.08,-0.16
05061,0.25,0.12,-0.13
05063,0.22,0.09,-0.13
05065,0.23,0.08,-0.15
05067,0.26,0.12,-0.15
05069,0.24,0.11,-0.13
05071,0.22,0.1,-0.12
05073,0.27,0.11,-0.16
05075,0.23,0.11,-0.12
05077,0.31,0.14,-0.17
05079,0.22,0.11,-0.11
05081,0.21,0.08,-0.13
05083,0.24,0.13,-0.11
05085,0.16,0.07,-0.09
05087,0.22,0.1,-0.12
05089,0.23,0.1,-0.13
05091,0.23,0.12,-0.11
05093,0.25,0.12,-0.13
05095,0.26,0.13,-0.13
05097,0.22,0.1,-0.12
05099,0.27,0.1,-0.17
05101,0.2,0.09,-0.11
05103,0.25,0.13,-0.12
05105,0.19,0.09,-0.11
05107,0.3,0.14,-0.16
05109,0.24,0.13,-0.12
05111,0.27,0.12,-0.16
05113,0.25,0.12,-0.13
05115,0.21,0.08,-0.13
05117,0.21,0.08,-0.13
05119,0.19,0.07,-0.12
05121,0.24,0.09,-0.15
05123,0.26,0.13,-0.13
05125,0.15,0.05,-0.1
05127,0.26,0.11,-0.15
05129,0.22,0.11,-0.11
05131,0.21,0.09,-0.12
05133,0.26,0.17,-0.09
05135,0.24,0.1,-0.14
05137,0.23,0.09,-0.14
05139,0.22,0.1,-0.12
05141,0.24,0.11,-0.13
05143,0.2,0.09,-0.11
05145,0.21,0.11,-0.1
05147,0.26,0.11,-0.15
05149,0.24,0.1,-0.15
06001,0.14,0.05,-0.09
06003,0.16,0.09,-0.07
06005,0.15,0.05,-0.1
06007,0.21,0.07,-0.14
06009,0.15,0.04,-0.11
06011,0.22,0.11,-0.11
06013,0.12,0.04,-0.08
06015,0.21,0.1,-0.11
06017,0.12,0.04,-0.08
06019,0.23,0.09,-0.14
06021,0.22,0.1,-0.12
06023,0.22,0.07,-0.15
06025,0.28,0.12,-0.16
06027,0.18,0.1,-0.08
06029,0.22,0.09,-0.13
06031,0.23,0.08,-0.15
06033,0.22,0.09,-0.14
06035,0.15,0.06,-0.09
06037,0.21,0.07,-0.14
06039,0.22,0.1,-0.12
06041,0.09,0.03,-0.06
06043,0.18,0.05,-0.13
06045,0.21,0.09,-0.12
06047,0.24,0.08,-0.16
06049,0.19,0.09,-0.1
06051,0.15,0.07,-0.08
06053,0.21,0.09,-0.12
06055,0.14,0.05,-0.09
06057,0.15,0.04,-0.11
06059,0.15,0.05,-0.1
06061,0.1,0.03,-0.07
06063,0.18,0.06,-0.12
06065,0.2,0.07,-0.13
06067,0.17,0.06,-0.12
06069,0.19,0.06,-0.13
06071,0.22,0.07,-0.15
06073,0.17,0.05,-0.12
06075,0.12,0.05,-0.07
06077,0.2,0.07,-0.13
06079,0.15,0.05,-0.1
06081,0.11,0.04,-0.07
06083,0.18,0.08,-0.1
06085,0.12,0.04,-0.08
06087,0.15,0.05,-0.1
06089,0.19,0.07,-0.12
06091,0.17,0.06,-0.11
06093,0.2,0.08,-0.12
06095,0.14,0.04,-0.1
06097,0.14,0.05,-0.09
06099,0.21,0.07,-0.14
06101,0.2,0.08,-0.12
06103,0.22,0.08,-0.14
06105,0.21,0.06,-0.15
06107,0.24,0.1,-0.14
06109,0.18,0.06,-0.12
06111,0.15,0.05,-0.1
06113,0.16,0.05,-0.11
06115,0.22,0.07,-0.15
08001,0.19,0.09,-0.1
08003,0.26,0.1,-0.16
08005,0.15,0.06,-0.09
08007,0.19,0.08,-0.11
08009,0.21,0.09,-0.12
08011,0.25,0.1,-0.15
08013,0.14,0.04,-0.1
08014,0.1,0.03,-0.07
08015,0.18,0.07,-0.11
08017,0.15,0.08,-0.07
08019,0.11,0.04,-0.07
08021,0.26,0.08,-0.18
08023,0.25,0.11,-0.14
08025,0.23,0.1,-0.14
08027,0.16,0.08,-0.08
08029,0.22,0.09,-0.13
08031,0.19,0.08,-0.11
08033,0.21,0.09,-0.12
08035,0.07,0.02,-0.05
08037,0.16,0.06,-0.1
08039,0.1,0.04,-0.06
08041,0.15,0.06,-0.09
08043,0.19,0.08,-0.11
08045,0.19,0.1,-0.09
08047,0.13,0.04,-0.09
08049,0.15,0.05,-0.1
08051,0.2,0.08,-0.12
08053,0.1,0.06,-0.05
08055,0.23,0.1,-0.13
08057,0.17,0.08,-0.09
08059,0.13,0.04,-0.09
08061,0.15,0.1,-0.05
08063,0.19,0.11,-0.08
08065,0.23,0.11,-0.12
08067,0.19,0.07,-0.12
08069,0.15,0.05,-0.1
08071,0.25,0.1,-0.15
08073,0.19,0.08,-0.11
08075,0.2,0.09,-0.11
08077,0.18,0.07,-0.11
08079,0.14,0.07,-0.07
08081,0.18,0.08,-0.1
08083,0.23,0.12,-0.11
08085,0.2,0.09,-0.11
08087,0.22,0.11,-0.11
08089,0.27,0.1,-0.17
08091,0.15,0.06,-0.1
08093,0.14,0.05,-0.09
08095,0.19,0.09,-0.1
08097,0.15,0.05,-0.1
08099,0.23,0.11,-0.12
08101,0.21,0.08,-0.13
08103,0.17,0.08,-0.09
08105,0.25,0.11,-0.14
08107,0.15,0.04,-0.11
08109,0.26,0.13,-0.13
08111,0.23,0.08,-0.15
08113,0.19,0.09,-0.1
08115,0.19,0.1,-0.09
08117,0.17,0.05,-0.12
08119,0.13,0.04,-0.09
08121,0.19,0.07,-0.12
08123,0.16,0.08,-0.08
08125,0.2,0.12,-0.08
09001,0.1,0.04,-0.06
09003,0.11,0.05,-0.06
09005,0.08,0.03,-0.05
09007,0.07,0.03,-0.04
09009,0.11,0.05,-0.06
09011,0.1,0.05,-0.06
09013,0.07,0.03,-0.04
09015,0.12,0.05,-0.07
10001,0.14,0.07,-0.08
10003,0.12,0.05,-0.07
10005,0.16,0.07,-0.09
11001,0.08,0.06,-0.02
12001,0.2,0.11,-0.09
12003,0.2,0.1,-0.1
12005,0.21,0.13,-0.08
12007,0.23,0.15,-0.08
12009,0.18,0.1,-0.08
12011,0.22,0.13,-0.09
12013,0.24,0.17,-0.07
12015,0.2,0.11,-0.09
12017,0.23,0.13,-0.1
12019,0.15,0.09,-0.06
12021,0.21,0.14,-0.07
12023,0.26,0.15,-0.11
12027,0.26,0.23,-0.03
12029,0.21,0.14,-0.07
12031,0.19,0.12,-0.07
12033,0.21,0.13,-0.08
12035,0.21,0.12,-0.09
12037,0.23,0.14,-0.09
12039,0.24,0.17,-0.08
12041,0.23,0.16,-0.07
12043,0.27,0.23,-0.04
12045,0.21,0.14,-0.07
12047,0.26,0.17,-0.09
12049,0.29,0.26,-0.03
12051,0.31,0.29,-0.02
12053,0.23,0.13,-0.1
12055,0.26,0.19,-0.07
12057,0.2,0.12,-0.08
12059,0.24,0.17,-0.07
12061,0.21,0.13,-0.08
12063,0.23,0.15,-0.08
12065,0.23,0.15,-0.08
12067,0.21,0.13,-0.08
12069,0.19,0.11,-0.08
12071,0.21,0.14,-0.07
12073,0.19,0.11,-0.09
12075,0.27,0.18,-0.09
12077,0.25,0.14,-0.11
12079,0.26,0.18,-0.08
12081,0.19,0.12,-0.07
12083,0.24,0.15,-0.09
12085,0.18,0.1,-0.08
12086,0.28,0.21,-0.07
12087,0.23,0.15,-0.09
12089,0.16,0.09,-0.07
12091,0.18,0.1,-0.08
12093,0.25,0.21,-0.04
12095,0.23,0.13,-0.1
12097,0.26,0.16,-0.1
12099,0.2,0.12,-0.08
12101,0.2,0.1,-0.1
12103,0.2,0.11,-0.09
12105,0.21,0.14,-0.07
12107,0.24,0.17,-0.07
12109,0.13,0.06,-0.07
12111,0.24,0.15,-0.09
12113,0.17,0.1,-0.07
12115,0.19,0.1,-0.09
12117,0.17,0.09,-0.08
12119,0.19,0.1,-0.09
12121,0.25,0.16,-0.09
12123,0.25,0.16,-0.09
12125,0.22,0.12,-0.1
12127,0.22,0.11,-0.11
12129,0.2,0.08,-0.12
12131,0.21,0.12,-0.1
12133,0.23,0.15,-0.08
13001,0.23,0.18,-0.05
13003,0.31,0.2,-0.11
13005,0.26,0.18,-0.08
13007,0.27,0.12,-0.15
13009,0.23,0.11,-0.12
13011,0.19,0.14,-0.05
13013,0.18,0.09,-0.09
13015,0.18,0.11,-0.07
13017,0.27,0.2,-0.08
13019,0.27,0.15,-0.12
13021,0.22,0.13,-0.09
13023,0.23,0.11,-0.13
13025,0.24,0.14,-0.1
13027,0.26,0.15,-0.11
13029,0.15,0.06,-0.09
13031,0.26,0.13,-0.13
13033,0.26,0.15,-0.11
13035,0.21,0.12,-0.1
13037,0.27,0.15,-0.12
13039,0.19,0.09,-0.1
13043,0.28,0.17,-0.12
13045,0.2,0.13,-0.08
13047,0.18,0.08,-0.1
13049,0.26,0.15,-0.11
13051,0.22,0.11,-0.11
13053,0.26,0.09,-0.17
13055,0.23,0.14,-0.09
13057,0.12,0.06,-0.06
13059,0.24,0.11,-0.13
13061,0.32,0.15,-0.17
13063,0.28,0.15,-0.13
13065,0.25,0.16,-0.09
13067,0.16,0.08,-0.08
13069,0.26,0.15,-0.11
13071,0.26,0.21,-0.05
13073,0.13,0.05,-0.08
13075,0.27,0.16,-0.11
13077,0.14,0.07,-0.07
13079,0.22,0.1,-0.12
13081,0.26,0.18,-0.08
13083,0.2,0.09,-0.11
13085,0.15,0.09,-0.06
13087,0.26,0.15,-0.11
13089,0.22,0.1,-0.12
13091,0.24,0.13,-0.11
13093,0.25,0.15,-0.1
13095,0.27,0.17,-0.1
13097,0.18,0.1,-0.08
13099,0.28,0.16,-0.12
13101,0.25,0.19,-0.06
13103,0.16,0.08,-0.08
13105,0.25,0.15,-0.1
13107,0.27,0.17,-0.1
13109,0.26,0.18,-0.08
13111,0.22,0.12,-0.11
13113,0.11,0.05,-0.07
13115,0.23,0.15,-0.08
13117,0.1,0.05,-0.06
13119,0.21,0.14,-0.07
13121,0.19,0.09,-0.1
13123,0.22,0.15,-0.07
13125,0.21,0.11,-0.11
13127,0.19,0.11,-0.08
13129,0.21,0.12,-0.09
13131,0.26,0.19,-0.08
13133,0.22,0.13,-0.09
13135,0.18,0.08,-0.1
13137,0.2,0.13,-0.07
13139,0.18,0.13,-0.05
13141,0.27,0.15,-0.12
13143,0.2,0.13,-0.08
13145,0.13,0.06,-0.07
13147,0.22,0.14,-0.08
13149,0.21,0.14,-0.07
13151,0.15,0.07,-0.08
13153,0.18,0.09,-0.09
13155,0.25,0.14,-0.11
13157,0.17,0.08,-0.09
13159,0.2,0.1,-0.1
13161,0.25,0.16,-0.09
13163,0.28,0.16,-0.12
13165,0.29,0.21,-0.09
13167,0.23,0.11,-0.12
13169,0.16,0.08,-0.08
13171,0.24,0.13,-0.11
13173,0.24,0.13,-0.11
13175,0.21,0.14,-0.07
13177,0.14,0.07,-0.07
13179,0.24,0.12,-0.12
13181,0.23,0.13,-0.1
13183,0.24,0.13,-0.11
13185,0.25,0.14,-0.11
13187,0.21,0.11,-0.1
13189,0.21,0.15,-0.06
13191,0.22,0.11,-0.11
13193,0.28,0.17,-0.11
13195,0.18,0.12,-0.06
13197,0.24,0.14,-0.1
13199,0.24,0.13,-0.11
13201,0.25,0.13,-0.12
13205,0.27,0.17,-0.1
13207,0.17,0.09,-0.08
13209,0.23,0.13,-0.1
13211,0.18,0.11,-0.08
13213,0.23,0.13,-0.1
13215,0.22,0.13,-0.09
13217,0.2,0.1,-0.1
13219,0.11,0.05,-0.06
13221,0.2,0.1,-0.1
13223,0.15,0.06,-0.09
13225,0.23,0.16,-0.07
13227,0.16,0.09,-0.07
13229,0.24,0.16,-0.08
13231,0.16,0.08,-0.08
13233,0.25,0.18,-0.07
13235,0.23,0.14,-0.09
13237,0.21,0.12,-0.09
13239,0.27,0.17,-0.1
13241,0.21,0.14,-0.08
13243,0.3,0.16,-0.15
13245,0.24,0.13,-0.11
13247,0.2,0.11,-0.09
13249,0.19,0.09,-0.1
13251,0.28,0.16,-0.12
13253,0.25,0.15,-0.1
13255,0.21,0.15,-0.06
13257,0.24,0.12,-0.12
13259,0.24,0.14,-0.1
13261,0.27,0.15,-0.12
13263,0.23,0.13,-0.1
13265,0.28,0.16,-0.12
13267,0.25,0.16,-0.09
13269,0.25,0.13,-0.12
13271,0.26,0.12,-0.15
13273,0.28,0.16,-0.12
13275,0.24,0.14,-0.1
13277,0.24,0.19,-0.05
13279,0.25,0.18,-0.07
13281,0.19,0.12,-0.08
13283,0.27,0.12,-0.15
13285,0.22,0.14,-0.08
13287,0.28,0.22,-0.06
13289,0.22,0.13,-0.09
13291,0.18,0.11,-0.07
13293,0.23,0.15,-0.08
13295,0.21,0.14,-0.07
13297,0.16,0.09,-0.07
13299,0.26,0.17,-0.09
13301,0.26,0.14,-0.12
13303,0.26,0.14,-0.13
13305,0.24,0.16,-0.08
13307,0.24,0.13,-0.11
13309,0.24,0.13,-0.11
13311,0.2,0.11,-0.1
13313,0.24,0.18,-0.06
13315,0.27,0.15,-0.12
13317,0.25,0.16,-0.1
13319,0.23,0.11,-0.12
13321,0.25,0.15,-0.1
15001,0.13,0.08,-0.05
15003,0.08,0.05,-0.03
15005,0.23,0.13,-0.1
15007,0.11,0.07,-0.04
15009,0.11,0.06,-0.05
16001,0.14,0.06,-0.08
16003,0.2,0.1,-0.1
16005,0.19,0.08,-0.11
16007,0.19,0.08,-0.11
16009,0.22,0.14,-0.08
16011,0.19,0.11,-0.08
16013,0.16,0.07,-0.09
16015,0.18,0.09,-0.09
16017,0.19,0.09,-0.1
16019,0.16,0.07,-0.09
16021,0.23,0.17,-0.07
16023,0.2,0.08,-0.12
16025,0.2,0.1,-0.1
16027,0.21,0.11,-0.1
16029,0.17,0.09,-0.08
16031,0.23,0.13,-0.1
16033,0.16,0.15,-0.01
16035,0.21,0.11,-0.1
16037,0.15,0.09,-0.06
16039,0.22,0.11,-0.11
16041,0.18,0.09,-0.09
16043,0.18,0.09,-0.09
16045,0.22,0.12,-0.11
16047,0.23,0.14,-0.09
16049,0.21,0.11,-0.1
16051,0.16,0.07,-0.09
16053,0.23,0.16,-0.07
16055,0.18,0.1,-0.08
16057,0.2,0.08,-0.12
16059,0.21,0.1,-0.11
16061,0.21,0.12,-0.09
16063,0.24,0.15,-0.09
16065,0.19,0.07,-0.12
16067,0.24,0.15,-0.09
16069,0.18,0.11,-0.07
16071,0.19,0.09,-0.1
16073,0.26,0.17,-0.09
16075,0.23,0.12,-0.11
16077,0.23,0.15,-0.08
16079,0.22,0.09,-0.13
16081,0.19,0.1,-0.09
16083,0.21,0.12,-0.09
16085,0.18,0.07,-0.11
16087,0.24,0.14,-0.1
17001,0.16,0.06,-0.1
17003,0.22,0.09,-0.13
17005,0.16,0.05,-0.11
17007,0.13,0.04,-0.09
17009,0.17,0.05,-0.12
17011,0.16,0.05,-0.11
17013,0.13,0.05,-0.08
17015,0.16,0.05,-0.11
17017,0.19,0.07,-0.12
17019,0.16,0.05,-0.11
17021,0.16,0.05,-0.11
17023,0.17,0.07,-0.1
17025,0.18,0.07,-0.11
17027,0.12,0.04,-0.08
17029,0.2,0.06,-0.14
17031,0.17,0.05,-0.12
17033,0.18,0.05,-0.13
17035,0.17,0.05,-0.12
17037,0.13,0.04,-0.09
17039,0.16,0.04,-0.12
17041,0.16,0.07,-0.09
17043,0.09,0.02,-0.07
17045,0.18,0.05,-0.13
17047,0.18,0.06,-0.12
17049,0.14,0.05,-0.09
17051,0.19,0.07,-0.12
17053,0.15,0.05,-0.1
17055,0.19,0.07,-0.12
17057,0.17,0.05,-0.12
17059,0.18,0.06,-0.12
17061,0.18,0.05,-0.13
17063,0.12,0.03,-0.09
17065,0.19,0.05,-0.14
17067,0.16,0.05,-0.11
17069,0.16,0.05,-0.11
17071,0.15,0.04,-0.11
17073,0.14,0.05,-0.09
17075,0.17,0.05,-0.12
17077,0.21,0.07,-0.14
17079,0.16,0.05,-0.11
17081,0.18,0.07,-0.11
17083,0.13,0.04,-0.09
17085,0.13,0.05,-0.08
17087,0.16,0.06,-0.1
17089,0.13,0.04,-0.09
17091,0.17,0.06,-0.11
17093,0.08,0.02,-0.06
17095,0.17,0.06,-0.11
17097,0.11,0.03,-0.08
17099,0.15,0.04,-0.11
17101,0.2,0.06,-0.14
17103,0.14,0.05,-0.09
17105,0.14,0.05,-0.09
17107,0.14,0.06,-0.09
17109,0.18,0.06,-0.12
17111,0.09,0.02,-0.07
17113,0.12,0.04,-0.08
17115,0.17,0.07,-0.1
17117,0.16,0.05,-0.11
17119,0.15,0.05,-0.1
17121,0.18,0.07,-0.11
17123,0.15,0.05,-0.1
17125,0.17,0.06,-0.11
17127,0.19,0.07,-0.12
17129,0.13,0.04,-0.09
17131,0.14,0.04,-0.1
17133,0.09,0.03,-0.06
17135,0.16,0.06,-0.1
17137,0.16,0.08,-0.08
17139,0.16,0.06,-0.1
17141,0.14,0.04,-0.1
17143,0.16,0.05,-0.11
17145,0.17,0.06,-0.11
17147,0.11,0.05,-0.06
17149,0.18,0.06,-0.12
17151,0.17,0.06,-0.11
17153,0.22,0.09,-0.13
17155,0.14,0.03,-0.11
17157,0.16,0.06,-0.11
17159,0.17,0.05,-0.12
17161,0.16,0.06,-0.1
17163,0.17,0.06,-0.11
17165,0.19,0.07,-0.12
17167,0.14,0.05,-0.09
17169,0.17,0.05,-0.12
17171,0.13,0.04,-0.09
17173,0.16,0.05,-0.11
17175,0.18,0.05,-0.13
17177,0.16,0.07,-0.09
17179,0.12,0.04,-0.08
17181,0.18,0.07,-0.11
17183,0.2,0.06,-0.14
17185,0.18,0.05,-0.13
17187,0.18,0.06,-0.12
17189,0.13,0.05,-0.09
17191,0.16,0.07,-0.09
17193,0.18,0.07,-0.12
17195,0.16,0.06,-0.1
17197,0.1,0.03,-0.07
17199,0.17,0.06,-0.12
17201,0.17,0.06,-0.11
17203,0.1,0.03,-0.07
18001,0.16,0.09,-0.08
18003,0.17,0.09,-0.08
18005,0.15,0.07,-0.08
18007,0.16,0.06,-0.1
18009,0.21,0.07,-0.14
18011,0.09,0.04,-0.06
18013,0.15,0.07,-0.08
18015,0.15,0.05,-0.1
18017,0.19,0.09,-0.11
18019,0.18,0.07,-0.12
18021,0.17,0.06,-0.11
18023,0.17,0.08,-0.09
18025,0.21,0.09,-0.12
18027,0.2,0.11,-0.09
18029,0.14,0.05,-0.09
18031,0.17,0.06,-0.11
18033,0.19,0.07,-0.12
18035,0.2,0.07,-0.13
18037,0.13,0.06,-0.07
18039,0.2,0.13,-0.07
18041,0.2,0.09,-0.11
18043,0.15,0.06,-0.1
18045,0.18,0.08,-0.1
18047,0.15,0.05,-0.1
18049,0.19,0.09,-0.1
18051,0.16,0.05,-0.11
18053,0.2,0.08,-0.12
18055,0.22,0.08,-0.14
18057,0.08,0.03,-0.05
18059,0.11,0.05,-0.06
18061,0.15,0.05,-0.1
18063,0.1,0.04,-0.07
18065,0.18,0.07,-0.11
18067,0.17,0.07,-0.1
18069,0.16,0.07,-0.09
18071,0.17,0.09,-0.08
18073,0.15,0.06,-0.09
18075,0.2,0.09,-0.11
18077,0.18,0.07,-0.11
18079,0.2,0.07,-0.13
18081,0.12,0.05,-0.07
18083,0.2,0.07,-0.13
18085,0.18,0.08,-0.1
18087,0.18,0.2,0.02
18089,0.2,0.08,-0.13
18091,0.19,0.08,-0.11
18093,0.19,0.08,-0.11
18095,0.2,0.08,-0.12
18097,0.2,0.09,-0.11
18099,0.18,0.08,-0.1
18101,0.19,0.06,-0.13
18103,0.2,0.08,-0.12
18105,0.19,0.07,-0.12
18107,0.17,0.07,-0.1
18109,0.14,0.05,-0.09
18111,0.18,0.09,-0.1
18113,0.19,0.09,-0.1
18115,0.16,0.06,-0.1
18117,0.21,0.08,-0.13
18119,0.2,0.07,-0.13
18121,0.21,0.1,-0.11
18123,0.16,0.05,-0.11
18125,0.17,0.07,-0.1
18127,0.14,0.05,-0.09
18129,0.13,0.05,-0.08
18131,0.18,0.06,-0.12
18133,0.17,0.07,-0.11
18135,0.21,0.09,-0.12
18137,0.16,0.08,-0.08
18139,0.17,0.07,-0.1
18141,0.18,0.08,-0.1
18143,0.21,0.08,-0.13
18145,0.15,0.06,-0.09
18147,0.14,0.05,-0.09
18149,0.21,0.08,-0.13
18151,0.18,0.07,-0.11
18153,0.19,0.06,-0.13
18155,0.23,0.08,-0.15
18157,0.17,0.07,-0.1
18159,0.15,0.06,-0.1
18161,0.18,0.06,-0.12
18163,0.18,0.07,-0.11
18165,0.18,0.06,-0.12
18167,0.2,0.07,-0.13
18169,0.18,0.08,-0.1
18171,0.16,0.06,-0.1
18173,0.12,0.04,-0.08
18175,0.2,0.08,-0.12
18177,0.2,0.09,-0.11
18179,0.16,0.06,-0.1
18181,0.18,0.08,-0.1
18183,0.15,0.06,-0.09
19001,0.15,0.06,-0.09
19003,0.17,0.06,-0.11
19005,0.16,0.07,-0.09
19007,0.2,0.07,-0.13
19009,0.14,0.06,-0.08
19011,0.11,0.05,-0.06
19013,0.15,0.06,-0.09
19015,0.11,0.05,-0.06
19017,0.12,0.04,-0.08
19019,0.13,0.05,-0.08
19021,0.18,0.09,-0.09
19023,0.13,0.05,-0.08
19025,0.16,0.05,-0.11
19027,0.13,0.05,-0.08
19029,0.15,0.07,-0.09
19031,0.11,0.04,-0.07
19033,0.14,0.05,-0.09
19035,0.14,0.05,-0.09
19037,0.14,0.05,-0.09
19039,0.16,0.06,-0.1
19041,0.13,0.05,-0.08
19043,0.14,0.05,-0.09
19045,0.15,0.06,-0.09
19047,0.18,0.09,-0.09
19049,0.09,0.03,-0.06
19051,0.16,0.09,-0.07
19053,0.2,0.07,-0.13
19055,0.12,0.04,-0.08
19057,0.16,0.06,-0.1
19059,0.12,0.05,-0.08
19061,0.13,0.05,-0.08
19063,0.17,0.07,-0.1
19065,0.15,0.06,-0.09
19067,0.16,0.05,-0.11
19069,0.15,0.07,-0.08
19071,0.15,0.05,-0.1
19073,0.15,0.05,-0.1
19075,0.11,0.04,-0.07
19077,0.13,0.05,-0.08
19079,0.15,0.06,-0.09
19081,0.14,0.06,-0.08
19083,0.15,0.06,-0.09
19085,0.13,0.05,-0.08
19087,0.16,0.06,-0.1
19089,0.16,0.06,-0.1
19091,0.15,0.06,-0.09
19093,0.14,0.06,-0.08
19095,0.12,0.04,-0.08
19097,0.14,0.05,-0.09
19099,0.12,0.05,-0.07
19101,0.17,0.06,-0.11
19103,0.14,0.04,-0.1
19105,0.13,0.05,-0.08
19107,0.16,0.06,-0.1
19109,0.14,0.05,-0.1
19111,0.17,0.06,-0.11
19113,0.11,0.04,-0.07
19115,0.17,0.08,-0.09
19117,0.18,0.07,-0.11
19119,0.12,0.05,-0.07
19121,0.11,0.04,-0.08
19123,0.16,0.06,-0.1
19125,0.11,0.04,-0.07
19127,0.15,0.07,-0.08
19129,0.12,0.04,-0.08
19131,0.13,0.06,-0.07
19133,0.16,0.07,-0.09
19135,0.18,0.07,-0.12
19137,0.17,0.07,-0.1
19139,0.15,0.06,-0.09
19141,0.13,0.06,-0.07
19143,0.14,0.07,-0.07
19145,0.16,0.07,-0.1
19147,0.16,0.06,-0.1
19149,0.11,0.05,-0.06
19151,0.16,0.05,-0.11
19153,0.12,0.04,-0.08
19155,0.15,0.06,-0.09
19157,0.15,0.05,-0.1
19159,0.17,0.07,-0.1
19161,0.14,0.06,-0.08
19163,0.14,0.05,-0.09
19165,0.14,0.06,-0.09
19167,0.11,0.07,-0.04
19169,0.13,0.04,-0.09
19171,0.15,0.08,-0.07
19173,0.17,0.07,-0.1
19175,0.17,0.07,-0.11
19177,0.19,0.07,-0.12
19179,0.18,0.08,-0.1
19181,0.09,0.03,-0.06
19183,0.14,0.06,-0.08
19185,0.2,0.08,-0.13
19187,0.18,0.07,-0.12
19189,0.14,0.05,-0.09
19191,0.14,0.05,-0.1
19193,0.17,0.07,-0.1
19195,0.14,0.05,-0.09
19197,0.16,0.06,-0.1
20001,0.21,0.1,-0.11
20003,0.2,0.11,-0.09
20005,0.18,0.11,-0.07
20007,0.17,0.09,-0.08
20009,0.19,0.11,-0.08
20011,0.21,0.11,-0.11
20013,0.19,0.12,-0.07
20015,0.13,0.07,-0.07
20017,0.17,0.09,-0.09
20019,0.2,0.12,-0.08
20021,0.2,0.14,-0.06
20023,0.16,0.08,-0.08
20025,0.16,0.09,-0.07
20027,0.14,0.07,-0.07
20029,0.2,0.1,-0.1
20031,0.16,0.08,-0.08
20033,0.16,0.09,-0.07
20035,0.21,0.11,-0.1
20037,0.2,0.11,-0.09
20039,0.18,0.11,-0.07
20041,0.15,0.07,-0.08
20043,0.18,0.1,-0.08
20045,0.17,0.07,-0.1
20047,0.2,0.11,-0.09
20049,0.22,0.11,-0.11
20051,0.17,0.08,-0.1
20053,0.16,0.08,-0.08
20055,0.21,0.15,-0.06
20057,0.22,0.19,-0.03
20059,0.16,0.07,-0.09
20061,0.19,0.11,-0.08
20063,0.16,0.09,-0.08
20065,0.17,0.09,-0.08
20067,0.21,0.13,-0.08
20069,0.16,0.13,-0.03
20071,0.13,0.08,-0.05
20073,0.2,0.1,-0.1
20075,0.16,0.12,-0.04
20077,0.18,0.11,-0.07
20079,0.16,0.08,-0.08
20081,0.17,0.15,-0.02
20083,0.16,0.08,-0.08
20085,0.14,0.1,-0.04
20087,0.13,0.06,-0.07
20089,0.19,0.1,-0.09
20091,0.1,0.04,-0.06
20093,0.16,0.12,-0.04
20095,0.16,0.08,-0.08
20097,0.18,0.11,-0.07
20099,0.21,0.1,-0.11
20101,0.19,0.09,-0.1
20103,0.14,0.06,-0.08
20105,0.18,0.11,-0.07
20107,0.19,0.1,-0.09
20109,0.17,0.1,-0.07
20111,0.2,0.13,-0.07
20113,0.14,0.08,-0.06
20115,0.15,0.08,-0.07
20117,0.15,0.07,-0.08
20119,0.17,0.11,-0.06
20121,0.12,0.06,-0.06
20123,0.15,0.08,-0.08
20125,0.21,0.13,-0.08
20127,0.15,0.09,-0.06
20129,0.18,0.13,-0.06
20131,0.15,0.08,-0.08
20133,0.21,0.11,-0.1
20135,0.19,0.09,-0.1
20137,0.18,0.1,-0.08
20139,0.16,0.08,-0.08
20141,0.18,0.1,-0.08
20143,0.15,0.07,-0.08
20145,0.19,0.08,-0.11
20147,0.15,0.09,-0.06
20149,0.12,0.06,-0.07
20151,0.18,0.09,-0.09
20153,0.16,0.09,-0.07
20155,0.18,0.1,-0.08
20157,0.18,0.09,-0.09
20159,0.18,0.1,-0.08
20161,0.17,0.08,-0.09
20163,0.18,0.1,-0.08
20165,0.18,0.08,-0.11
20167,0.18,0.09,-0.09
20169,0.18,0.1,-0.08
20171,0.15,0.09,-0.06
20173,0.17,0.09,-0.08
20175,0.26,0.2,-0.06
20177,0.15,0.08,-0.07
20179,0.15,0.08,-0.07
20181,0.19,0.13,-0.06
20183,0.18,0.11,-0.07
20185,0.19,0.12,-0.07
20187,0.18,0.14,-0.04
20189,0.19,0.14,-0.05
20191,0.18,0.08,-0.1
20193,0.16,0.08,-0.08
20195,0.17,0.07,-0.1
20197,0.14,0.06,-0.09
20199,0.15,0.09,-0.06
20201,0.17,0.12,-0.05
20203,0.19,0.13,-0.06
20205,0.21,0.11,-0.1
20207,0.21,0.12,-0.09
20209,0.26,0.14,-0.12
21001,0.24,0.07,-0.17
21003,0.21,0.07,-0.14
21005,0.16,0.05,-0.11
21007,0.2,0.07,-0.13
21009,0.21,0.07,-0.14
21011,0.24,0.07,-0.17
21013,0.25,0.1,-0.15
21015,0.12,0.03,-0.09
21017,0.2,0.06,-0.14
21019,0.21,0.06,-0.15
21021,0.19,0.07,-0.12
21023,0.21,0.07,-0.14
21025,0.25,0.06,-0.19
21027,0.23,0.08,-0.16
21029,0.16,0.04,-0.12
21031,0.21,0.1,-0.11
21033,0.25,0.09,-0.16
21035,0.22,0.07,-0.15
21037,0.15,0.04,-0.11
21039,0.23,0.07,-0.16
21041,0.22,0.09,-0.13
21043,0.24,0.07,-0.18
21045,0.24,0.09,-0.15
21047,0.23,0.08,-0.15
21049,0.2,0.06,-0.14
21051,0.27,0.1,-0.17
21053,0.25,0.08,-0.17
21055,0.23,0.09,-0.14
21057,0.24,0.07,-0.17
21059,0.18,0.06,-0.12
21061,0.22,0.06,-0.16
21063,0.21,0.04,-0.17
21065,0.23,0.1,-0.13
21067,0.17,0.06,-0.11
21069,0.22,0.06,-0.16
21071,0.25,0.07,-0.18
21073,0.18,0.06,-0.12
21075,0.26,0.08,-0.18
21077,0.21,0.06,-0.15
21079,0.21,0.08,-0.13
21081,0.2,0.06,-0.14
21083,0.21,0.09,-0.12
21085,0.22,0.07,-0.15
21087,0.22,0.09,-0.13
21089,0.21,0.06,-0.15
21091,0.18,0.08,-0.1
21093,0.18,0.06,-0.13
21095,0.25,0.08,-0.17
21097,0.2,0.07,-0.13
21099,0.24,0.09,-0.15
21101,0.2,0.06,-0.14
21103,0.19,0.07,-0.12
21105,0.22,0.09,-0.13
21107,0.22,0.05,-0.17
21109,0.25,0.08,-0.17
21111,0.18,0.05,-0.13
21113,0.18,0.04,-0.14
21115,0.23,0.06,-0.17
21117,0.16,0.04,-0.12
21119,0.24,0.05,-0.19
21121,0.26,0.08,-0.18
21123,0.21,0.07,-0.14
21125,0.23,0.08,-0.15
21127,0.23,0.07,-0.16
21129,0.24,0.07,-0.17
21131,0.21,0.08,-0.13
21133,0.24,0.06,-0.18
21135,0.23,0.08,-0.16
21137,0.22,0.08,-0.14
21139,0.22,0.06,-0.16
21141,0.21,0.08,-0.13
21143,0.2,0.06,-0.14
21145,0.19,0.07,-0.12
21147,0.26,0.07,-0.19
21149,0.19,0.07,-0.12
21151,0.2,0.06,-0.15
21153,0.24,0.07,-0.18
21155,0.21,0.05,-0.16
21157,0.19,0.06,-0.13
21159,0.24,0.06,-0.18
21161,0.23,0.07,-0.16
21163,0.19,0.06,-0.13
21165,0.23,0.06,-0.17
21167,0.2,0.07,-0.13
21169,0.22,0.1,-0.12
21171,0.21,0.09,-0.12
21173,0.21,0.06,-0.15
21175,0.23,0.06,-0.17
21177,0.23,0.07,-0.16
21179,0.2,0.05,-0.15
21181,0.21,0.07,-0.14
21183,0.22,0.06,-0.16
21185,0.1,0.02,-0.08
21187,0.18,0.06,-0.12
21189,0.26,0.06,-0.2
21191,0.18,0.07,-0.11
21193,0.24,0.07,-0.17
21195,0.24,0.07,-0.18
21197,0.24,0.08,-0.16
21199,0.22,0.07,-0.15
21201,0.25,0.05,-0.2
21203,0.24,0.09,-0.15
21205,0.23,0.06,-0.17
21207,0.23,0.08,-0.15
21209,0.15,0.04,-0.11
21211,0.15,0.06,-0.1
21213,0.2,0.07,-0.14
21215,0.13,0.04,-0.09
21217,0.22,0.08,-0.14
21219,0.22,0.11,-0.11
21221,0.2,0.08,-0.12
21223,0.19,0.07,-0.12
21225,0.22,0.07,-0.15
21227,0.19,0.06,-0.13
21229,0.2,0.07,-0.13
21231,0.25,0.1,-0.16
21233,0.22,0.07,-0.15
21235,0.25,0.1,-0.15
21237,0.25,0.06,-0.19
21239,0.15,0.05,-0.1
22001,0.22,0.12,-0.1
22003,0.23,0.14,-0.09
22005,0.16,0.07,-0.09
22007,0.21,0.13,-0.08
22009,0.25,0.15,-0.1
22011,0.21,0.17,-0.04
22013,0.26,0.16,-0.11
22015,0.18,0.11,-0.07
22017,0.23,0.14,-0.09
22019,0.2,0.12,-0.08
22021,0.24,0.16,-0.08
22023,0.17,0.1,-0.07
22025,0.26,0.18,-0.08
22027,0.27,0.16,-0.11
22029,0.29,0.18,-0.11
22031,0.25,0.14,-0.11
22033,0.2,0.11,-0.09
22035,0.37,0.23,-0.14
22037,0.23,0.12,-0.11
22039,0.22,0.12,-0.1
22041,0.29,0.21,-0.08
22043,0.24,0.16,-0.08
22045,0.22,0.13,-0.09
22047,0.24,0.14,-0.1
22049,0.26,0.16,-0.1
22051,0.21,0.11,-0.1
22053,0.22,0.1,-0.12
22055,0.19,0.09,-0.1
22057,0.18,0.14,-0.04
22059,0.19,0.13,-0.06
22061,0.26,0.16,-0.1
22063,0.17,0.11,-0.07
22065,0.35,0.19,-0.16
22067,0.3,0.21,-0.09
22069,0.26,0.18,-0.08
22071,0.24,0.13,-0.11
22073,0.25,0.17,-0.08
22075,0.18,0.1,-0.08
22077,0.21,0.11,-0.1
22079,0.22,0.15,-0.07
22081,0.27,0.15,-0.12
22083,0.3,0.19,-0.11
22085,0.24,0.2,-0.04
22087,0.24,0.12,-0.12
22089,0.15,0.07,-0.08
22091,0.27,0.13,-0.15
22093,0.2,0.08,-0.12
22095,0.21,0.1,-0.11
22097,0.23,0.13,-0.1
22099,0.23,0.12,-0.11
22101,0.24,0.18,-0.06
22103,0.15,0.08,-0.08
22105,0.23,0.13,-0.1
22107,0.31,0.15,-0.16
22109,0.2,0.16,-0.04
22111,0.26,0.16,-0.1
22113,0.21,0.09,-0.12
22115,0.21,0.16,-0.05
22117,0.26,0.17,-0.09
22119,0.23,0.17,-0.06
22121,0.19,0.08,-0.11
22123,0.27,0.18,-0.09
22125,0.18,0.09,-0.09
22127,0.26,0.19,-0.07
23001,0.13,0.08,-0.05
23003,0.16,0.11,-0.05
23005,0.11,0.06,-0.05
23007,0.17,0.09,-0.08
23009,0.15,0.08,-0.07
23011,0.13,0.07,-0.06
23013,0.14,0.07,-0.07
23015,0.12,0.06,-0.06
23017,0.17,0.09,-0.08
23019,0.14,0.08,-0.06
23021,0.16,0.09,-0.07
23023,0.11,0.06,-0.05
23025,0.16,0.09,-0.07
23027,0.16,0.08,-0.08
23029,0.18,0.12,-0.06
23031,0.11,0.06,-0.05
24001,0.16,0.06,-0.1
24003,0.09,0.03,-0.06
24005,0.12,0.04,-0.09
24009,0.07,0.03,-0.05
24011,0.14,0.05,-0.09
24013,0.07,0.02,-0.05
24015,0.11,0.04,-0.07
24017,0.09,0.03,-0.06
24019,0.16,0.07,-0.09
24021,0.07,0.03,-0.04
24023,0.15,0.06,-0.09
24025,0.08,0.03,-0.05
24027,0.06,0.02,-0.04
24029,0.13,0.05,-0.08
24031,0.09,0.03,-0.06
24033,0.14,0.05,-0.09
24035,0.09,0.03,-0.06
24037,0.09,0.03,-0.06
24039,0.18,0.07,-0.11
24041,0.12,0.04,-0.08
24043,0.13,0.04,-0.09
24045,0.16,0.06,-0.1
24047,0.14,0.05,-0.09
24510,0.18,0.08,-0.1
25001,0.07,0.03,-0.04
25003,0.08,0.04,-0.04
25005,0.08,0.04,-0.04
25007,0.07,0.03,-0.04
25009,0.07,0.04,-0.03
25011,0.08,0.04,-0.04
25013,0.1,0.06,-0.04
25015,0.07,0.03,-0.04
25017,0.05,0.03,-0.02
25019,0.06,0.04,-0.02
25021,0.04,0.02,-0.02
25023,0.06,0.03,-0.04
25025,0.09,0.06,-0.03
25027,0.07,0.03,-0.04
26001,0.23,0.07,-0.16
26003,0.18,0.08,-0.1
26005,0.15,0.05,-0.1
26007,0.2,0.07,-0.13
26009,0.19,0.06,-0.13
26011,0.22,0.06,-0.16
26013,0.2,0.11,-0.09
26015,0.14,0.05,-0.1
26017,0.17,0.05,-0.12
26019,0.17,0.06,-0.11
26021,0.2,0.08,-0.12
26023,0.2,0.06,-0.14
26025,0.19,0.06,-0.13
26027,0.19,0.07,-0.12
26029,0.17,0.06,-0.11
26031,0.21,0.06,-0.15
26033,0.2,0.09,-0.11
26035,0.23,0.08,-0.15
26037,0.11,0.03,-0.08
26039,0.22,0.07,-0.15
26041,0.19,0.07,-0.13
26043,0.17,0.06,-0.11
26045,0.14,0.04,-0.1
26047,0.18,0.06,-0.12
26049,0.19,0.07,-0.12
26051,0.21,0.08,-0.13
26053,0.22,0.07,-0.15
26055,0.16,0.04,-0.12
26057,0.19,0.05,-0.14
26059,0.19,0.06,-0.13
26061,0.2,0.07,-0.14
26063,0.2,0.07,-0.13
26065,0.17,0.06,-0.11
26067,0.18,0.05,-0.13
26069,0.21,0.07,-0.14
26071,0.2,0.07,-0.13
26073,0.21,0.08,-0.13
26075,0.17,0.06,-0.11
26077,0.18,0.05,-0.13
26079,0.21,0.07,-0.14
26081,0.16,0.06,-0.1
26083,0.19,0.05,-0.14
26085,0.24,0.08,-0.16
26087,0.15,0.04,-0.11
26089,0.15,0.05,-0.1
26091,0.17,0.06,-0.11
26093,0.1,0.03,-0.07
26095,0.21,0.08,-0.13
26097,0.2,0.1,-0.1
26099,0.15,0.04,-0.11
26101,0.19,0.08,-0.11
26103,0.17,0.05,-0.12
26105,0.19,0.07,-0.12
26107,0.21,0.07,-0.14
26109,0.19,0.08,-0.11
26111,0.14,0.05,-0.1
26113,0.2,0.08,-0.12
26115,0.14,0.04,-0.1
26117,0.2,0.07,-0.13
26119,0.24,0.08,-0.16
26121,0.2,0.07,-0.13
26123,0.2,0.07,-0.13
26125,0.13,0.04,-0.1
26127,0.22,0.08,-0.14
26129,0.22,0.08,-0.14
26131,0.22,0.08,-0.14
26133,0.2,0.08,-0.12
26135,0.23,0.1,-0.13
26137,0.19,0.06,-0.14
26139,0.12,0.05,-0.07
26141,0.21,0.07,-0.14
26143,0.22,0.07,-0.15
26145,0.19,0.07,-0.12
26147,0.17,0.05,-0.12
26149,0.2,0.08,-0.12
26151,0.2,0.07,-0.13
26153,0.2,0.08,-0.12
26155,0.16,0.05,-0.11
26157,0.19,0.06,-0.13
26159,0.19,0.07,-0.12
26161,0.13,0.04,-0.09
26163,0.22,0.07,-0.15
26165,0.2,0.07,-0.13
27001,0.14,0.08,-0.06
27003,0.08,0.03,-0.05
27005,0.15,0.08,-0.07
27007,0.17,0.1,-0.07
27009,0.12,0.05,-0.08
27011,0.15,0.07,-0.08
27013,0.13,0.05,-0.08
27015,0.12,0.06,-0.06
27017,0.12,0.07,-0.06
27019,0.06,0.02,-0.04
27021,0.15,0.08,-0.07
27023,0.13,0.07,-0.06
27025,0.08,0.03,-0.05
27027,0.13,0.05,-0.08
27029,0.17,0.11,-0.06
27031,0.12,0.08,-0.04
27033,0.14,0.08,-0.06
27035,0.13,0.05,-0.08
27037,0.08,0.03,-0.05
27039,0.08,0.04,-0.04
27041,0.11,0.05,-0.06
27043,0.15,0.06,-0.09
27045,0.13,0.06,-0.07
27047,0.13,0.06,-0.07
27049,0.09,0.04,-0.05
27051,0.14,0.05,-0.09
27053,0.1,0.05,-0.05
27055,0.12,0.05,-0.07
27057,0.14,0.06,-0.08
27059,0.1,0.04,-0.07
27061,0.15,0.06,-0.09
27063,0.12,0.06,-0.06
27065,0.13,0.06,-0.08
27067,0.12,0.07,-0.06
27069,0.11,0.06,-0.06
27071,0.14,0.09,-0.06
27073,0.12,0.06,-0.06
27075,0.12,0.05,-0.07
27077,0.14,0.08,-0.06
27079,0.11,0.04,-0.07
27081,0.13,0.06,-0.07
27083,0.12,0.06,-0.06
27085,0.11,0.05,-0.06
27087,0.2,0.14,-0.06
27089,0.12,0.06,-0.06
27091,0.12,0.07,-0.05
27093,0.13,0.05,-0.08
27095,0.15,0.07,-0.08
27097,0.13,0.06,-0.07
27099,0.13,0.07,-0.06
27101,0.13,0.06,-0.07
27103,0.11,0.04,-0.07
27105,0.16,0.1,-0.06
27107,0.14,0.06,-0.08
27109,0.08,0.03,-0.05
27111,0.12,0.06,-0.06
27113,0.13,0.06,-0.07
27115,0.15,0.06,-0.09
27117,0.13,0.08,-0.05
27119,0.14,0.06,-0.08
27121,0.12,0.05,-0.07
27123,0.12,0.05,-0.07
27125,0.14,0.07,-0.07
27127,0.14,0.07,-0.08
27129,0.14,0.06,-0.08
27131,0.11,0.04,-0.07
27133,0.12,0.06,-0.06
27135,0.12,0.07,-0.05
27137,0.13,0.05,-0.08
27139,0.06,0.03,-0.03
27141,0.08,0.03,-0.05
27143,0.13,0.06,-0.07
27145,0.12,0.05,-0.08
27147,0.1,0.04,-0.06
27149,0.14,0.05,-0.09
27151,0.13,0.06,-0.07
27153,0.14,0.08,-0.06
27155,0.13,0.07,-0.06
27157,0.11,0.04,-0.07
27159,0.15,0.08,-0.08
27161,0.11,0.05,-0.06
27163,0.06,0.03,-0.04
27165,0.17,0.08,-0.09
27167,0.12,0.06,-0.07
27169,0.15,0.06,-0.09
27171,0.08,0.03,-0.05
27173,0.13,0.07,-0.06
28001,0.27,0.19,-0.08
28003,0.23,0.17,-0.06
28005,0.24,0.16,-0.08
28007,0.25,0.16,-0.09
28009,0.24,0.19,-0.05
28011,0.28,0.21,-0.07
28013,0.23,0.21,-0.02
28015,0.25,0.16,-0.09
28017,0.25,0.2,-0.05
28019,0.25,0.18,-0.07
28021,0.26,0.14,-0.12
28023,0.24,0.23,-0.02
28025,0.26,0.2,-0.06
28027,0.28,0.23,-0.05
28029,0.26,0.19,-0.07
28031,0.24,0.19,-0.05
28033,0.15,0.1,-0.05
28035,0.24,0.19,-0.05
28037,0.22,0.17,-0.05
28039,0.23,0.17,-0.06
28041,0.23,0.14,-0.09
28043,0.23,0.17,-0.06
28045,0.23,0.14,-0.09
28047,0.22,0.15,-0.07
28049,0.24,0.18,-0.06
28051,0.31,0.2,-0.11
28053,0.3,0.22,-0.08
28055,0.27,0.17,-0.1
28057,0.21,0.16,-0.05
28059,0.21,0.15,-0.07
28061,0.25,0.18,-0.08
28063,0.28,0.16,-0.12
28065,0.26,0.2,-0.07
28067,0.23,0.2,-0.03
28069,0.25,0.22,-0.03
28071,0.21,0.13,-0.08
28073,0.16,0.11,-0.05
28075,0.22,0.17,-0.05
28077,0.21,0.18,-0.03
28079,0.25,0.27,0.02
28081,0.19,0.15,-0.05
28083,0.3,0.27,-0.04
28085,0.22,0.18,-0.04
28087,0.22,0.18,-0.04
28089,0.14,0.09,-0.05
28091,0.25,0.19,-0.06
28093,0.25,0.2,-0.05
28095,0.23,0.16,-0.07
28097,0.25,0.21,-0.04
28099,0.25,0.29,0.04
28101,0.23,0.18,-0.05
28103,0.28,0.25,-0.03
28105,0.25,0.15,-0.1
28107,0.25,0.19,-0.06
28109,0.22,0.16,-0.06
28111,0.23,0.17,-0.06
28113,0.25,0.16,-0.09
28115,0.21,0.18,-0.03
28117,0.22,0.17,-0.06
28119,0.26,0.21,-0.05
28121,0.15,0.11,-0.04
28123,0.25,0.28,0.03
28125,0.25,0.2,-0.05
28127,0.23,0.2,-0.03
28129,0.2,0.15,-0.06
28131,0.23,0.14,-0.09
28133,0.3,0.22,-0.09
28135,0.26,0.18,-0.08
28137,0.2,0.15,-0.05
28139,0.22,0.16,-0.06
28141,0.22,0.15,-0.07
28143,0.26,0.2,-0.06
28145,0.2,0.18,-0.02
28147,0.26,0.21,-0.05
28149,0.23,0.16,-0.07
28151,0.29,0.26,-0.03
28153,0.25,0.17,-0.08
28155,0.25,0.21,-0.05
28157,0.27,0.18,-0.1
28159,0.24,0.22,-0.02
28161,0.24,0.23,-0.01
28163,0.29,0.22,-0.07
29001,0.22,0.13,-0.09
29003,0.16,0.09,-0.07
29005,0.21,0.12,-0.09
29007,0.19,0.14,-0.05
29009,0.23,0.17,-0.06
29011,0.21,0.14,-0.07
29013,0.21,0.15,-0.06
29015,0.21,0.16,-0.05
29017,0.19,0.14,-0.05
29019,0.16,0.1,-0.06
29021,0.19,0.12,-0.07
29023,0.23,0.15,-0.08
29025,0.2,0.13,-0.07
29027,0.16,0.1,-0.06
29029,0.18,0.12,-0.06
29031,0.19,0.12,-0.07
29033,0.21,0.16,-0.05
29035,0.2,0.13,-0.07
29037,0.13,0.08,-0.06
29039,0.24,0.17,-0.07
29041,0.18,0.13,-0.05
29043,0.16,0.09,-0.07
29045,0.21,0.12,-0.09
29047,0.12,0.08,-0.04
29049,0.15,0.1,-0.05
29051,0.14,0.1,-0.05
29053,0.18,0.12,-0.06
29055,0.22,0.16,-0.06
29057,0.25,0.17,-0.08
29059,0.22,0.16,-0.06
29061,0.21,0.18,-0.03
29063,0.19,0.11,-0.08
29065,0.23,0.18,-0.05
29067,0.22,0.14,-0.08
29069,0.23,0.16,-0.07
29071,0.15,0.09,-0.07
29073,0.19,0.13,-0.07
29075,0.22,0.14,-0.08
29077,0.19,0.12,-0.07
29079,0.22,0.18,-0.04
29081,0.22,0.16,-0.06
29083,0.22,0.14,-0.08
29085,0.22,0.16,-0.06
29087,0.2,0.14,-0.06
29089,0.19,0.12,-0.08
29091,0.22,0.15,-0.07
29093,0.22,0.17,-0.05
29095,0.19,0.12,-0.07
29097,0.22,0.16,-0.06
29099,0.13,0.07,-0.07
29101,0.18,0.11,-0.07
29103,0.22,0.17,-0.06
29105,0.2,0.16,-0.04
29107,0.16,0.11,-0.05
29109,0.22,0.17,-0.05
29111,0.21,0.14,-0.08
29113,0.16,0.09,-0.07
29115,0.2,0.13,-0.07
29117,0.2,0.14,-0.06
29119,0.25,0.22,-0.04
29121,0.2,0.15,-0.05
29123,0.23,0.18,-0.05
29125,0.18,0.13,-0.05
29127,0.21,0.14,-0.08
29129,0.23,0.19,-0.04
29131,0.19,0.15,-0.04
29133,0.25,0.2,-0.05
29135,0.17,0.14,-0.03
29137,0.21,0.15,-0.06
29139,0.22,0.13,-0.09
29141,0.2,0.19,-0.01
29143,0.22,0.15,-0.08
29145,0.21,0.16,-0.05
29147,0.21,0.11,-0.1
29149,0.25,0.19,-0.07
29151,0.15,0.1,-0.05
29153,0.2,0.16,-0.04
29155,0.25,0.22,-0.03
29157,0.16,0.12,-0.04
29159,0.2,0.15,-0.05
29161,0.19,0.14,-0.05
29163,0.21,0.16,-0.05
29165,0.11,0.05,-0.06
29167,0.22,0.14,-0.08
29169,0.2,0.11,-0.09
29171,0.21,0.17,-0.04
29173,0.17,0.11,-0.06
29175,0.24,0.12,-0.12
29177,0.16,0.09,-0.07
29179,0.21,0.18,-0.04
29181,0.24,0.16,-0.08
29183,0.09,0.05,-0.05
29185,0.22,0.16,-0.06
29186,0.16,0.1,-0.06
29187,0.2,0.12,-0.08
29189,0.14,0.07,-0.07
29195,0.21,0.16,-0.05
29197,0.21,0.18,-0.03
29199,0.21,0.16,-0.05
29201,0.21,0.16,-0.05
29203,0.21,0.13,-0.08
29205,0.19,0.14,-0.05
29207,0.22,0.12,-0.1
29209,0.2,0.14,-0.07
29211,0.24,0.2,-0.04
29213,0.24,0.14,-0.1
29215,0.24,0.17,-0.07
29217,0.24,0.16,-0.08
29219,0.17,0.1,-0.07
29221,0.22,0.14,-0.08
29223,0.24,0.15,-0.09
29225,0.19,0.17,-0.02
29227,0.2,0.15,-0.05
29229,0.25,0.2,-0.05
29510,0.24,0.16,-0.08
30001,0.21,0.09,-0.12
30003,0.25,0.23,-0.02
30005,0.22,0.25,0.03
30007,0.18,0.09,-0.1
30009,0.17,0.08,-0.09
30011,0.2,0.14,-0.07
30013,0.2,0.09,-0.11
30015,0.19,0.18,-0.01
30017,0.22,0.09,-0.13
30019,0.18,0.13,-0.05
30021,0.19,0.09,-0.1
30023,0.21,0.09,-0.12
30025,0.19,0.07,-0.12
30027,0.22,0.09,-0.13
30029,0.21,0.08,-0.13
30031,0.18,0.06,-0.12
30033,0.17,0.13,-0.04
30035,0.29,0.25,-0.04
30037,0.19,0.1,-0.09
30039,0.17,0.08,-0.09
30041,0.23,0.14,-0.09
30043,0.12,0.06,-0.07
30045,0.2,0.09,-0.11
30047,0.26,0.19,-0.07
30049,0.15,0.06,-0.09
30051,0.16,0.11,-0.05
30053,0.25,0.11,-0.14
30055,0.18,0.11,-0.07
30057,0.19,0.08,-0.11
30059,0.19,0.1,-0.09
30061,0.22,0.1,-0.13
30063,0.21,0.07,-0.14
30065,0.22,0.1,-0.12
30067,0.2,0.09,-0.11
30069,0.2,0.11,-0.09
30071,0.2,0.16,-0.04
30073,0.21,0.12,-0.09
30075,0.2,0.09,-0.12
30077,0.2,0.09,-0.11
30079,0.19,0.09,-0.1
30081,0.2,0.08,-0.12
30083,0.2,0.09,-0.11
30085,0.24,0.22,-0.03
30087,0.23,0.17,-0.06
30089,0.24,0.14,-0.1
30091,0.2,0.13,-0.07
30093,0.19,0.09,-0.1
30095,0.16,0.06,-0.1
30097,0.2,0.08,-0.12
30099,0.19,0.09,-0.1
30101,0.19,0.09,-0.1
30103,0.18,0.14,-0.05
30105,0.18,0.11,-0.07
30107,0.19,0.13,-0.06
30109,0.2,0.09,-0.11
30111,0.17,0.07,-0.1
31001,0.16,0.09,-0.07
31003,0.17,0.08,-0.09
31005,0.13,0.08,-0.05
31007,0.13,0.09,-0.04
31009,0.15,0.12,-0.03
31011,0.15,0.07,-0.08
31013,0.16,0.07,-0.09
31015,0.16,0.09,-0.07
31017,0.18,0.11,-0.07
31019,0.15,0.07,-0.08
31021,0.16,0.11,-0.05
31023,0.13,0.07,-0.07
31025,0.12,0.05,-0.07
31027,0.16,0.08,-0.08
31029,0.17,0.1,-0.07
31031,0.17,0.1,-0.07
31033,0.16,0.07,-0.09
31035,0.16,0.09,-0.08
31037,0.22,0.14,-0.08
31039,0.15,0.11,-0.04
31041,0.17,0.08,-0.09
31043,0.22,0.15,-0.08
31045,0.21,0.1,-0.11
31047,0.2,0.13,-0.07
31049,0.16,0.1,-0.06
31051,0.18,0.12,-0.07
31053,0.16,0.1,-0.06
31055,0.14,0.07,-0.07
31057,0.17,0.09,-0.08
31059,0.15,0.06,-0.09
31061,0.17,0.08,-0.09
31063,0.17,0.08,-0.09
31065,0.18,0.11,-0.07
31067,0.15,0.08,-0.07
31069,0.17,0.08,-0.09
31071,0.16,0.09,-0.07
31073,0.15,0.09,-0.06
31075,0.14,0.1,-0.04
31077,0.17,0.07,-0.1
31079,0.17,0.11,-0.06
31081,0.13,0.06,-0.07
31083,0.15,0.08,-0.07
31085,0.17,0.12,-0.05
31087,0.19,0.08,-0.11
31089,0.16,0.09,-0.07
31091,0.18,0.08,-0.1
31093,0.15,0.07,-0.08
31095,0.17,0.09,-0.08
31097,0.16,0.09,-0.07
31099,0.13,0.07,-0.07
31101,0.17,0.09,-0.08
31103,0.15,0.1,-0.05
31103,0.15,0.1,-0.05
31105,0.19,0.1,-0.09
31107,0.17,0.13,-0.05
31109,0.13,0.06,-0.07
31111,0.16,0.08,-0.09
31113,0.13,0.06,-0.07
31115,0.15,0.07,-0.08
31117,0.13,0.08,-0.05
31119,0.16,0.1,-0.06
31121,0.16,0.08,-0.08
31123,0.2,0.11,-0.1
31125,0.17,0.07,-0.1
31127,0.16,0.07,-0.09
31129,0.18,0.09,-0.09
31131,0.15,0.07,-0.09
31133,0.18,0.09,-0.09
31135,0.16,0.08,-0.08
31137,0.14,0.07,-0.07
31139,0.16,0.09,-0.07
31141,0.16,0.09,-0.07
31143,0.15,0.07,-0.08
31145,0.18,0.08,-0.1
31147,0.18,0.1,-0.08
31149,0.16,0.09,-0.07
31151,0.18,0.1,-0.08
31153,0.1,0.04,-0.06
31155,0.11,0.05,-0.06
31157,0.19,0.11,-0.08
31159,0.12,0.06,-0.06
31161,0.21,0.14,-0.07
31163,0.16,0.08,-0.08
31165,0.16,0.08,-0.08
31167,0.15,0.07,-0.08
31169,0.14,0.08,-0.06
31171,0.14,0.1,-0.05
31173,0.24,0.21,-0.03
31175,0.15,0.08,-0.07
31177,0.1,0.05,-0.06
31179,0.18,0.08,-0.1
31181,0.18,0.09,-0.09
31183,0.15,0.08,-0.07
31185,0.14,0.08,-0.06
32001,0.21,0.13,-0.08
32003,0.2,0.09,-0.11
32005,0.16,0.08,-0.08
32007,0.17,0.1,-0.07
32009,0.23,0.24,0.01
32011,0.17,0.07,-0.1
32013,0.2,0.14,-0.06
32015,0.21,0.14,-0.07
32017,0.19,0.13,-0.06
32019,0.22,0.13,-0.09
32021,0.24,0.14,-0.1
32023,0.23,0.14,-0.09
32027,0.22,0.14,-0.08
32029,0.17,0.1,-0.07
32031,0.19,0.1,-0.09
32033,0.22,0.12,-0.1
32510,0.21,0.1,-0.11
33001,0.13,0.05,-0.08
33003,0.14,0.05,-0.09
33005,0.14,0.05,-0.09
33007,0.17,0.07,-0.1
33009,0.15,0.05,-0.1
33011,0.11,0.04,-0.07
33013,0.11,0.04,-0.07
33015,0.09,0.03,-0.06
33017,0.13,0.04,-0.09
33019,0.14,0.05,-0.09
34001,0.15,0.07,-0.08
34003,0.1,0.03,-0.07
34005,0.1,0.03,-0.07
34007,0.14,0.05,-0.09
34009,0.13,0.05,-0.08
34011,0.2,0.08,-0.12
34013,0.17,0.06,-0.11
34015,0.1,0.03,-0.07
34017,0.17,0.08,-0.09
34019,0.06,0.02,-0.04
34021,0.12,0.05,-0.07
34023,0.12,0.04,-0.08
34025,0.09,0.03,-0.06
34027,0.07,0.02,-0.05
34029,0.11,0.04,-0.08
34031,0.17,0.07,-0.1
34033,0.13,0.04,-0.09
34035,0.08,0.03,-0.06
34037,0.08,0.02,-0.06
34039,0.15,0.05,-0.1
34041,0.09,0.03,-0.06
35001,0.2,0.08,-0.12
35003,0.19,0.12,-0.07
35005,0.26,0.13,-0.13
35006,0.33,0.15,-0.18
35007,0.26,0.1,-0.16
35009,0.23,0.13,-0.11
35011,0.2,0.13,-0.07
35013,0.27,0.11,-0.16
35015,0.23,0.11,-0.12
35017,0.26,0.09,-0.17
35019,0.29,0.08,-0.21
35021,0.23,0.11,-0.12
35023,0.31,0.11,-0.2
35025,0.24,0.14,-0.1
35027,0.18,0.1,-0.08
35028,0.07,0.03,-0.04
35029,0.3,0.16,-0.14
35031,0.31,0.24,-0.07
35033,0.27,0.07,-0.21
35035,0.24,0.13,-0.12
35037,0.25,0.13,-0.12
35039,0.28,0.11,-0.17
35041,0.28,0.14,-0.14
35043,0.17,0.07,-0.1
35045,0.23,0.15,-0.08
35047,0.31,0.09,-0.22
35049,0.19,0.08,-0.11
35051,0.23,0.11,-0.12
35053,0.28,0.11,-0.17
35055,0.28,0.1,-0.18
35057,0.25,0.11,-0.15
35059,0.23,0.09,-0.14
35061,0.24,0.1,-0.15
36001,0.11,0.05,-0.06
36003,0.16,0.07,-0.09
36005,0.17,0.11,-0.06
36007,0.14,0.06,-0.08
36009,0.16,0.07,-0.09
36011,0.13,0.06,-0.07
36013,0.14,0.07,-0.08
36015,0.14,0.05,-0.09
36017,0.15,0.07,-0.09
36019,0.14,0.06,-0.08
36021,0.12,0.06,-0.07
36023,0.12,0.06,-0.06
36025,0.15,0.07,-0.08
36027,0.1,0.05,-0.05
36029,0.12,0.05,-0.07
36031,0.14,0.06,-0.08
36033,0.16,0.08,-0.08
36035,0.16,0.07,-0.09
36037,0.13,0.05,-0.09
36039,0.14,0.06,-0.08
36041,0.12,0.06,-0.06
36043,0.14,0.06,-0.08
36045,0.14,0.07,-0.07
36047,0.13,0.08,-0.05
36049,0.14,0.07,-0.07
36051,0.11,0.05,-0.06
36053,0.12,0.07,-0.05
36055,0.12,0.05,-0.07
36057,0.16,0.08,-0.08
36059,0.09,0.03,-0.06
36061,0.09,0.08,-0.02
36063,0.12,0.05,-0.07
36065,0.13,0.07,-0.06
36067,0.12,0.06,-0.06
36069,0.1,0.04,-0.06
36071,0.1,0.05,-0.05
36073,0.15,0.06,-0.1
36075,0.14,0.06,-0.08
36077,0.15,0.06,-0.09
36079,0.07,0.03,-0.04
36081,0.13,0.08,-0.05
36083,0.1,0.05,-0.05
36085,0.09,0.04,-0.05
36087,0.09,0.04,-0.05
36089,0.16,0.07,-0.09
36091,0.08,0.04,-0.04
36093,0.12,0.06,-0.06
36095,0.11,0.06,-0.05
36097,0.14,0.06,-0.08
36099,0.13,0.07,-0.06
36101,0.15,0.06,-0.09
36103,0.09,0.04,-0.06
36105,0.16,0.07,-0.09
36107,0.13,0.05,-0.08
36109,0.13,0.05,-0.08
36111,0.13,0.05,-0.08
36113,0.12,0.05,-0.07
36115,0.13,0.06,-0.07
36117,0.12,0.04,-0.08
36119,0.1,0.05,-0.05
36121,0.1,0.04,-0.06
36123,0.15,0.08,-0.07
37001,0.19,0.13,-0.06
37003,0.19,0.11,-0.08
37005,0.2,0.16,-0.04
37007,0.26,0.16,-0.1
37009,0.2,0.14,-0.06
37011,0.19,0.14,-0.05
37013,0.22,0.16,-0.06
37015,0.26,0.16,-0.1
37017,0.26,0.15,-0.11
37019,0.18,0.1,-0.08
37021,0.19,0.11,-0.08
37023,0.21,0.14,-0.07
37025,0.15,0.08,-0.07
37027,0.2,0.14,-0.06
37029,0.14,0.07,-0.07
37031,0.17,0.11,-0.07
37033,0.21,0.13,-0.08
37035,0.18,0.12,-0.07
37037,0.15,0.09,-0.06
37039,0.21,0.15,-0.06
37041,0.23,0.15,-0.08
37043,0.22,0.15,-0.07
37045,0.21,0.13,-0.08
37047,0.26,0.17,-0.09
37049,0.19,0.11,-0.08
37051,0.2,0.14,-0.06
37053,0.16,0.09,-0.08
37055,0.17,0.08,-0.09
37057,0.18,0.11,-0.08
37059,0.14,0.08,-0.06
37061,0.26,0.19,-0.07
37063,0.18,0.11,-0.08
37065,0.25,0.17,-0.08
37067,0.17,0.1,-0.07
37069,0.2,0.11,-0.09
37071,0.2,0.11,-0.09
37073,0.2,0.12,-0.08
37075,0.2,0.16,-0.04
37077,0.17,0.09,-0.08
37079,0.24,0.17,-0.07
37081,0.18,0.11,-0.07
37083,0.26,0.19,-0.08
37085,0.2,0.13,-0.07
37087,0.2,0.13,-0.07
37089,0.17,0.11,-0.06
37091,0.25,0.18,-0.07
37093,0.23,0.21,-0.02
37095,0.23,0.14,-0.09
37097,0.16,0.09,-0.07
37099,0.22,0.17,-0.05
37101,0.17,0.1,-0.07
37103,0.2,0.12,-0.08
37105,0.19,0.15,-0.04
37107,0.23,0.14,-0.09
37109,0.17,0.11,-0.07
37111,0.21,0.12,-0.09
37113,0.21,0.16,-0.05
37115,0.2,0.13,-0.07
37117,0.24,0.15,-0.09
37119,0.17,0.09,-0.08
37121,0.19,0.14,-0.06
37123,0.22,0.17,-0.05
37125,0.18,0.1,-0.08
37127,0.21,0.13,-0.08
37129,0.18,0.1,-0.09
37131,0.24,0.14,-0.1
37133,0.18,0.1,-0.08
37135,0.15,0.07,-0.08
37137,0.19,0.12,-0.07
37139,0.23,0.15,-0.09
37141,0.19,0.11,-0.08
37143,0.21,0.14,-0.07
37145,0.18,0.11,-0.07
37147,0.2,0.11,-0.09
37149,0.2,0.12,-0.08
37151,0.19,0.12,-0.07
37153,0.24,0.16,-0.08
37155,0.28,0.35,0.07
37157,0.2,0.12,-0.08
37159,0.2,0.13,-0.07
37161,0.22,0.14,-0.08
37163,0.24,0.22,-0.02
37165,0.25,0.22,-0.03
37167,0.18,0.1,-0.08
37169,0.16,0.08,-0.08
37171,0.21,0.16,-0.05
37173,0.25,0.22,-0.03
37175,0.18,0.11,-0.07
37177,0.26,0.18,-0.08
37179,0.12,0.07,-0.05
37181,0.24,0.18,-0.06
37183,0.13,0.07,-0.06
37185,0.24,0.2,-0.04
37187,0.25,0.15,-0.1
37189,0.21,0.11,-0.1
37191,0.21,0.15,-0.06
37193,0.2,0.15,-0.05
37195,0.22,0.16,-0.06
37197,0.17,0.12,-0.05
37199,0.19,0.1,-0.09
38001,0.15,0.08,-0.07
38003,0.14,0.08,-0.07
38005,0.21,0.24,0.03
38007,0.15,0.08,-0.07
38009,0.15,0.09,-0.06
38011,0.15,0.07,-0.08
38013,0.14,0.1,-0.04
38015,0.11,0.06,-0.05
38017,0.11,0.06,-0.05
38019,0.14,0.08,-0.06
38021,0.15,0.1,-0.05
38023,0.16,0.1,-0.06
38025,0.15,0.11,-0.04
38027,0.16,0.12,-0.04
38029,0.15,0.11,-0.04
38031,0.13,0.1,-0.03
38033,0.16,0.08,-0.08
38035,0.14,0.08,-0.06
38037,0.15,0.11,-0.04
38039,0.14,0.08,-0.06
38041,0.15,0.09,-0.07
38043,0.15,0.11,-0.04
38045,0.14,0.09,-0.06
38047,0.14,0.1,-0.04
38049,0.16,0.1,-0.06
38051,0.15,0.1,-0.05
38053,0.17,0.13,-0.04
38055,0.13,0.1,-0.03
38057,0.12,0.08,-0.04
38059,0.13,0.07,-0.06
38061,0.18,0.16,-0.02
38063,0.13,0.1,-0.03
38065,0.12,0.07,-0.05
38067,0.13,0.07,-0.06
38069,0.14,0.09,-0.05
38071,0.14,0.1,-0.04
38073,0.14,0.07,-0.07
38075,0.14,0.06,-0.08
38077,0.14,0.08,-0.07
38079,0.22,0.25,0.03
38081,0.13,0.08,-0.05
38083,0.16,0.12,-0.04
38085,0.25,0.36,0.11
38087,0.12,0.08,-0.04
38089,0.14,0.08,-0.06
38091,0.14,0.07,-0.07
38093,0.13,0.08,-0.06
38095,0.15,0.08,-0.07
38095,0.15,0.08,-0.07
38097,0.13,0.07,-0.06
38099,0.15,0.09,-0.06
38101,0.13,0.07,-0.06
38103,0.14,0.08,-0.06
38105,0.14,0.08,-0.06
39001,0.19,0.07,-0.12
39003,0.16,0.06,-0.1
39005,0.15,0.05,-0.1
39007,0.18,0.06,-0.12
39009,0.22,0.06,-0.16
39011,0.13,0.04,-0.09
39013,0.17,0.06,-0.12
39015,0.16,0.06,-0.1
39017,0.13,0.04,-0.09
39019,0.15,0.06,-0.09
39021,0.15,0.05,-0.1
39023,0.16,0.06,-0.1
39025,0.12,0.03,-0.09
39027,0.16,0.05,-0.11
39029,0.18,0.06,-0.12
39031,0.2,0.08,-0.12
39033,0.18,0.06,-0.12
39035,0.18,0.05,-0.13
39037,0.14,0.05,-0.09
39039,0.15,0.06,-0.09
39041,0.06,0.02,-0.04
39043,0.15,0.05,-0.1
39045,0.12,0.03,-0.09
39047,0.17,0.07,-0.1
39049,0.16,0.05,-0.11
39051,0.12,0.05,-0.07
39053,0.18,0.06,-0.12
39055,0.09,0.03,-0.06
39057,0.12,0.04,-0.08
39059,0.19,0.06,-0.13
39061,0.15,0.05,-0.1
39063,0.14,0.05,-0.09
39065,0.19,0.07,-0.12
39067,0.19,0.06,-0.13
39069,0.15,0.05,-0.1
39071,0.19,0.07,-0.12
39073,0.17,0.07,-0.11
39075,0.18,0.18,0.0
39077,0.16,0.05,-0.12
39079,0.19,0.08,-0.11
39081,0.18,0.06,-0.12
39083,0.17,0.06,-0.11
39085,0.12,0.04,-0.08
39087,0.19,0.07,-0.12
39089,0.13,0.04,-0.09
39091,0.15,0.06,-0.09
39093,0.14,0.05,-0.1
39095,0.19,0.05,-0.14
39097,0.13,0.05,-0.09
39099,0.18,0.05,-0.13
39101,0.17,0.06,-0.11
39103,0.09,0.03,-0.07
39105,0.2,0.06,-0.14
39107,0.13,0.04,-0.09
39109,0.13,0.04,-0.09
39111,0.17,0.07,-0.1
39113,0.17,0.06,-0.11
39115,0.19,0.07,-0.12
39117,0.15,0.05,-0.1
39119,0.16,0.06,-0.1
39121,0.17,0.06,-0.11
39123,0.13,0.05,-0.08
39125,0.14,0.05,-0.09
39127,0.18,0.06,-0.12
39129,0.14,0.05,-0.09
39131,0.23,0.07,-0.16
39133,0.14,0.04,-0.1
39135,0.14,0.05,-0.09
39137,0.11,0.04,-0.07
39139,0.17,0.06,-0.12
39141,0.18,0.06,-0.13
39143,0.15,0.05,-0.1
39145,0.21,0.07,-0.14
39147,0.16,0.06,-0.1
39149,0.13,0.05,-0.08
39151,0.16,0.05,-0.11
39153,0.15,0.05,-0.1
39155,0.17,0.05,-0.12
39157,0.16,0.05,-0.11
39159,0.1,0.03,-0.07
39161,0.14,0.05,-0.09
39163,0.19,0.07,-0.13
39165,0.08,0.03,-0.05
39167,0.16,0.05,-0.11
39169,0.15,0.06,-0.09
39171,0.15,0.05,-0.1
39173,0.13,0.04,-0.09
39175,0.15,0.05,-0.1
40001,0.27,0.28,0.01
40003,0.2,0.12,-0.08
40005,0.25,0.27,0.02
40007,0.18,0.19,0.01
40009,0.22,0.19,-0.03
40011,0.22,0.21,-0.02
40013,0.26,0.23,-0.04
40015,0.22,0.31,0.09
40017,0.15,0.09,-0.06
40019,0.24,0.25,0.01
40021,0.26,0.25,-0.01
40023,0.27,0.32,0.05
40025,0.22,0.22,0.0
40027,0.17,0.09,-0.08
40029,0.23,0.29,0.06
40031,0.21,0.19,-0.02
40033,0.21,0.23,0.02
40035,0.22,0.22,0.0
40037,0.22,0.18,-0.04
40039,0.24,0.23,-0.01
40041,0.24,0.22,-0.02
40043,0.19,0.2,0.01
40045,0.2,0.14,-0.06
40047,0.21,0.14,-0.07
40049,0.25,0.23,-0.02
40051,0.18,0.17,-0.01
40053,0.21,0.14,-0.07
40055,0.24,0.21,-0.03
40057,0.25,0.31,0.06
40059,0.21,0.16,-0.05
40061,0.26,0.28,0.02
40063,0.25,0.25,-0.01
40065,0.22,0.19,-0.03
40067,0.23,0.28,0.05
40069,0.24,0.25,0.01
40071,0.22,0.21,-0.02
40073,0.2,0.2,0.0
40075,0.23,0.23,0.0
40077,0.26,0.21,-0.05
40079,0.28,0.27,-0.01
40081,0.22,0.19,-0.03
40083,0.2,0.12,-0.09
40085,0.25,0.25,0.0
40087,0.17,0.14,-0.03
40089,0.27,0.26,-0.01
40091,0.24,0.25,0.01
40093,0.2,0.16,-0.04
40095,0.26,0.25,-0.01
40097,0.22,0.2,-0.03
40099,0.24,0.21,-0.03
40101,0.24,0.22,-0.02
40103,0.19,0.15,-0.04
40105,0.24,0.21,-0.03
40107,0.26,0.29,0.03
40109,0.21,0.15,-0.06
40111,0.25,0.23,-0.02
40113,0.21,0.17,-0.04
40115,0.25,0.26,0.01
40117,0.24,0.18,-0.06
40119,0.22,0.13,-0.09
40121,0.23,0.22,-0.01
40123,0.24,0.22,-0.02
40125,0.22,0.2,-0.02
40127,0.26,0.29,0.03
40129,0.2,0.18,-0.02
40131,0.15,0.12,-0.03
40133,0.27,0.26,-0.01
40135,0.25,0.21,-0.04
40137,0.21,0.22,0.01
40139,0.25,0.23,-0.02
40141,0.27,0.28,0.01
40143,0.19,0.16,-0.04
40145,0.16,0.12,-0.04
40147,0.2,0.18,-0.02
40149,0.22,0.19,-0.03
40151,0.22,0.12,-0.1
40153,0.21,0.17,-0.04
41001,0.22,0.07,-0.15
41003,0.17,0.05,-0.12
41005,0.13,0.04,-0.09
41007,0.2,0.07,-0.13
41009,0.16,0.05,-0.11
41011,0.21,0.09,-0.12
41013,0.2,0.07,-0.13
41015,0.21,0.08,-0.14
41017,0.17,0.05,-0.12
41019,0.21,0.09,-0.12
41021,0.2,0.08,-0.12
41023,0.22,0.08,-0.14
41025,0.23,0.1,-0.14
41027,0.2,0.07,-0.13
41029,0.21,0.07,-0.14
41031,0.23,0.12,-0.11
41033,0.22,0.07,-0.15
41035,0.23,0.09,-0.14
41037,0.24,0.08,-0.16
41039,0.2,0.06,-0.14
41041,0.21,0.07,-0.14
41043,0.18,0.07,-0.11
41045,0.26,0.1,-0.16
41047,0.2,0.08,-0.12
41049,0.22,0.1,-0.12
41051,0.18,0.06,-0.12
41053,0.16,0.05,-0.11
41055,0.18,0.07,-0.11
41057,0.19,0.07,-0.12
41059,0.22,0.1,-0.13
41061,0.2,0.08,-0.12
41063,0.21,0.07,-0.14
41065,0.21,0.09,-0.12
41067,0.14,0.05,-0.09
41069,0.18,0.07,-0.11
41071,0.17,0.06,-0.11
42001,0.12,0.05,-0.07
42003,0.13,0.04,-0.09
42005,0.15,0.05,-0.1
42007,0.13,0.04,-0.09
42009,0.15,0.07,-0.08
42011,0.14,0.07,-0.08
42013,0.16,0.05,-0.11
42015,0.17,0.07,-0.1
42017,0.08,0.02,-0.06
42019,0.11,0.04,-0.08
42021,0.16,0.05,-0.12
42023,0.17,0.08,-0.09
42025,0.15,0.05,-0.1
42027,0.15,0.06,-0.09
42029,0.08,0.03,-0.05
42031,0.17,0.07,-0.1
42033,0.18,0.06,-0.12
42035,0.18,0.07,-0.11
42037,0.16,0.05,-0.11
42039,0.18,0.07,-0.11
42041,0.11,0.04,-0.07
42043,0.14,0.06,-0.08
42045,0.12,0.04,-0.08
42047,0.16,0.05,-0.11
42049,0.15,0.05,-0.1
42051,0.18,0.06,-0.12
42053,0.15,0.07,-0.08
42055,0.14,0.06,-0.08
42057,0.17,0.07,-0.1
42059,0.16,0.05,-0.11
42061,0.16,0.05,-0.11
42063,0.18,0.06,-0.12
42065,0.18,0.06,-0.12
42067,0.14,0.08,-0.06
42069,0.15,0.05,-0.1
42071,0.13,0.08,-0.05
42073,0.16,0.05,-0.11
42075,0.14,0.06,-0.08
42077,0.15,0.06,-0.09
42079,0.16,0.06,-0.11
42081,0.16,0.07,-0.09
42083,0.17,0.07,-0.11
42085,0.16,0.06,-0.1
42087,0.17,0.09,-0.08
42089,0.17,0.05,-0.12
42091,0.09,0.03,-0.06
42093,0.14,0.05,-0.09
42095,0.13,0.04,-0.09
42097,0.17,0.08,-0.1
42099,0.12,0.05,-0.07
42101,0.19,0.08,-0.11
42103,0.16,0.05,-0.11
42105,0.15,0.07,-0.08
42107,0.15,0.05,-0.1
42109,0.13,0.08,-0.05
42111,0.15,0.05,-0.1
42113,0.14,0.06,-0.08
42115,0.17,0.05,-0.12
42117,0.17,0.07,-0.1
42119,0.14,0.07,-0.08
42121,0.16,0.06,-0.1
42123,0.16,0.07,-0.1
42125,0.12,0.04,-0.08
42127,0.15,0.05,-0.1
42129,0.12,0.04,-0.08
42131,0.14,0.05,-0.09
42133,0.12,0.05,-0.07
44001,0.1,0.03,-0.07
44003,0.11,0.03,-0.08
44005,0.1,0.03,-0.07
44007,0.16,0.06,-0.1
44009,0.09,0.03,-0.06
45001,0.23,0.14,-0.09
45003,0.19,0.12,-0.07
45005,0.29,0.13,-0.16
45007,0.19,0.14,-0.05
45009,0.26,0.14,-0.12
45011,0.25,0.16,-0.09
45013,0.17,0.1,-0.07
45015,0.19,0.11,-0.08
45017,0.24,0.12,-0.12
45019,0.18,0.1,-0.08
45021,0.24,0.16,-0.08
45023,0.25,0.14,-0.11
45025,0.26,0.16,-0.1
45027,0.28,0.14,-0.14
45029,0.24,0.18,-0.06
45031,0.25,0.13,-0.12
45033,0.28,0.22,-0.06
45035,0.17,0.09,-0.08
45037,0.21,0.11,-0.1
45039,0.22,0.14,-0.08
45041,0.22,0.12,-0.1
45043,0.22,0.15,-0.08
45045,0.17,0.11,-0.06
45047,0.22,0.14,-0.08
45049,0.25,0.17,-0.09
45051,0.23,0.13,-0.1
45053,0.24,0.17,-0.07
45055,0.2,0.12,-0.08
45057,0.21,0.12,-0.09
45059,0.22,0.15,-0.07
45061,0.28,0.14,-0.14
45063,0.16,0.09,-0.07
45065,0.22,0.1,-0.12
45067,0.26,0.19,-0.08
45069,0.29,0.19,-0.1
45071,0.21,0.15,-0.06
45073,0.19,0.13,-0.06
45075,0.27,0.17,-0.1
45077,0.19,0.11,-0.08
45079,0.18,0.1,-0.09
45081,0.24,0.16,-0.09
45083,0.19,0.13,-0.06
45085,0.23,0.15,-0.08
45087,0.25,0.16,-0.1
45089,0.29,0.17,-0.12
45091,0.16,0.08,-0.08
46003,0.17,0.09,-0.08
46005,0.17,0.12,-0.05
46007,0.26,0.23,-0.03
46009,0.17,0.09,-0.08
46011,0.16,0.09,-0.07
46013,0.15,0.08,-0.07
46015,0.18,0.11,-0.07
46017,0.31,0.32,0.01
46019,0.24,0.12,-0.13
46021,0.18,0.1,-0.08
46023,0.21,0.19,-0.02
46025,0.17,0.09,-0.08
46027,0.2,0.09,-0.11
46029,0.15,0.1,-0.06
46031,0.3,0.27,-0.03
46033,0.17,0.08,-0.09
46035,0.17,0.09,-0.08
46037,0.2,0.12,-0.08
46039,0.18,0.1,-0.08
46041,0.26,0.27,0.01
46043,0.17,0.12,-0.05
46045,0.15,0.08,-0.07
46047,0.22,0.11,-0.11
46049,0.17,0.1,-0.08
46051,0.15,0.11,-0.04
46053,0.21,0.16,-0.06
46055,0.18,0.11,-0.07
46057,0.16,0.09,-0.07
46059,0.15,0.09,-0.06
46061,0.15,0.09,-0.06
46063,0.18,0.1,-0.08
46065,0.13,0.08,-0.05
46067,0.17,0.13,-0.04
46069,0.16,0.12,-0.04
46071,0.29,0.18,-0.12
46073,0.16,0.09,-0.07
46075,0.3,0.14,-0.16
46077,0.15,0.09,-0.06
46079,0.16,0.08,-0.09
46081,0.19,0.1,-0.09
46083,0.09,0.05,-0.04
46085,0.24,0.19,-0.05
46087,0.15,0.08,-0.07
46089,0.16,0.12,-0.04
46091,0.18,0.15,-0.03
46093,0.18,0.1,-0.09
46095,0.26,0.21,-0.05
46097,0.18,0.09,-0.1
46099,0.14,0.07,-0.07
46101,0.17,0.12,-0.05
46103,0.18,0.1,-0.08
46105,0.19,0.15,-0.04
46107,0.2,0.11,-0.09
46109,0.22,0.19,-0.03
46111,0.18,0.09,-0.09
46113,0.34,0.33,-0.01
46115,0.16,0.09,-0.07
46117,0.16,0.1,-0.06
46119,0.15,0.11,-0.04
46121,0.32,0.32,0.0
46123,0.2,0.16,-0.04
46125,0.14,0.08,-0.06
46127,0.11,0.06,-0.05
46129,0.19,0.12,-0.07
46135,0.15,0.09,-0.06
46137,0.34,0.21,-0.13
47001,0.16,0.09,-0.07
47003,0.18,0.14,-0.04
47005,0.2,0.13,-0.07
47007,0.21,0.15,-0.06
47009,0.14,0.1,-0.04
47011,0.17,0.12,-0.06
47013,0.2,0.13,-0.07
47015,0.18,0.11,-0.07
47017,0.2,0.12,-0.08
47019,0.2,0.12,-0.08
47021,0.12,0.07,-0.05
47023,0.18,0.11,-0.07
47025,0.2,0.13,-0.08
47027,0.21,0.13,-0.08
47029,0.2,0.15,-0.05
47031,0.17,0.12,-0.06
47033,0.2,0.13,-0.07
47035,0.18,0.12,-0.06
47037,0.17,0.12,-0.05
47039,0.21,0.14,-0.07
47041,0.19,0.14,-0.05
47043,0.16,0.09,-0.07
47045,0.18,0.13,-0.06
47047,0.15,0.07,-0.08
47049,0.2,0.12,-0.08
47051,0.16,0.11,-0.05
47053,0.19,0.12,-0.07
47055,0.19,0.12,-0.07
47057,0.18,0.13,-0.05
47059,0.19,0.12,-0.08
47061,0.21,0.12,-0.09
47063,0.18,0.12,-0.06
47065,0.16,0.11,-0.05
47067,0.22,0.18,-0.05
47069,0.23,0.15,-0.08
47071,0.2,0.16,-0.05
47073,0.17,0.12,-0.06
47075,0.24,0.17,-0.08
47077,0.2,0.12,-0.08
47079,0.19,0.13,-0.06
47081,0.19,0.11,-0.08
47083,0.19,0.1,-0.1
47085,0.18,0.12,-0.07
47087,0.21,0.13,-0.08
47089,0.18,0.1,-0.08
47091,0.21,0.12,-0.09
47093,0.14,0.09,-0.05
47095,0.23,0.16,-0.07
47097,0.22,0.14,-0.08
47099,0.19,0.13,-0.07
47101,0.21,0.13,-0.09
47103,0.16,0.13,-0.03
47105,0.14,0.11,-0.03
47107,0.17,0.13,-0.04
47109,0.2,0.11,-0.09
47111,0.2,0.12,-0.08
47113,0.18,0.14,-0.04
47115,0.18,0.1,-0.08
47117,0.17,0.12,-0.06
47119,0.15,0.1,-0.05
47121,0.2,0.14,-0.06
47121,0.2,0.14,-0.06
47123,0.19,0.15,-0.04
47125,0.16,0.08,-0.08
47127,0.15,0.09,-0.06
47129,0.19,0.13,-0.06
47131,0.18,0.13,-0.05
47133,0.19,0.1,-0.09
47135,0.21,0.13,-0.08
47137,0.17,0.1,-0.07
47139,0.19,0.13,-0.06
47141,0.19,0.13,-0.06
47143,0.2,0.12,-0.08
47145,0.16,0.11,-0.05
47147,0.14,0.09,-0.05
47149,0.14,0.07,-0.07
47151,0.23,0.12,-0.12
47153,0.19,0.11,-0.08
47155,0.18,0.15,-0.03
47157,0.18,0.12,-0.06
47159,0.17,0.08,-0.09
47161,0.18,0.1,-0.08
47163,0.15,0.1,-0.06
47165,0.12,0.07,-0.05
47167,0.15,0.08,-0.07
47169,0.18,0.09,-0.09
47171,0.18,0.11,-0.07
47173,0.18,0.13,-0.05
47175,0.19,0.11,-0.08
47177,0.19,0.15,-0.04
47179,0.15,0.09,-0.06
47181,0.22,0.14,-0.08
47183,0.2,0.11,-0.09
47185,0.19,0.12,-0.07
47187,0.06,0.04,-0.02
47189,0.1,0.06,-0.04
48001,0.26,0.17,-0.09
48003,0.26,0.2,-0.06
48005,0.22,0.17,-0.05
48007,0.24,0.14,-0.1
48009,0.15,0.12,-0.03
48011,0.17,0.14,-0.03
48013,0.28,0.16,-0.12
48015,0.19,0.13,-0.06
48017,0.3,0.25,-0.05
48019,0.18,0.14,-0.05
48021,0.21,0.14,-0.07
48023,0.23,0.15,-0.08
48025,0.3,0.17,-0.13
48027,0.19,0.12,-0.08
48029,0.22,0.13,-0.09
48031,0.19,0.12,-0.07
48033,0.17,0.11,-0.06
48035,0.24,0.15,-0.09
48037,0.23,0.14,-0.09
48039,0.17,0.1,-0.07
48041,0.2,0.12,-0.08
48043,0.3,0.14,-0.16
48045,0.23,0.3,0.07
48047,0.38,0.22,-0.16
48049,0.23,0.18,-0.05
48051,0.22,0.15,-0.07
48053,0.2,0.13,-0.07
48055,0.26,0.16,-0.1
48057,0.27,0.18,-0.09
48059,0.22,0.17,-0.05
48061,0.36,0.28,-0.08
48063,0.27,0.2,-0.07
48065,0.16,0.1,-0.06
48067,0.25,0.16,-0.09
48069,0.3,0.28,-0.02
48071,0.16,0.08,-0.08
48073,0.26,0.19,-0.07
48075,0.25,0.15,-0.1
48077,0.2,0.12,-0.09
48079,0.33,0.3,-0.03
48081,0.22,0.18,-0.04
48083,0.27,0.18,-0.09
48085,0.11,0.05,-0.06
48087,0.26,0.31,0.05
48089,0.24,0.16,-0.08
48091,0.15,0.09,-0.07
48093,0.26,0.22,-0.04
48095,0.2,0.14,-0.06
48097,0.21,0.15,-0.06
48099,0.2,0.12,-0.08
48101,0.21,0.27,0.06
48103,0.3,0.17,-0.13
48105,0.26,0.18,-0.08
48107,0.3,0.22,-0.08
48109,0.39,0.26,-0.14
48111,0.3,0.31,0.01
48113,0.24,0.16,-0.08
48115,0.3,0.23,-0.07
48117,0.3,0.24,-0.06
48119,0.24,0.19,-0.05
48121,0.12,0.06,-0.06
48123,0.24,0.16,-0.08
48125,0.24,0.2,-0.04
48127,0.37,0.18,-0.19
48129,0.21,0.16,-0.05
48131,0.33,0.21,-0.12
48133,0.26,0.21,-0.06
48135,0.29,0.22,-0.07
48137,0.29,0.22,-0.07
48139,0.17,0.11,-0.06
48141,0.3,0.22,-0.09
48143,0.26,0.2,-0.06
48145,0.29,0.17,-0.12
48147,0.23,0.16,-0.07
48149,0.19,0.12,-0.07
48151,0.26,0.19,-0.07
48153,0.29,0.23,-0.07
48155,0.29,0.3,0.01
48157,0.14,0.07,-0.07
48159,0.24,0.14,-0.1
48161,0.22,0.15,-0.08
48163,0.33,0.19,-0.14
48165,0.25,0.28,0.03
48167,0.18,0.1,-0.08
48169,0.26,0.19,-0.07
48171,0.18,0.12,-0.06
48173,0.14,0.09,-0.05
48175,0.2,0.12,-0.08
48177,0.29,0.23,-0.07
48179,0.25,0.22,-0.03
48181,0.22,0.13,-0.09
48183,0.23,0.17,-0.06
48185,0.23,0.15,-0.08
48187,0.17,0.1,-0.07
48189,0.3,0.26,-0.05
48191,0.28,0.27,-0.02
48193,0.24,0.18,-0.06
48195,0.25,0.23,-0.02
48197,0.27,0.22,-0.05
48199,0.2,0.11,-0.09
48201,0.22,0.15,-0.07
48203,0.22,0.16,-0.06
48205,0.14,0.1,-0.04
48207,0.29,0.23,-0.06
48209,0.18,0.1,-0.08
48211,0.19,0.18,-0.01
48213,0.26,0.15,-0.11
48215,0.37,0.31,-0.07
48217,0.25,0.19,-0.06
48219,0.26,0.2,-0.06
48221,0.19,0.13,-0.06
48223,0.24,0.19,-0.05
48225,0.27,0.2,-0.07
48227,0.28,0.2,-0.08
48229,0.34,0.27,-0.07
48231,0.22,0.16,-0.06
48233,0.23,0.19,-0.04
48235,0.23,0.15,-0.08
48237,0.24,0.17,-0.07
48239,0.22,0.16,-0.06
48241,0.27,0.18,-0.09
48243,0.23,0.14,-0.09
48245,0.26,0.17,-0.09
48247,0.36,0.18,-0.18
48249,0.31,0.2,-0.11
48251,0.19,0.11,-0.08
48253,0.26,0.18,-0.09
48255,0.28,0.16,-0.13
48257,0.17,0.11,-0.07
48259,0.14,0.07,-0.07
48261,0.28,0.15,-0.13
48263,0.24,0.15,-0.09
48265,0.22,0.14,-0.08
48267,0.26,0.21,-0.06
48269,0.14,0.08,-0.06
48271,0.32,0.17,-0.15
48273,0.33,0.19,-0.14
48275,0.27,0.25,-0.02
48277,0.22,0.18,-0.04
48279,0.31,0.27,-0.04
48281,0.23,0.15,-0.08
48283,0.35,0.22,-0.13
48285,0.21,0.15,-0.06
48287,0.19,0.14,-0.05
48289,0.21,0.18,-0.03
48291,0.23,0.16,-0.07
48293,0.27,0.18,-0.09
48295,0.21,0.2,-0.01
48297,0.25,0.16,-0.09
48299,0.2,0.13,-0.08
48301,0.25,0.11,-0.14
48303,0.22,0.13,-0.09
48305,0.25,0.2,-0.05
48307,0.27,0.18,-0.09
48309,0.22,0.16,-0.06
48311,0.23,0.14,-0.09
48313,0.24,0.19,-0.05
48315,0.26,0.17,-0.09
48317,0.25,0.19,-0.06
48319,0.2,0.17,-0.04
48321,0.28,0.16,-0.12
48323,0.36,0.33,-0.03
48325,0.25,0.14,-0.11
48327,0.22,0.19,-0.03
48329,0.2,0.14,-0.06
48331,0.24,0.16,-0.08
48333,0.22,0.21,-0.01
48335,0.3,0.19,-0.11
48337,0.23,0.17,-0.06
48339,0.15,0.08,-0.07
48341,0.26,0.26,0.0
48343,0.25,0.15,-0.1
48345,0.21,0.17,-0.04
48347,0.25,0.17,-0.08
48349,0.25,0.2,-0.05
48351,0.28,0.13,-0.15
48353,0.29,0.19,-0.1
48355,0.25,0.15,-0.1
48357,0.28,0.25,-0.03
48359,0.18,0.11,-0.07
48361,0.21,0.13,-0.08
48363,0.26,0.21,-0.05
48365,0.23,0.16,-0.07
48367,0.15,0.1,-0.05
48369,0.29,0.28,-0.01
48371,0.31,0.19,-0.12
48373,0.25,0.17,-0.08
48375,0.28,0.22,-0.06
48377,0.33,0.29,-0.04
48379,0.25,0.14,-0.11
48381,0.15,0.1,-0.05
48383,0.26,0.25,-0.01
48385,0.24,0.21,-0.04
48387,0.27,0.19,-0.08
48389,0.36,0.26,-0.1
48391,0.26,0.16,-0.1
48393,0.16,0.09,-0.07
48395,0.24,0.19,-0.05
48397,0.12,0.06,-0.06
48399,0.26,0.18,-0.08
48401,0.23,0.16,-0.08
48403,0.25,0.18,-0.07
48405,0.3,0.2,-0.1
48407,0.24,0.15,-0.09
48409,0.25,0.16,-0.09
48411,0.26,0.22,-0.04
48413,0.28,0.19,-0.09
48415,0.25,0.19,-0.06
48417,0.21,0.16,-0.05
48419,0.29,0.24,-0.06
48421,0.25,0.25,0.0
48423,0.21,0.15,-0.06
48425,0.17,0.12,-0.05
48427,0.39,0.31,-0.08
48429,0.25,0.21,-0.05
48431,0.21,0.16,-0.06
48433,0.25,0.16,-0.09
48435,0.27,0.18,-0.09
48437,0.29,0.21,-0.08
48439,0.18,0.12,-0.06
48441,0.21,0.14,-0.07
48443,0.17,0.16,-0.01
48445,0.3,0.25,-0.05
48447,0.23,0.26,0.03
48449,0.29,0.26,-0.03
48451,0.23,0.15,-0.08
48453,0.19,0.1,-0.1
48455,0.23,0.19,-0.04
48457,0.26,0.16,-0.1
48459,0.22,0.16,-0.06
48461,0.26,0.21,-0.05
48463,0.33,0.21,-0.12
48465,0.33,0.24,-0.09
48467,0.24,0.17,-0.07
48469,0.23,0.15,-0.08
48471,0.22,0.16,-0.06
48473,0.22,0.16,-0.06
48475,0.29,0.2,-0.09
48477,0.19,0.13,-0.06
48479,0.34,0.25,-0.09
48481,0.25,0.19,-0.06
48483,0.23,0.17,-0.06
48485,0.21,0.14,-0.07
48487,0.25,0.21,-0.04
48489,0.43,0.24,-0.19
48491,0.13,0.06,-0.07
48493,0.18,0.09,-0.09
48495,0.31,0.23,-0.09
48497,0.19,0.11,-0.08
48499,0.24,0.16,-0.08
48501,0.27,0.24,-0.03
48503,0.23,0.19,-0.04
48505,0.35,0.23,-0.12
48507,0.38,0.24,-0.14
49001,0.21,0.09,-0.12
49003,0.16,0.07,-0.09
49005,0.18,0.09,-0.09
49007,0.22,0.12,-0.1
49009,0.21,0.09,-0.12
49011,0.12,0.04,-0.08
49013,0.19,0.14,-0.05
49015,0.16,0.09,-0.07
49017,0.18,0.09,-0.09
49019,0.24,0.16,-0.08
49021,0.23,0.12,-0.11
49023,0.19,0.1,-0.09
49025,0.18,0.09,-0.09
49027,0.2,0.12,-0.08
49029,0.12,0.05,-0.07
49031,0.19,0.11,-0.08
49033,0.16,0.09,-0.07
49035,0.17,0.08,-0.09
49037,0.26,0.27,0.01
49039,0.23,0.09,-0.14
49041,0.21,0.09,-0.12
49043,0.12,0.05,-0.07
49045,0.14,0.06,-0.08
49047,0.19,0.12,-0.07
49049,0.15,0.06,-0.09
49051,0.15,0.09,-0.06
49053,0.2,0.1,-0.1
49055,0.18,0.09,-0.09
49057,0.18,0.09,-0.09
50001,0.1,0.04,-0.06
50003,0.12,0.05,-0.07
50005,0.14,0.05,-0.09
50007,0.09,0.04,-0.05
50009,0.16,0.06,-0.1
50011,0.1,0.05,-0.05
50013,0.09,0.04,-0.05
50015,0.12,0.05,-0.07
50017,0.11,0.05,-0.06
50019,0.15,0.06,-0.09
50021,0.12,0.05,-0.07
50023,0.11,0.04,-0.07
50025,0.12,0.05,-0.07
50027,0.11,0.04,-0.07
51001,0.18,0.12,-0.06
51003,0.1,0.05,-0.05
51005,0.15,0.07,-0.08
51007,0.14,0.1,-0.04
51009,0.15,0.1,-0.06
51011,0.16,0.09,-0.07
51013,0.08,0.04,-0.04
51015,0.11,0.06,-0.05
51017,0.13,0.1,-0.04
51019,0.11,0.05,-0.06
51021,0.14,0.07,-0.07
51023,0.09,0.04,-0.05
51025,0.21,0.12,-0.09
51027,0.18,0.09,-0.09
51029,0.18,0.13,-0.05
51031,0.15,0.07,-0.08
51033,0.15,0.08,-0.07
51035,0.17,0.11,-0.06
51036,0.17,0.15,-0.02
51037,0.18,0.12,-0.06
51041,0.1,0.05,-0.05
51043,0.08,0.04,-0.05
51045,0.11,0.06,-0.05
51047,0.11,0.06,-0.05
51049,0.18,0.11,-0.07
51051,0.18,0.08,-0.1
51053,0.17,0.08,-0.09
51057,0.18,0.1,-0.08
51059,0.08,0.03,-0.05
51061,0.07,0.04,-0.03
51063,0.14,0.1,-0.04
51065,0.1,0.05,-0.05
51067,0.15,0.09,-0.06
51069,0.11,0.05,-0.06
51071,0.14,0.08,-0.06
51073,0.1,0.06,-0.05
51075,0.07,0.04,-0.04
51077,0.17,0.12,-0.05
51079,0.11,0.07,-0.04
51081,0.2,0.1,-0.11
51083,0.19,0.13,-0.06
51085,0.07,0.04,-0.04
51087,0.13,0.06,-0.07
51089,0.21,0.12,-0.09
51091,0.11,0.08,-0.03
51093,0.11,0.05,-0.06
51095,0.08,0.04,-0.04
51097,0.16,0.08,-0.08
51099,0.08,0.05,-0.03
51101,0.12,0.06,-0.07
51103,0.16,0.1,-0.06
51105,0.17,0.09,-0.08
51107,0.06,0.02,-0.04
51109,0.13,0.08,-0.05
51111,0.19,0.12,-0.07
51113,0.12,0.07,-0.05
51115,0.11,0.06,-0.05
51117,0.18,0.14,-0.04
51119,0.13,0.06,-0.07
51121,0.16,0.06,-0.1
51125,0.14,0.09,-0.05
51127,0.1,0.05,-0.05
51131,0.19,0.11,-0.08
51133,0.14,0.1,-0.05
51135,0.19,0.13,-0.06
51137,0.13,0.08,-0.05
51139,0.17,0.08,-0.09
51141,0.18,0.11,-0.07
51143,0.18,0.12,-0.07
51145,0.07,0.04,-0.03
51147,0.2,0.1,-0.1
51149,0.14,0.07,-0.07
51153,0.09,0.04,-0.05
51155,0.16,0.08,-0.08
51157,0.11,0.07,-0.04
51159,0.16,0.11,-0.05
51161,0.09,0.04,-0.05
51163,0.13,0.09,-0.04
51165,0.13,0.09,-0.04
51167,0.16,0.09,-0.07
51169,0.17,0.09,-0.09
51171,0.14,0.07,-0.07
51173,0.17,0.09,-0.08
51175,0.17,0.09,-0.08
51177,0.09,0.05,-0.04
51179,0.08,0.03,-0.05
51181,0.18,0.08,-0.1
51183,0.2,0.12,-0.08
51185,0.19,0.08,-0.11
51187,0.11,0.05,-0.06
51191,0.15,0.07,-0.08
51193,0.17,0.11,-0.06
51195,0.18,0.09,-0.09
51197,0.17,0.08,-0.09
51199,0.07,0.04,-0.03
51510,0.1,0.05,-0.05
51515,0.17,NA,NA
51520,0.19,0.13,-0.06
51530,0.18,0.13,-0.05
51540,0.18,0.1,-0.08
51550,0.11,0.05,-0.06
51570,0.16,0.09,-0.07
51580,0.17,0.14,-0.03
51590,0.22,0.15,-0.08
51595,0.24,0.16,-0.08
51600,0.09,0.05,-0.04
51610,0.07,0.03,-0.04
51620,0.2,0.12,-0.08
51630,0.17,0.12,-0.05
51640,0.18,0.17,-0.01
51650,0.16,0.08,-0.08
51660,0.22,0.1,-0.12
51670,0.24,0.12,-0.12
51678,0.18,0.12,-0.06
51680,0.2,0.12,-0.08
51683,0.14,0.08,-0.06
51685,0.14,0.09,-0.05
51690,0.23,0.16,-0.07
51700,0.17,0.08,-0.09
51710,0.19,0.1,-0.09
51720,0.17,0.08,-0.09
51730,0.25,0.15,-0.1
51735,0.07,0.03,-0.04
51740,0.18,0.09,-0.09
51750,0.18,0.09,-0.09
51760,0.2,0.12,-0.09
51770,0.19,0.1,-0.09
51775,0.14,0.07,-0.07
51790,0.16,0.1,-0.07
51800,0.12,0.07,-0.05
51810,0.11,0.05,-0.06
51820,0.17,0.1,-0.07
51830,0.19,0.09,-0.1
51840,0.17,0.1,-0.07
53001,0.25,0.13,-0.12
53003,0.17,0.07,-0.1
53005,0.14,0.06,-0.08
53007,0.18,0.08,-0.1
53009,0.18,0.09,-0.09
53011,0.14,0.05,-0.09
53013,0.18,0.07,-0.11
53015,0.17,0.07,-0.1
53017,0.19,0.08,-0.11
53019,0.22,0.1,-0.12
53021,0.2,0.12,-0.08
53023,0.14,0.05,-0.09
53025,0.22,0.1,-0.13
53027,0.21,0.09,-0.12
53029,0.13,0.05,-0.08
53031,0.17,0.06,-0.11
53033,0.11,0.05,-0.06
53035,0.12,0.05,-0.07
53037,0.19,0.06,-0.13
53039,0.19,0.1,-0.09
53041,0.2,0.08,-0.12
53043,0.17,0.06,-0.11
53045,0.19,0.08,-0.11
53047,0.21,0.11,-0.1
53049,0.2,0.08,-0.12
53051,0.19,0.06,-0.13
53053,0.15,0.06,-0.09
53055,0.14,0.08,-0.06
53057,0.15,0.07,-0.08
53059,0.16,0.05,-0.11
53061,0.12,0.04,-0.08
53063,0.16,0.05,-0.11
53065,0.18,0.07,-0.11
53067,0.13,0.04,-0.09
53069,0.18,0.07,-0.11
53071,0.17,0.07,-0.1
53073,0.16,0.07,-0.09
53075,0.18,0.06,-0.12
53077,0.23,0.13,-0.1
54001,0.22,0.08,-0.14
54003,0.18,0.06,-0.12
54005,0.2,0.06,-0.14
54007,0.23,0.09,-0.15
54009,0.19,0.06,-0.13
54011,0.2,0.07,-0.13
54013,0.22,0.11,-0.11
54015,0.22,0.08,-0.14
54017,0.23,0.09,-0.14
54019,0.23,0.08,-0.15
54021,0.26,0.07,-0.19
54023,0.19,0.07,-0.12
54025,0.22,0.08,-0.14
54027,0.22,0.1,-0.12
54029,0.19,0.06,-0.13
54031,0.2,0.1,-0.1
54033,0.2,0.07,-0.13
54035,0.21,0.07,-0.14
54037,0.15,0.05,-0.1
54039,0.18,0.06,-0.12
54041,0.22,0.07,-0.15
54043,0.24,0.09,-0.16
54045,0.22,0.08,-0.14
54047,0.26,0.1,-0.16
54049,0.21,0.07,-0.14
54051,0.2,0.07,-0.14
54053,0.21,0.06,-0.15
54055,0.23,0.1,-0.13
54057,0.21,0.09,-0.12
54059,0.23,0.08,-0.15
54061,0.19,0.05,-0.14
54063,0.21,0.07,-0.14
54065,0.21,0.08,-0.13
54067,0.22,0.07,-0.15
54069,0.18,0.06,-0.12
54071,0.21,0.09,-0.12
54073,0.2,0.06,-0.14
54075,0.21,0.08,-0.13
54077,0.18,0.06,-0.12
54079,0.14,0.04,-0.1
54081,0.21,0.07,-0.14
54083,0.22,0.07,-0.15
54085,0.22,0.08,-0.14
54087,0.22,0.08,-0.14
54089,0.22,0.08,-0.14
54091,0.22,0.07,-0.15
54093,0.2,0.07,-0.13
54095,0.2,0.07,-0.13
54097,0.23,0.07,-0.16
54099,0.22,0.07,-0.15
54101,0.24,0.09,-0.15
54103,0.19,0.07,-0.12
54105,0.24,0.08,-0.16
54107,0.19,0.06,-0.13
54109,0.23,0.08,-0.15
55001,0.15,0.14,-0.01
55003,0.18,0.2,0.02
55005,0.14,0.12,-0.02
55007,0.16,0.15,-0.01
55009,0.11,0.1,-0.01
55011,0.14,0.09,-0.05
55013,0.17,0.16,-0.01
55015,0.09,0.06,-0.03
55017,0.13,0.08,-0.05
55019,0.15,0.2,0.05
55021,0.11,0.08,-0.04
55023,0.15,0.11,-0.04
55025,0.1,0.08,-0.02
55027,0.12,0.1,-0.02
55029,0.12,0.1,-0.02
55031,0.15,0.12,-0.03
55033,0.15,0.12,-0.04
55035,0.13,0.09,-0.04
55037,0.13,0.15,0.02
55039,0.11,0.09,-0.02
55041,0.17,0.2,0.03
55043,0.15,0.1,-0.05
55045,0.11,0.08,-0.04
55047,0.12,0.12,-0.01
55049,0.11,0.07,-0.04
55051,0.16,0.16,0.0
55053,0.15,0.16,0.01
55055,0.11,0.09,-0.02
55057,0.15,0.14,-0.01
55059,0.12,0.09,-0.03
55061,0.11,0.07,-0.04
55063,0.13,0.12,-0.01
55065,0.13,0.11,-0.02
55067,0.15,0.12,-0.03
55069,0.13,0.13,0.0
55071,0.12,0.1,-0.02
55073,0.11,0.09,-0.03
55075,0.15,0.12,-0.03
55077,0.15,0.11,-0.04
55078,0.22,0.37,0.15
55079,0.16,0.15,-0.01
55081,0.14,0.14,0.0
55083,0.12,0.09,-0.03
55085,0.13,0.14,0.01
55087,0.1,0.08,-0.02
55089,0.07,0.05,-0.02
55091,0.14,0.09,-0.05
55093,0.12,0.08,-0.05
55095,0.13,0.1,-0.04
55097,0.13,0.11,-0.03
55099,0.15,0.12,-0.03
55101,0.12,0.11,-0.01
55103,0.14,0.11,-0.03
55105,0.14,0.11,-0.03
55107,0.17,0.11,-0.07
55109,0.09,0.06,-0.04
55111,0.12,0.11,-0.01
55113,0.16,0.24,0.08
55115,0.14,0.14,-0.01
55117,0.1,0.08,-0.02
55119,0.14,0.11,-0.03
55121,0.15,0.1,-0.05
55123,0.15,0.12,-0.03
55125,0.15,0.18,0.03
55127,0.13,0.1,-0.03
55129,0.16,0.13,-0.03
55131,0.08,0.06,-0.02
55133,0.07,0.05,-0.02
55135,0.12,0.11,-0.01
55137,0.15,0.11,-0.05
55139,0.12,0.09,-0.03
55141,0.13,0.1,-0.03
56001,0.16,0.09,-0.07
56003,0.15,0.12,-0.03
56005,0.1,0.09,-0.01
56007,0.16,0.11,-0.05
56009,0.13,0.09,-0.04
56011,0.12,0.09,-0.03
56013,0.17,0.19,0.02
56015,0.15,0.11,-0.04
56017,0.14,0.13,-0.01
56019,0.13,0.09,-0.04
56021,0.12,0.09,-0.03
56023,0.13,0.08,-0.05
56025,0.14,0.09,-0.05
56027,0.16,0.12,-0.04
56029,0.13,0.1,-0.04
56031,0.13,0.09,-0.04
56033,0.13,0.09,-0.04
56035,0.12,0.08,-0.04
56037,0.12,0.09,-0.03
56039,0.13,0.08,-0.05
56041,0.13,0.11,-0.02
56043,0.15,0.1,-0.05
56045,0.14,0.09,-0.05
60010,NA,NA,NA
60020,NA,NA,NA
60030,NA,NA,NA
60040,NA,NA,NA
60050,NA,NA,NA
66010,NA,NA,NA
69085,NA,NA,NA
69100,NA,NA,NA
69110,NA,NA,NA
69120,NA,NA,NA
72001,NA,NA,NA
72003,NA,NA,NA
72005,NA,NA,NA
72007,NA,NA,NA
72009,NA,NA,NA
72011,NA,NA,NA
72013,NA,NA,NA
72015,NA,NA,NA
72017,NA,NA,NA
72019,NA,NA,NA
72021,NA,NA,NA
72023,NA,NA,NA
72025,NA,NA,NA
72027,NA,NA,NA
72029,NA,NA,NA
72031,NA,NA,NA
72033,NA,NA,NA
72035,NA,NA,NA
72037,NA,NA,NA
72039,NA,NA,NA
72041,NA,NA,NA
72043,NA,NA,NA
72045,NA,NA,NA
72047,NA,NA,NA
72049,NA,NA,NA
72051,NA,NA,NA
72053,NA,NA,NA
72054,NA,NA,NA
72055,NA,NA,NA
72057,NA,NA,NA
72059,NA,NA,NA
72061,NA,NA,NA
72063,NA,NA,NA
72065,NA,NA,NA
72067,NA,NA,NA
72069,NA,NA,NA
72071,NA,NA,NA
72073,NA,NA,NA
72075,NA,NA,NA
72077,NA,NA,NA
72079,NA,NA,NA
72081,NA,NA,NA
72083,NA,NA,NA
72085,NA,NA,NA
72087,NA,NA,NA
72089,NA,NA,NA
72091,NA,NA,NA
72093,NA,NA,NA
72095,NA,NA,NA
72097,NA,NA,NA
72099,NA,NA,NA
72101,NA,NA,NA
72103,NA,NA,NA
72105,NA,NA,NA
72107,NA,NA,NA
72109,NA,NA,NA
72111,NA,NA,NA
72113,NA,NA,NA
72115,NA,NA,NA
72117,NA,NA,NA
72119,NA,NA,NA
72121,NA,NA,NA
72123,NA,NA,NA
72125,NA,NA,NA
72127,NA,NA,NA
72129,NA,NA,NA
72131,NA,NA,NA
72133,NA,NA,NA
72135,NA,NA,NA
72137,NA,NA,NA
72139,NA,NA,NA
72141,NA,NA,NA
72143,NA,NA,NA
72145,NA,NA,NA
72147,NA,NA,NA
72149,NA,NA,NA
72151,NA,NA,NA
72153,NA,NA,NA
74300,NA,NA,NA
78010,NA,NA,NA
78020,NA,NA,NA
78030,NA,NA,NA
