STATEFIPS,COUNTY,people_per_sq_mile
1.0,1.0,91.8
1.0,3.0,114.6
1.0,5.0,31.0
1.0,7.0,36.8
1.0,9.0,88.9
1.0,11.0,17.5
1.0,13.0,27.0
1.0,15.0,195.7
1.0,17.0,57.4
1.0,19.0,46.9
1.0,21.0,63.0
1.0,23.0,15.2
1.0,25.0,20.9
1.0,27.0,23.1
1.0,29.0,26.7
1.0,31.0,73.6
1.0,33.0,91.8
1.0,35.0,15.6
1.0,37.0,17.7
1.0,39.0,36.6
1.0,41.0,22.8
1.0,43.0,109.4
1.0,45.0,89.6
1.0,47.0,44.8
1.0,49.0,91.5
1.0,51.0,128.2
1.0,53.0,40.5
1.0,55.0,195.2
1.0,57.0,27.5
1.0,59.0,50.0
1.0,61.0,46.6
1.0,63.0,14.0
1.0,65.0,24.5
1.0,67.0,30.8
1.0,69.0,175.1
1.0,71.0,49.4
1.0,73.0,592.5
1.0,75.0,24.1
1.0,77.0,138.8
1.0,79.0,49.7
1.0,81.0,230.8
1.0,83.0,147.8
1.0,85.0,15.8
1.0,87.0,35.2
1.0,89.0,417.7
1.0,91.0,21.5
1.0,93.0,41.5
1.0,95.0,164.4
1.0,97.0,335.9
1.0,99.0,22.5
1.0,101.0,292.5
1.0,103.0,206.3
1.0,105.0,14.7
1.0,107.0,22.4
1.0,109.0,48.9
1.0,111.0,39.5
1.0,113.0,82.6
1.0,115.0,132.3
1.0,117.0,248.5
1.0,119.0,15.2
1.0,121.0,111.7
1.0,123.0,58.1
1.0,125.0,147.3
1.0,127.0,84.7
1.0,129.0,16.3
1.0,131.0,13.1
1.0,133.0,39.9
2.0,13.0,0.4
2.0,16.0,1.3
2.0,20.0,171.2
2.0,50.0,0.4
2.0,60.0,2.0
2.0,68.0,0.1
2.0,70.0,0.3
2.0,90.0,13.3
2.0,100.0,1.1
2.0,105.0,0.3
2.0,110.0,11.6
2.0,122.0,3.4
2.0,130.0,2.8
2.0,150.0,2.1
2.0,164.0,0.1
2.0,170.0,3.6
2.0,180.0,0.4
2.0,185.0,0.1
2.0,188.0,0.2
2.0,195.0,1.2
2.0,198.0,1.4
2.0,220.0,3.1
2.0,230.0,2.1
2.0,240.0,0.3
2.0,261.0,0.3
2.0,270.0,0.4
2.0,275.0,0.9
2.0,282.0,0.1
2.0,290.0,0.0
4.0,1.0,6.4
4.0,3.0,21.3
4.0,5.0,7.2
4.0,7.0,11.3
4.0,9.0,8.1
4.0,11.0,4.6
4.0,12.0,4.6
4.0,13.0,414.9
4.0,15.0,15.0
4.0,17.0,10.8
4.0,19.0,106.7
4.0,21.0,70.0
4.0,23.0,38.3
4.0,25.0,26.0
4.0,27.0,35.5
5.0,1.0,19.2
5.0,3.0,23.6
5.0,5.0,74.9
5.0,7.0,261.2
5.0,9.0,62.5
5.0,11.0,17.7
5.0,13.0,8.5
5.0,15.0,43.6
5.0,17.0,18.3
5.0,19.0,26.6
5.0,21.0,25.2
5.0,23.0,46.9
5.0,25.0,14.5
5.0,27.0,32.1
5.0,29.0,38.5
5.0,31.0,136.4
5.0,33.0,104.4
5.0,35.0,83.5
5.0,37.0,29.0
5.0,39.0,12.2
5.0,41.0,16.9
5.0,43.0,22.3
5.0,45.0,174.8
5.0,47.0,29.8
5.0,49.0,19.8
5.0,51.0,141.7
5.0,53.0,28.3
5.0,55.0,72.9
5.0,57.0,31.1
5.0,59.0,53.5
5.0,61.0,23.4
5.0,63.0,48.0
5.0,65.0,23.6
5.0,67.0,28.4
5.0,69.0,88.9
5.0,71.0,38.7
5.0,73.0,14.5
5.0,75.0,29.6
5.0,77.0,17.3
5.0,79.0,25.2
5.0,81.0,24.7
5.0,83.0,31.6
5.0,85.0,88.7
5.0,87.0,18.8
5.0,89.0,27.9
5.0,91.0,69.5
5.0,93.0,51.6
5.0,95.0,13.4
5.0,97.0,12.2
5.0,99.0,14.6
5.0,101.0,10.1
5.0,103.0,35.6
5.0,105.0,18.9
5.0,107.0,31.3
5.0,109.0,18.8
5.0,111.0,32.4
5.0,113.0,24.1
5.0,115.0,76.0
5.0,117.0,13.4
5.0,119.0,503.8
5.0,121.0,27.6
5.0,123.0,44.5
5.0,125.0,148.0
5.0,127.0,12.6
5.0,129.0,12.3
5.0,131.0,236.4
5.0,133.0,30.2
5.0,135.0,28.6
5.0,137.0,20.4
5.0,139.0,40.1
5.0,141.0,24.4
5.0,143.0,215.6
5.0,145.0,74.5
5.0,147.0,12.4
5.0,149.0,23.9
6.0,1.0,2043.6
6.0,3.0,1.6
6.0,5.0,64.1
6.0,7.0,134.4
6.0,9.0,44.7
6.0,11.0,18.6
6.0,13.0,1465.2
6.0,15.0,28.4
6.0,17.0,106.0
6.0,19.0,156.2
6.0,21.0,21.4
6.0,23.0,37.7
6.0,25.0,41.8
6.0,27.0,1.8
6.0,29.0,103.3
6.0,31.0,110.1
6.0,33.0,51.5
6.0,35.0,7.7
6.0,37.0,2419.6
6.0,39.0,70.6
6.0,41.0,485.1
6.0,43.0,12.6
6.0,45.0,25.1
6.0,47.0,132.2
6.0,49.0,2.5
6.0,51.0,4.7
6.0,53.0,126.5
6.0,55.0,182.4
6.0,57.0,103.1
6.0,59.0,3807.7
6.0,61.0,247.6
6.0,63.0,7.8
6.0,65.0,303.8
6.0,67.0,1470.8
6.0,69.0,39.8
6.0,71.0,101.5
6.0,73.0,735.8
6.0,75.0,17179.2
6.0,77.0,492.6
6.0,79.0,81.7
6.0,81.0,1602.2
6.0,83.0,155.0
6.0,85.0,1381.0
6.0,87.0,589.4
6.0,89.0,46.9
6.0,91.0,3.4
6.0,93.0,7.2
6.0,95.0,503.0
6.0,97.0,307.1
6.0,99.0,344.2
6.0,101.0,157.3
6.0,103.0,21.5
6.0,105.0,4.3
6.0,107.0,91.7
6.0,109.0,24.9
6.0,111.0,446.7
6.0,113.0,197.9
6.0,115.0,114.2
8.0,1.0,378.2
8.0,3.0,21.4
8.0,5.0,716.7
8.0,7.0,8.9
8.0,9.0,1.5
8.0,11.0,4.3
8.0,13.0,405.6
8.0,14.0,1691.9
8.0,15.0,17.6
8.0,17.0,1.0
8.0,19.0,23.0
8.0,21.0,6.4
8.0,23.0,2.9
8.0,25.0,7.4
8.0,27.0,5.8
8.0,29.0,27.1
8.0,31.0,3922.6
8.0,33.0,1.9
8.0,35.0,339.7
8.0,37.0,31.0
8.0,39.0,12.5
8.0,41.0,292.6
8.0,43.0,30.5
8.0,45.0,19.1
8.0,47.0,36.3
8.0,49.0,8.0
8.0,51.0,4.7
8.0,53.0,0.8
8.0,55.0,4.2
8.0,57.0,0.9
8.0,59.0,699.5
8.0,61.0,0.8
8.0,63.0,3.8
8.0,65.0,19.4
8.0,67.0,30.3
8.0,69.0,115.4
8.0,71.0,3.2
8.0,73.0,2.1
8.0,75.0,12.4
8.0,77.0,44.1
8.0,79.0,0.8
8.0,81.0,2.9
8.0,83.0,12.6
8.0,85.0,18.4
8.0,87.0,22.0
8.0,89.0,14.9
8.0,91.0,8.2
8.0,93.0,7.4
8.0,95.0,6.5
8.0,97.0,17.7
8.0,99.0,7.7
8.0,101.0,66.7
8.0,103.0,2.1
8.0,105.0,13.1
8.0,107.0,10.0
8.0,109.0,1.9
8.0,111.0,1.8
8.0,113.0,5.7
8.0,115.0,4.3
8.0,117.0,46.0
8.0,119.0,41.9
8.0,121.0,1.9
8.0,123.0,63.4
8.0,125.0,4.2
9.0,1.0,1467.2
9.0,3.0,1216.2
9.0,5.0,206.3
9.0,7.0,448.6
9.0,9.0,1426.7
9.0,11.0,412.2
9.0,13.0,372.2
9.0,15.0,230.9
10.0,1.0,276.9
10.0,3.0,1263.2
10.0,5.0,210.6
11.0,1.0,9856.5
12.0,1.0,282.7
12.0,3.0,46.3
12.0,5.0,222.6
12.0,7.0,97.0
12.0,9.0,535.0
12.0,11.0,1444.9
12.0,13.0,25.8
12.0,15.0,235.2
12.0,17.0,242.8
12.0,19.0,315.8
12.0,21.0,160.9
12.0,23.0,84.7
12.0,27.0,54.7
12.0,29.0,23.3
12.0,31.0,1133.9
12.0,33.0,453.4
12.0,35.0,197.1
12.0,37.0,21.6
12.0,39.0,89.8
12.0,41.0,48.4
12.0,43.0,16.0
12.0,45.0,28.1
12.0,47.0,28.8
12.0,49.0,43.5
12.0,51.0,34.0
12.0,53.0,365.6
12.0,55.0,97.2
12.0,57.0,1204.9
12.0,59.0,41.6
12.0,61.0,274.5
12.0,63.0,54.2
12.0,65.0,24.7
12.0,67.0,16.3
12.0,69.0,316.6
12.0,71.0,788.7
12.0,73.0,413.1
12.0,75.0,36.5
12.0,77.0,10.0
12.0,79.0,27.6
12.0,81.0,434.5
12.0,83.0,209.1
12.0,85.0,269.2
12.0,86.0,1315.5
12.0,87.0,74.3
12.0,89.0,113.0
12.0,91.0,194.4
12.0,93.0,52.0
12.0,95.0,1268.5
12.0,97.0,202.4
12.0,99.0,670.2
12.0,101.0,622.2
12.0,103.0,3347.5
12.0,105.0,334.9
12.0,107.0,102.2
12.0,109.0,316.4
12.0,111.0,485.7
12.0,113.0,149.6
12.0,115.0,682.6
12.0,117.0,1367.0
12.0,119.0,170.8
12.0,121.0,60.3
12.0,123.0,21.6
12.0,125.0,63.8
12.0,127.0,449.2
12.0,129.0,50.8
12.0,131.0,53.0
12.0,133.0,42.7
13.0,1.0,36.0
13.0,3.0,24.7
13.0,5.0,42.9
13.0,7.0,10.1
13.0,9.0,177.3
13.0,11.0,79.3
13.0,13.0,432.7
13.0,15.0,217.9
13.0,17.0,70.5
13.0,19.0,42.7
13.0,21.0,622.8
13.0,23.0,60.5
13.0,25.0,41.6
13.0,27.0,32.9
13.0,29.0,69.3
13.0,31.0,104.4
13.0,33.0,28.2
13.0,35.0,128.3
13.0,37.0,23.9
13.0,39.0,82.4
13.0,43.0,45.3
13.0,45.0,221.5
13.0,47.0,394.3
13.0,49.0,15.7
13.0,51.0,621.7
13.0,53.0,45.3
13.0,55.0,83.0
13.0,57.0,508.3
13.0,59.0,979.1
13.0,61.0,16.3
13.0,63.0,1832.5
13.0,65.0,8.5
13.0,67.0,2026.4
13.0,69.0,73.7
13.0,71.0,83.6
13.0,73.0,427.6
13.0,75.0,75.8
13.0,77.0,288.8
13.0,79.0,38.9
13.0,81.0,86.0
13.0,83.0,95.6
13.0,85.0,105.9
13.0,87.0,46.6
13.0,89.0,2585.7
13.0,91.0,44.0
13.0,93.0,38.1
13.0,95.0,287.7
13.0,97.0,661.8
13.0,99.0,21.5
13.0,101.0,9.7
13.0,103.0,109.4
13.0,105.0,57.4
13.0,107.0,33.2
13.0,109.0,60.2
13.0,111.0,61.2
13.0,113.0,548.3
13.0,115.0,188.9
13.0,117.0,783.5
13.0,119.0,84.5
13.0,121.0,1748.0
13.0,123.0,66.3
13.0,125.0,21.4
13.0,127.0,189.7
13.0,129.0,155.1
13.0,131.0,55.0
13.0,133.0,41.3
13.0,135.0,1871.2
13.0,137.0,155.5
13.0,139.0,457.5
13.0,141.0,20.0
13.0,143.0,102.0
13.0,145.0,69.0
13.0,147.0,108.5
13.0,149.0,40.0
13.0,151.0,633.0
13.0,153.0,372.5
13.0,155.0,26.9
13.0,157.0,178.1
13.0,159.0,37.8
13.0,161.0,45.6
13.0,163.0,32.2
13.0,165.0,24.0
13.0,167.0,32.9
13.0,169.0,72.8
13.0,171.0,99.8
13.0,173.0,54.4
13.0,175.0,60.0
13.0,177.0,79.5
13.0,179.0,129.5
13.0,181.0,38.0
13.0,183.0,36.1
13.0,185.0,220.2
13.0,187.0,105.9
13.0,189.0,85.0
13.0,191.0,33.8
13.0,193.0,36.8
13.0,195.0,99.6
13.0,197.0,23.9
13.0,199.0,43.9
13.0,201.0,21.7
13.0,205.0,45.9
13.0,207.0,66.8
13.0,209.0,38.1
13.0,211.0,51.4
13.0,213.0,115.0
13.0,215.0,877.5
13.0,217.0,367.3
13.0,219.0,178.0
13.0,221.0,33.9
13.0,223.0,455.8
13.0,225.0,184.3
13.0,227.0,126.8
13.0,229.0,59.3
13.0,231.0,82.7
13.0,233.0,133.6
13.0,235.0,48.2
13.0,237.0,61.6
13.0,239.0,16.6
13.0,241.0,44.0
13.0,243.0,18.0
13.0,245.0,618.4
13.0,247.0,656.5
13.0,249.0,30.0
13.0,251.0,22.6
13.0,253.0,37.1
13.0,255.0,326.1
13.0,257.0,146.1
13.0,259.0,13.2
13.0,261.0,68.0
13.0,263.0,17.5
13.0,265.0,8.8
13.0,267.0,53.2
13.0,269.0,23.6
13.0,271.0,37.7
13.0,273.0,27.8
13.0,275.0,82.1
13.0,277.0,154.9
13.0,279.0,74.8
13.0,281.0,62.9
13.0,283.0,34.5
13.0,285.0,161.9
13.0,287.0,31.3
13.0,289.0,25.2
13.0,291.0,66.3
13.0,293.0,84.0
13.0,295.0,154.0
13.0,297.0,257.2
13.0,299.0,40.7
13.0,301.0,20.5
13.0,303.0,31.2
13.0,305.0,46.9
13.0,307.0,13.4
13.0,309.0,25.1
13.0,311.0,112.8
13.0,313.0,353.2
13.0,315.0,24.5
13.0,317.0,22.6
13.0,319.0,21.4
13.0,321.0,38.0
15.0,1.0,45.9
15.0,3.0,1586.7
15.0,5.0,7.5
15.0,7.0,108.2
15.0,9.0,133.3
16.0,1.0,372.8
16.0,3.0,2.9
16.0,5.0,74.5
16.0,7.0,6.1
16.0,9.0,12.0
16.0,11.0,21.8
16.0,13.0,8.1
16.0,15.0,3.7
16.0,17.0,23.6
16.0,19.0,55.9
16.0,21.0,8.6
16.0,23.0,1.3
16.0,25.0,1.0
16.0,27.0,321.6
16.0,29.0,3.9
16.0,31.0,8.9
16.0,33.0,0.6
16.0,35.0,3.6
16.0,37.0,0.9
16.0,39.0,8.8
16.0,41.0,19.3
16.0,43.0,7.1
16.0,45.0,29.8
16.0,47.0,21.2
16.0,49.0,1.9
16.0,51.0,23.9
16.0,53.0,37.5
16.0,55.0,111.3
16.0,57.0,34.6
16.0,59.0,1.7
16.0,61.0,8.0
16.0,63.0,4.3
16.0,65.0,80.0
16.0,67.0,26.5
16.0,69.0,46.3
16.0,71.0,3.6
16.0,73.0,1.5
16.0,75.0,55.6
16.0,77.0,5.6
16.0,79.0,4.9
16.0,81.0,22.6
16.0,83.0,40.2
16.0,85.0,2.7
16.0,87.0,7.0
17.0,1.0,78.5
17.0,3.0,35.0
17.0,5.0,46.7
17.0,7.0,193.0
17.0,9.0,22.7
17.0,11.0,40.2
17.0,13.0,20.0
17.0,15.0,34.6
17.0,17.0,36.3
17.0,19.0,201.8
17.0,21.0,49.1
17.0,23.0,32.6
17.0,25.0,29.5
17.0,27.0,79.7
17.0,29.0,106.0
17.0,31.0,5495.1
17.0,33.0,44.7
17.0,35.0,31.9
17.0,37.0,166.6
17.0,39.0,41.7
17.0,41.0,48.0
17.0,43.0,2799.8
17.0,45.0,29.8
17.0,47.0,30.2
17.0,49.0,71.5
17.0,51.0,30.9
17.0,53.0,29.0
17.0,55.0,96.8
17.0,57.0,42.8
17.0,59.0,17.3
17.0,61.0,25.6
17.0,63.0,119.8
17.0,65.0,19.5
17.0,67.0,24.1
17.0,69.0,24.3
17.0,71.0,19.3
17.0,73.0,61.3
17.0,75.0,26.6
17.0,77.0,103.1
17.0,79.0,19.6
17.0,81.0,68.0
17.0,83.0,62.2
17.0,85.0,37.7
17.0,87.0,36.6
17.0,89.0,990.8
17.0,91.0,167.7
17.0,93.0,358.2
17.0,95.0,73.9
17.0,97.0,1585.6
17.0,99.0,100.4
17.0,101.0,45.2
17.0,103.0,49.7
17.0,105.0,37.3
17.0,107.0,49.0
17.0,109.0,55.3
17.0,111.0,511.9
17.0,113.0,143.3
17.0,115.0,190.8
17.0,117.0,55.4
17.0,119.0,376.3
17.0,121.0,68.9
17.0,123.0,32.7
17.0,125.0,27.2
17.0,127.0,65.0
17.0,129.0,40.4
17.0,131.0,29.3
17.0,133.0,85.6
17.0,135.0,42.8
17.0,137.0,62.5
17.0,139.0,44.2
17.0,141.0,70.5
17.0,143.0,301.2
17.0,145.0,50.6
17.0,147.0,38.1
17.0,149.0,19.8
17.0,151.0,12.1
17.0,153.0,30.9
17.0,155.0,37.5
17.0,157.0,58.2
17.0,159.0,45.1
17.0,161.0,345.0
17.0,163.0,410.6
17.0,165.0,65.6
17.0,167.0,227.4
17.0,169.0,17.3
17.0,171.0,21.3
17.0,173.0,29.5
17.0,175.0,20.8
17.0,177.0,84.5
17.0,179.0,208.6
17.0,181.0,43.1
17.0,183.0,90.9
17.0,185.0,53.5
17.0,187.0,32.6
17.0,189.0,26.2
17.0,191.0,23.5
17.0,193.0,29.6
17.0,195.0,85.5
17.0,197.0,809.6
17.0,199.0,157.9
17.0,201.0,575.2
17.0,203.0,73.3
18.0,1.0,101.4
18.0,3.0,540.6
18.0,5.0,188.7
18.0,7.0,21.8
18.0,9.0,77.3
18.0,11.0,133.9
18.0,13.0,48.9
18.0,15.0,54.1
18.0,17.0,94.5
18.0,19.0,295.6
18.0,21.0,75.2
18.0,23.0,82.0
18.0,25.0,35.1
18.0,27.0,73.7
18.0,29.0,164.1
18.0,31.0,69.1
18.0,33.0,116.4
18.0,35.0,300.1
18.0,37.0,98.0
18.0,39.0,426.5
18.0,41.0,112.9
18.0,43.0,504.1
18.0,45.0,43.6
18.0,47.0,60.1
18.0,49.0,56.6
18.0,51.0,68.7
18.0,53.0,169.2
18.0,55.0,61.1
18.0,57.0,696.4
18.0,59.0,228.8
18.0,61.0,81.2
18.0,63.0,357.4
18.0,65.0,126.2
18.0,67.0,282.4
18.0,69.0,97.0
18.0,71.0,83.2
18.0,73.0,59.8
18.0,75.0,55.4
18.0,77.0,89.9
18.0,79.0,75.7
18.0,81.0,435.8
18.0,83.0,74.5
18.0,85.0,145.6
18.0,87.0,97.8
18.0,89.0,994.1
18.0,91.0,186.3
18.0,93.0,102.7
18.0,95.0,291.3
18.0,97.0,2279.6
18.0,99.0,106.1
18.0,101.0,30.8
18.0,103.0,98.7
18.0,105.0,349.7
18.0,107.0,75.6
18.0,109.0,170.5
18.0,111.0,35.5
18.0,113.0,115.7
18.0,115.0,71.1
18.0,117.0,49.8
18.0,119.0,56.0
18.0,121.0,39.0
18.0,123.0,50.7
18.0,125.0,38.4
18.0,127.0,393.0
18.0,129.0,63.3
18.0,131.0,30.9
18.0,133.0,79.0
18.0,135.0,57.9
18.0,137.0,64.6
18.0,139.0,42.6
18.0,141.0,583.0
18.0,143.0,127.0
18.0,145.0,108.1
18.0,147.0,52.8
18.0,149.0,75.6
18.0,151.0,110.7
18.0,153.0,48.0
18.0,155.0,48.1
18.0,157.0,345.7
18.0,159.0,61.2
18.0,161.0,46.6
18.0,163.0,769.7
18.0,165.0,63.1
18.0,167.0,267.4
18.0,169.0,79.7
18.0,171.0,23.3
18.0,173.0,155.1
18.0,175.0,55.0
18.0,177.0,171.5
18.0,179.0,75.1
18.0,181.0,48.8
18.0,183.0,99.2
19.0,1.0,13.5
19.0,3.0,9.5
19.0,5.0,22.4
19.0,7.0,25.9
19.0,9.0,13.8
19.0,11.0,36.4
19.0,13.0,231.7
19.0,15.0,46.0
19.0,17.0,55.7
19.0,19.0,36.7
19.0,21.0,35.2
19.0,23.0,25.6
19.0,25.0,17.0
19.0,27.0,36.6
19.0,29.0,24.7
19.0,31.0,31.9
19.0,33.0,77.7
19.0,35.0,20.9
19.0,37.0,24.7
19.0,39.0,21.5
19.0,41.0,29.4
19.0,43.0,23.3
19.0,45.0,70.7
19.0,47.0,23.9
19.0,49.0,112.4
19.0,51.0,17.4
19.0,53.0,15.9
19.0,55.0,30.7
19.0,57.0,96.9
19.0,59.0,43.8
19.0,61.0,154.0
19.0,63.0,26.0
19.0,65.0,28.6
19.0,67.0,32.6
19.0,69.0,18.4
19.0,71.0,14.6
19.0,73.0,16.4
19.0,75.0,24.8
19.0,77.0,18.5
19.0,79.0,27.2
19.0,81.0,19.9
19.0,83.0,30.8
19.0,85.0,21.4
19.0,87.0,46.4
19.0,89.0,20.2
19.0,91.0,22.6
19.0,93.0,16.4
19.0,95.0,27.9
19.0,97.0,31.2
19.0,99.0,50.4
19.0,101.0,38.7
19.0,103.0,213.1
19.0,105.0,35.9
19.0,107.0,18.1
19.0,109.0,16.0
19.0,111.0,69.3
19.0,113.0,294.6
19.0,115.0,28.3
19.0,117.0,20.7
19.0,119.0,19.7
19.0,121.0,27.9
19.0,123.0,39.2
19.0,125.0,60.1
19.0,127.0,71.0
19.0,129.0,34.4
19.0,131.0,23.0
19.0,133.0,13.3
19.0,135.0,18.4
19.0,137.0,25.3
19.0,139.0,97.7
19.0,141.0,25.1
19.0,143.0,16.2
19.0,145.0,29.8
19.0,147.0,16.7
19.0,149.0,29.0
19.0,151.0,12.7
19.0,153.0,750.5
19.0,155.0,98.0
19.0,157.0,32.3
19.0,159.0,9.6
19.0,161.0,18.0
19.0,163.0,360.7
19.0,165.0,20.6
19.0,167.0,43.9
19.0,169.0,156.3
19.0,171.0,24.6
19.0,173.0,11.9
19.0,175.0,29.6
19.0,177.0,15.6
19.0,179.0,82.5
19.0,181.0,81.1
19.0,183.0,38.2
19.0,185.0,12.2
19.0,187.0,53.1
19.0,189.0,27.1
19.0,191.0,30.5
19.0,193.0,117.1
19.0,195.0,19.0
19.0,197.0,22.8
20.0,1.0,26.7
20.0,3.0,14.0
20.0,5.0,39.3
20.0,7.0,4.3
20.0,9.0,30.9
20.0,11.0,23.9
20.0,13.0,17.5
20.0,15.0,46.1
20.0,17.0,3.6
20.0,19.0,5.7
20.0,21.0,36.8
20.0,23.0,2.7
20.0,25.0,2.3
20.0,27.0,13.2
20.0,29.0,13.3
20.0,31.0,13.7
20.0,33.0,2.4
20.0,35.0,32.3
20.0,37.0,66.4
20.0,39.0,3.3
20.0,41.0,23.3
20.0,43.0,20.2
20.0,45.0,243.1
20.0,47.0,4.9
20.0,49.0,4.5
20.0,51.0,31.6
20.0,53.0,9.1
20.0,55.0,28.2
20.0,57.0,30.8
20.0,59.0,45.5
20.0,61.0,89.3
20.0,63.0,2.5
20.0,65.0,2.9
20.0,67.0,13.6
20.0,69.0,6.9
20.0,71.0,1.6
20.0,73.0,5.9
20.0,75.0,2.7
20.0,77.0,7.5
20.0,79.0,64.3
20.0,81.0,7.4
20.0,83.0,2.2
20.0,85.0,20.5
20.0,87.0,35.9
20.0,89.0,3.4
20.0,91.0,1149.6
20.0,93.0,4.6
20.0,95.0,9.1
20.0,97.0,3.5
20.0,99.0,33.5
20.0,101.0,2.4
20.0,103.0,164.7
20.0,105.0,4.5
20.0,107.0,16.3
20.0,109.0,2.6
20.0,111.0,39.8
20.0,113.0,32.5
20.0,115.0,13.4
20.0,117.0,11.2
20.0,119.0,4.7
20.0,121.0,57.0
20.0,123.0,9.1
20.0,125.0,55.1
20.0,127.0,8.5
20.0,129.0,4.4
20.0,131.0,14.2
20.0,133.0,28.9
20.0,135.0,2.9
20.0,137.0,6.5
20.0,139.0,23.1
20.0,141.0,4.3
20.0,143.0,8.5
20.0,145.0,9.2
20.0,147.0,6.4
20.0,149.0,25.7
20.0,151.0,13.1
20.0,153.0,2.4
20.0,155.0,51.4
20.0,157.0,6.9
20.0,159.0,13.9
20.0,161.0,116.6
20.0,163.0,5.8
20.0,165.0,4.6
20.0,167.0,7.9
20.0,169.0,77.2
20.0,171.0,6.9
20.0,173.0,499.6
20.0,175.0,35.9
20.0,177.0,327.1
20.0,179.0,2.9
20.0,181.0,5.7
20.0,183.0,4.3
20.0,185.0,5.6
20.0,187.0,3.3
20.0,189.0,7.9
20.0,191.0,20.4
20.0,193.0,7.4
20.0,195.0,3.4
20.0,197.0,8.9
20.0,199.0,1.6
20.0,201.0,6.5
20.0,203.0,3.1
20.0,205.0,16.5
20.0,207.0,6.6
20.0,209.0,1039.0
21.0,1.0,46.0
21.0,3.0,58.0
21.0,5.0,106.1
21.0,7.0,33.4
21.0,9.0,86.5
21.0,11.0,41.6
21.0,13.0,79.9
21.0,15.0,482.3
21.0,17.0,69.0
21.0,19.0,309.9
21.0,21.0,157.8
21.0,23.0,41.3
21.0,25.0,28.2
21.0,27.0,35.4
21.0,29.0,250.2
21.0,31.0,29.8
21.0,33.0,37.7
21.0,35.0,96.6
21.0,37.0,597.0
21.0,39.0,26.9
21.0,41.0,84.1
21.0,43.0,67.7
21.0,45.0,35.9
21.0,47.0,103.1
21.0,49.0,141.1
21.0,51.0,46.3
21.0,53.0,52.1
21.0,55.0,25.9
21.0,57.0,22.5
21.0,59.0,210.9
21.0,61.0,40.2
21.0,63.0,33.5
21.0,65.0,58.0
21.0,67.0,1042.8
21.0,69.0,41.2
21.0,71.0,100.3
21.0,73.0,237.2
21.0,75.0,33.2
21.0,77.0,84.8
21.0,79.0,73.5
21.0,81.0,95.6
21.0,83.0,67.3
21.0,85.0,51.8
21.0,87.0,39.4
21.0,89.0,107.2
21.0,91.0,45.6
21.0,93.0,169.3
21.0,95.0,62.9
21.0,97.0,61.5
21.0,99.0,44.2
21.0,101.0,105.9
21.0,103.0,53.9
21.0,105.0,20.2
21.0,107.0,86.6
21.0,109.0,39.1
21.0,111.0,1948.1
21.0,113.0,282.3
21.0,115.0,89.2
21.0,117.0,996.7
21.0,119.0,46.5
21.0,121.0,82.5
21.0,123.0,54.3
21.0,125.0,135.6
21.0,127.0,38.2
21.0,129.0,37.8
21.0,131.0,28.2
21.0,133.0,72.6
21.0,135.0,28.7
21.0,137.0,74.1
21.0,139.0,30.4
21.0,141.0,48.6
21.0,143.0,38.9
21.0,145.0,263.6
21.0,147.0,42.9
21.0,149.0,37.8
21.0,151.0,189.6
21.0,153.0,43.2
21.0,155.0,57.8
21.0,157.0,104.4
21.0,159.0,56.3
21.0,161.0,72.8
21.0,163.0,93.6
21.0,165.0,31.0
21.0,167.0,85.7
21.0,169.0,34.9
21.0,171.0,33.3
21.0,173.0,134.3
21.0,175.0,36.5
21.0,177.0,67.4
21.0,179.0,104.0
21.0,181.0,36.6
21.0,183.0,40.6
21.0,185.0,322.2
21.0,187.0,30.9
21.0,189.0,24.1
21.0,191.0,53.7
21.0,193.0,84.5
21.0,195.0,82.6
21.0,197.0,70.5
21.0,199.0,95.8
21.0,201.0,22.8
21.0,203.0,53.9
21.0,205.0,83.4
21.0,207.0,69.2
21.0,209.0,167.4
21.0,211.0,110.8
21.0,213.0,74.0
21.0,215.0,91.4
21.0,217.0,92.0
21.0,219.0,33.3
21.0,221.0,32.5
21.0,223.0,58.1
21.0,225.0,43.8
21.0,227.0,210.1
21.0,229.0,39.4
21.0,231.0,45.4
21.0,233.0,41.0
21.0,235.0,81.4
21.0,237.0,33.1
21.0,239.0,132.1
22.0,1.0,94.3
22.0,3.0,33.8
22.0,5.0,369.7
22.0,7.0,69.2
22.0,9.0,50.5
22.0,11.0,30.8
22.0,13.0,17.7
22.0,15.0,139.3
22.0,17.0,290.2
22.0,19.0,181.2
22.0,21.0,19.1
22.0,23.0,5.3
22.0,25.0,14.7
22.0,27.0,22.8
22.0,29.0,29.9
22.0,31.0,30.4
22.0,33.0,966.6
22.0,35.0,18.4
22.0,37.0,44.7
22.0,39.0,51.3
22.0,41.0,33.2
22.0,43.0,34.7
22.0,45.0,127.6
22.0,47.0,54.0
22.0,49.0,28.6
22.0,51.0,1463.1
22.0,53.0,48.5
22.0,55.0,824.6
22.0,57.0,90.2
22.0,59.0,23.8
22.0,61.0,99.1
22.0,63.0,197.5
22.0,65.0,19.4
22.0,67.0,35.2
22.0,69.0,31.6
22.0,71.0,2029.4
22.0,73.0,251.8
22.0,75.0,29.5
22.0,77.0,40.9
22.0,79.0,99.9
22.0,81.0,23.4
22.0,83.0,37.1
22.0,85.0,28.0
22.0,87.0,95.1
22.0,89.0,189.1
22.0,91.0,27.4
22.0,93.0,91.5
22.0,95.0,215.5
22.0,97.0,90.3
22.0,99.0,70.7
22.0,101.0,98.4
22.0,103.0,276.4
22.0,105.0,153.0
22.0,107.0,8.7
22.0,109.0,90.8
22.0,111.0,25.9
22.0,113.0,49.4
22.0,115.0,39.4
22.0,117.0,70.4
22.0,119.0,69.5
22.0,121.0,123.6
22.0,123.0,32.3
22.0,125.0,38.8
22.0,127.0,16.1
23.0,1.0,230.2
23.0,3.0,10.8
23.0,5.0,337.2
23.0,7.0,18.1
23.0,9.0,34.3
23.0,11.0,140.8
23.0,13.0,108.8
23.0,15.0,75.6
23.0,17.0,27.8
23.0,19.0,45.3
23.0,21.0,4.4
23.0,23.0,139.1
23.0,25.0,13.3
23.0,27.0,53.1
23.0,29.0,12.8
23.0,31.0,199.0
24.0,1.0,177.0
24.0,3.0,1295.9
24.0,5.0,1345.5
24.0,9.0,416.3
24.0,11.0,103.5
24.0,13.0,373.4
24.0,15.0,292.0
24.0,17.0,320.2
24.0,19.0,60.3
24.0,21.0,353.5
24.0,23.0,46.5
24.0,25.0,560.1
24.0,27.0,1144.9
24.0,29.0,72.9
24.0,31.0,1978.2
24.0,33.0,1788.8
24.0,35.0,128.5
24.0,37.0,294.4
24.0,39.0,82.8
24.0,41.0,140.7
24.0,43.0,322.1
24.0,45.0,263.7
24.0,47.0,109.9
24.0,510.0,7671.5
25.0,1.0,548.3
25.0,3.0,141.6
25.0,5.0,991.3
25.0,7.0,160.2
25.0,9.0,1508.8
25.0,11.0,102.1
25.0,13.0,751.0
25.0,15.0,299.8
25.0,17.0,1837.9
25.0,19.0,226.2
25.0,21.0,1693.6
25.0,23.0,750.9
25.0,25.0,12415.6
25.0,27.0,528.6
26.0,1.0,16.2
26.0,3.0,10.5
26.0,5.0,135.0
26.0,7.0,51.8
26.0,9.0,49.6
26.0,11.0,43.8
26.0,13.0,9.9
26.0,15.0,107.0
26.0,17.0,243.7
26.0,19.0,54.8
26.0,21.0,276.2
26.0,23.0,89.4
26.0,25.0,192.8
26.0,27.0,106.7
26.0,29.0,62.3
26.0,31.0,36.6
26.0,33.0,24.7
26.0,35.0,54.8
26.0,37.0,133.1
26.0,39.0,25.3
26.0,41.0,31.7
26.0,43.0,34.4
26.0,45.0,187.4
26.0,47.0,69.9
26.0,49.0,668.5
26.0,51.0,51.2
26.0,53.0,14.9
26.0,55.0,187.3
26.0,57.0,74.7
26.0,59.0,78.1
26.0,61.0,36.3
26.0,63.0,39.6
26.0,65.0,505.1
26.0,67.0,111.9
26.0,69.0,47.1
26.0,71.0,10.1
26.0,73.0,122.8
26.0,75.0,228.4
26.0,77.0,445.7
26.0,79.0,30.6
26.0,81.0,711.5
26.0,83.0,4.0
26.0,85.0,20.3
26.0,87.0,137.4
26.0,89.0,62.5
26.0,91.0,133.3
26.0,93.0,320.2
26.0,95.0,7.4
26.0,97.0,10.9
26.0,99.0,1754.9
26.0,101.0,45.6
26.0,103.0,37.1
26.0,105.0,58.0
26.0,107.0,77.1
26.0,109.0,23.0
26.0,111.0,162.0
26.0,113.0,26.3
26.0,115.0,276.7
26.0,117.0,89.8
26.0,119.0,17.9
26.0,121.0,344.9
26.0,123.0,59.6
26.0,125.0,1385.7
26.0,127.0,51.9
26.0,129.0,38.5
26.0,131.0,5.2
26.0,133.0,41.5
26.0,135.0,15.3
26.0,137.0,46.9
26.0,139.0,468.2
26.0,141.0,20.3
26.0,143.0,47.1
26.0,145.0,250.2
26.0,147.0,226.1
26.0,149.0,122.4
26.0,151.0,44.8
26.0,153.0,7.2
26.0,155.0,133.1
26.0,157.0,69.4
26.0,159.0,125.5
26.0,161.0,488.4
26.0,163.0,2974.4
26.0,165.0,57.9
27.0,1.0,8.9
27.0,3.0,782.1
27.0,5.0,24.7
27.0,7.0,17.7
27.0,9.0,94.2
27.0,11.0,10.6
27.0,13.0,85.6
27.0,15.0,42.4
27.0,17.0,41.1
27.0,19.0,256.9
27.0,21.0,14.1
27.0,23.0,21.4
27.0,25.0,129.9
27.0,27.0,56.4
27.0,29.0,8.7
27.0,31.0,3.6
27.0,33.0,18.3
27.0,35.0,62.6
27.0,37.0,709.0
27.0,39.0,45.7
27.0,41.0,56.5
27.0,43.0,20.4
27.0,45.0,24.2
27.0,47.0,44.2
27.0,49.0,61.0
27.0,51.0,11.0
27.0,53.0,2081.7
27.0,55.0,34.5
27.0,57.0,22.1
27.0,59.0,86.8
27.0,61.0,16.9
27.0,63.0,14.6
27.0,65.0,31.1
27.0,67.0,53.0
27.0,69.0,4.1
27.0,71.0,4.3
27.0,73.0,9.5
27.0,75.0,5.2
27.0,77.0,3.1
27.0,79.0,61.7
27.0,81.0,11.0
27.0,83.0,36.2
27.0,85.0,74.6
27.0,87.0,9.7
27.0,89.0,5.3
27.0,91.0,29.3
27.0,93.0,38.3
27.0,95.0,45.6
27.0,97.0,29.5
27.0,99.0,55.1
27.0,101.0,12.4
27.0,103.0,73.0
27.0,105.0,29.9
27.0,107.0,7.9
27.0,109.0,220.8
27.0,111.0,29.1
27.0,113.0,22.6
27.0,115.0,21.1
27.0,117.0,20.6
27.0,119.0,16.0
27.0,121.0,16.4
27.0,123.0,3341.6
27.0,125.0,9.5
27.0,127.0,18.3
27.0,129.0,16.0
27.0,131.0,129.4
27.0,133.0,20.1
27.0,135.0,9.3
27.0,137.0,32.0
27.0,139.0,364.5
27.0,141.0,204.4
27.0,143.0,25.9
27.0,145.0,112.2
27.0,147.0,85.1
27.0,149.0,17.3
27.0,151.0,13.2
27.0,153.0,26.3
27.0,155.0,6.2
27.0,157.0,41.4
27.0,159.0,25.8
27.0,161.0,45.2
27.0,163.0,619.7
27.0,165.0,25.8
27.0,167.0,8.8
27.0,169.0,82.2
27.0,171.0,188.5
27.0,173.0,13.8
28.0,1.0,69.8
28.0,3.0,92.6
28.0,5.0,18.0
28.0,7.0,26.6
28.0,9.0,21.5
28.0,11.0,39.0
28.0,13.0,25.5
28.0,15.0,16.9
28.0,17.0,34.7
28.0,19.0,20.4
28.0,21.0,19.7
28.0,23.0,24.2
28.0,25.0,50.3
28.0,27.0,47.3
28.0,29.0,37.9
28.0,31.0,47.3
28.0,33.0,338.7
28.0,35.0,160.7
28.0,37.0,14.4
28.0,39.0,47.2
28.0,41.0,20.2
28.0,43.0,51.9
28.0,45.0,92.7
28.0,47.0,326.0
28.0,49.0,282.0
28.0,51.0,25.4
28.0,53.0,22.4
28.0,55.0,3.4
28.0,57.0,43.9
28.0,59.0,193.2
28.0,61.0,25.2
28.0,63.0,14.9
28.0,65.0,30.6
28.0,67.0,97.5
28.0,69.0,13.6
28.0,71.0,75.0
28.0,73.0,112.0
28.0,75.0,114.1
28.0,77.0,30.0
28.0,79.0,40.8
28.0,81.0,184.3
28.0,83.0,54.5
28.0,85.0,59.5
28.0,87.0,118.3
28.0,89.0,133.2
28.0,91.0,49.9
28.0,93.0,52.6
28.0,95.0,48.3
28.0,97.0,26.8
28.0,99.0,52.1
28.0,101.0,37.6
28.0,103.0,16.6
28.0,105.0,104.0
28.0,107.0,50.7
28.0,109.0,68.9
28.0,111.0,18.9
28.0,113.0,98.8
28.0,115.0,60.2
28.0,117.0,60.9
28.0,119.0,20.3
28.0,121.0,182.6
28.0,123.0,46.4
28.0,125.0,11.4
28.0,127.0,46.7
28.0,129.0,25.9
28.0,131.0,39.9
28.0,133.0,42.2
28.0,135.0,23.8
28.0,137.0,71.4
28.0,139.0,48.6
28.0,141.0,46.2
28.0,143.0,23.7
28.0,145.0,65.3
28.0,147.0,38.2
28.0,149.0,82.9
28.0,151.0,70.6
28.0,153.0,25.6
28.0,155.0,24.4
28.0,157.0,14.6
28.0,159.0,31.6
28.0,161.0,27.1
28.0,163.0,30.4
29.0,1.0,45.1
29.0,3.0,40.0
29.0,5.0,10.4
29.0,7.0,36.9
29.0,9.0,45.7
29.0,11.0,21.0
29.0,13.0,20.4
29.0,15.0,27.1
29.0,17.0,20.0
29.0,19.0,237.3
29.0,21.0,218.6
29.0,23.0,61.6
29.0,25.0,22.1
29.0,27.0,53.1
29.0,29.0,67.1
29.0,31.0,130.8
29.0,33.0,13.4
29.0,35.0,12.3
29.0,37.0,142.8
29.0,39.0,29.5
29.0,41.0,10.4
29.0,43.0,137.6
29.0,45.0,14.1
29.0,47.0,558.6
29.0,49.0,49.5
29.0,51.0,193.0
29.0,53.0,31.2
29.0,55.0,33.3
29.0,57.0,16.1
29.0,59.0,31.0
29.0,61.0,15.0
29.0,63.0,30.6
29.0,65.0,20.8
29.0,67.0,16.8
29.0,69.0,59.1
29.0,71.0,110.0
29.0,73.0,29.4
29.0,75.0,13.7
29.0,77.0,407.5
29.0,79.0,23.6
29.0,81.0,12.4
29.0,83.0,32.0
29.0,85.0,24.1
29.0,87.0,10.6
29.0,89.0,21.9
29.0,91.0,43.6
29.0,93.0,19.3
29.0,95.0,1115.3
29.0,97.0,183.9
29.0,99.0,333.1
29.0,101.0,63.4
29.0,103.0,8.2
29.0,105.0,46.5
29.0,107.0,53.1
29.0,109.0,63.2
29.0,111.0,20.2
29.0,113.0,83.9
29.0,115.0,20.7
29.0,117.0,28.5
29.0,119.0,42.8
29.0,121.0,19.4
29.0,123.0,24.7
29.0,125.0,17.4
29.0,127.0,65.9
29.0,129.0,8.3
29.0,131.0,41.8
29.0,133.0,34.9
29.0,135.0,37.6
29.0,137.0,13.6
29.0,139.0,22.8
29.0,141.0,34.4
29.0,143.0,28.1
29.0,145.0,93.0
29.0,147.0,26.6
29.0,149.0,13.8
29.0,151.0,23.0
29.0,153.0,13.1
29.0,155.0,37.1
29.0,157.0,40.0
29.0,159.0,61.9
29.0,161.0,67.2
29.0,163.0,27.6
29.0,165.0,212.6
29.0,167.0,49.0
29.0,169.0,95.5
29.0,171.0,9.6
29.0,173.0,21.6
29.0,175.0,52.7
29.0,177.0,41.3
29.0,179.0,8.3
29.0,181.0,22.4
29.0,183.0,643.2
29.0,185.0,14.6
29.0,186.0,36.4
29.0,187.0,144.6
29.0,189.0,1967.2
29.0,195.0,30.9
29.0,197.0,14.4
29.0,199.0,11.1
29.0,201.0,93.3
29.0,203.0,8.4
29.0,205.0,12.7
29.0,207.0,36.4
29.0,209.0,69.4
29.0,211.0,10.4
29.0,213.0,81.7
29.0,215.0,22.1
29.0,217.0,25.6
29.0,219.0,75.9
29.0,221.0,33.2
29.0,223.0,17.8
29.0,225.0,61.1
29.0,227.0,8.1
29.0,229.0,27.6
29.0,510.0,5157.5
30.0,1.0,1.7
30.0,3.0,2.6
30.0,5.0,1.5
30.0,7.0,4.7
30.0,9.0,4.9
30.0,11.0,0.3
30.0,13.0,30.1
30.0,15.0,1.5
30.0,17.0,3.1
30.0,19.0,1.2
30.0,21.0,3.8
30.0,23.0,12.6
30.0,25.0,1.8
30.0,27.0,2.7
30.0,29.0,17.9
30.0,31.0,34.4
30.0,33.0,0.3
30.0,35.0,4.5
30.0,37.0,0.8
30.0,39.0,1.8
30.0,41.0,5.6
30.0,43.0,6.9
30.0,45.0,1.1
30.0,47.0,19.3
30.0,49.0,18.3
30.0,51.0,1.6
30.0,53.0,5.4
30.0,55.0,0.7
30.0,57.0,2.1
30.0,59.0,0.8
30.0,61.0,3.5
30.0,63.0,42.1
30.0,65.0,2.4
30.0,67.0,5.6
30.0,69.0,0.3
30.0,71.0,0.8
30.0,73.0,3.8
30.0,75.0,0.5
30.0,77.0,3.0
30.0,79.0,0.7
30.0,81.0,16.8
30.0,83.0,4.7
30.0,85.0,4.4
30.0,87.0,1.8
30.0,89.0,4.1
30.0,91.0,2.0
30.0,93.0,47.6
30.0,95.0,5.1
30.0,97.0,2.0
30.0,99.0,2.7
30.0,101.0,2.8
30.0,103.0,0.7
30.0,105.0,1.5
30.0,107.0,1.5
30.0,109.0,1.1
30.0,111.0,56.2
31.0,1.0,55.7
31.0,3.0,7.8
31.0,5.0,0.6
31.0,7.0,0.9
31.0,9.0,0.7
31.0,11.0,8.0
31.0,13.0,10.5
31.0,15.0,3.9
31.0,17.0,2.6
31.0,19.0,47.6
31.0,21.0,14.0
31.0,23.0,14.4
31.0,25.0,45.3
31.0,27.0,12.0
31.0,29.0,4.4
31.0,31.0,1.0
31.0,33.0,8.4
31.0,35.0,11.4
31.0,37.0,25.5
31.0,39.0,16.0
31.0,41.0,4.2
31.0,43.0,79.5
31.0,45.0,6.6
31.0,47.0,24.0
31.0,49.0,4.4
31.0,51.0,12.6
31.0,53.0,69.4
31.0,55.0,1574.4
31.0,57.0,2.2
31.0,59.0,10.2
31.0,61.0,5.6
31.0,63.0,2.8
31.0,65.0,6.9
31.0,67.0,26.2
31.0,69.0,1.2
31.0,71.0,3.6
31.0,73.0,4.5
31.0,75.0,0.8
31.0,77.0,4.5
31.0,79.0,107.3
31.0,81.0,16.8
31.0,83.0,6.2
31.0,85.0,1.4
31.0,87.0,4.1
31.0,89.0,4.3
31.0,91.0,1.0
31.0,93.0,11.0
31.0,95.0,13.2
31.0,97.0,13.9
31.0,99.0,12.6
31.0,101.0,7.9
31.0,103.0,1.1
31.0,105.0,4.0
31.0,107.0,7.9
31.0,109.0,340.8
31.0,111.0,14.2
31.0,113.0,1.3
31.0,115.0,1.1
31.0,117.0,0.6
31.0,119.0,60.9
31.0,121.0,16.2
31.0,123.0,3.5
31.0,125.0,8.5
31.0,127.0,17.8
31.0,129.0,7.8
31.0,131.0,25.6
31.0,133.0,6.4
31.0,135.0,3.4
31.0,137.0,17.0
31.0,139.0,12.7
31.0,141.0,47.8
31.0,143.0,12.3
31.0,145.0,15.4
31.0,147.0,15.2
31.0,149.0,1.5
31.0,151.0,24.7
31.0,153.0,664.6
31.0,155.0,27.7
31.0,157.0,50.0
31.0,159.0,29.3
31.0,161.0,2.2
31.0,163.0,5.6
31.0,165.0,0.6
31.0,167.0,14.3
31.0,169.0,9.1
31.0,171.0,0.9
31.0,173.0,17.6
31.0,175.0,7.5
31.0,177.0,51.9
31.0,179.0,21.7
31.0,181.0,6.6
31.0,183.0,1.4
31.0,185.0,23.9
32.0,1.0,5.0
32.0,3.0,247.3
32.0,5.0,66.2
32.0,7.0,2.8
32.0,9.0,0.2
32.0,11.0,0.5
32.0,13.0,1.7
32.0,15.0,1.1
32.0,17.0,0.5
32.0,19.0,26.0
32.0,21.0,1.3
32.0,23.0,2.4
32.0,27.0,1.1
32.0,29.0,15.3
32.0,31.0,66.9
32.0,33.0,1.1
32.0,510.0,382.1
33.0,1.0,150.1
33.0,3.0,51.4
33.0,5.0,109.1
33.0,7.0,18.4
33.0,9.0,52.2
33.0,11.0,457.4
33.0,13.0,156.8
33.0,15.0,425.0
33.0,17.0,333.7
33.0,19.0,81.4
34.0,1.0,494.1
34.0,3.0,3884.5
34.0,5.0,561.9
34.0,7.0,2321.5
34.0,9.0,386.9
34.0,11.0,324.4
34.0,13.0,6211.5
34.0,15.0,895.3
34.0,17.0,13731.4
34.0,19.0,300.0
34.0,21.0,1632.2
34.0,23.0,2621.6
34.0,25.0,1344.7
34.0,27.0,1069.8
34.0,29.0,917.0
34.0,31.0,2715.3
34.0,33.0,199.1
34.0,35.0,1071.7
34.0,37.0,287.6
34.0,39.0,5216.1
34.0,41.0,304.5
35.0,1.0,570.8
35.0,3.0,0.5
35.0,5.0,10.8
35.0,6.0,6.0
35.0,7.0,3.7
35.0,9.0,34.4
35.0,11.0,0.9
35.0,13.0,55.0
35.0,15.0,12.9
35.0,17.0,7.4
35.0,19.0,1.5
35.0,21.0,0.3
35.0,23.0,1.4
35.0,25.0,14.7
35.0,27.0,4.2
35.0,28.0,164.4
35.0,29.0,8.5
35.0,31.0,13.1
35.0,33.0,2.5
35.0,35.0,9.6
35.0,37.0,3.1
35.0,39.0,6.9
35.0,41.0,8.1
35.0,43.0,35.5
35.0,45.0,23.6
35.0,47.0,6.2
35.0,49.0,75.5
35.0,51.0,2.9
35.0,53.0,2.7
35.0,55.0,15.0
35.0,57.0,4.9
35.0,59.0,1.2
35.0,61.0,71.8
36.0,1.0,581.9
36.0,3.0,47.6
36.0,5.0,32903.3
36.0,7.0,284.2
36.0,9.0,61.4
36.0,11.0,115.7
36.0,13.0,127.2
36.0,15.0,218.1
36.0,17.0,56.5
36.0,19.0,79.1
36.0,21.0,99.4
36.0,23.0,98.9
36.0,25.0,33.3
36.0,27.0,373.9
36.0,29.0,881.4
36.0,31.0,21.9
36.0,33.0,31.7
36.0,35.0,112.1
36.0,37.0,121.9
36.0,39.0,76.1
36.0,41.0,2.8
36.0,43.0,45.7
36.0,45.0,91.6
36.0,47.0,35369.2
36.0,49.0,21.3
36.0,51.0,103.5
36.0,53.0,112.2
36.0,55.0,1132.6
36.0,57.0,124.6
36.0,59.0,4704.8
36.0,61.0,69468.4
36.0,63.0,414.4
36.0,65.0,193.7
36.0,67.0,600.0
36.0,69.0,167.6
36.0,71.0,459.3
36.0,73.0,109.6
36.0,75.0,128.3
36.0,77.0,62.2
36.0,79.0,432.9
36.0,81.0,20553.6
36.0,83.0,244.4
36.0,85.0,8030.3
36.0,87.0,1795.9
36.0,89.0,41.8
36.0,91.0,271.1
36.0,93.0,756.6
36.0,95.0,52.7
36.0,97.0,55.9
36.0,99.0,108.9
36.0,101.0,71.2
36.0,103.0,1637.4
36.0,105.0,80.1
36.0,107.0,98.6
36.0,109.0,214.0
36.0,111.0,162.3
36.0,113.0,75.8
36.0,115.0,76.1
36.0,117.0,155.3
36.0,119.0,2204.7
36.0,121.0,71.1
36.0,123.0,75.0
37.0,1.0,356.5
37.0,3.0,143.1
37.0,5.0,47.5
37.0,7.0,50.7
37.0,9.0,64.0
37.0,11.0,72.0
37.0,13.0,57.7
37.0,15.0,30.4
37.0,17.0,40.2
37.0,19.0,126.8
37.0,21.0,362.9
37.0,23.0,179.3
37.0,25.0,492.1
37.0,27.0,176.1
37.0,29.0,41.5
37.0,31.0,131.3
37.0,33.0,55.8
37.0,35.0,387.1
37.0,37.0,93.1
37.0,39.0,60.3
37.0,41.0,85.8
37.0,43.0,49.3
37.0,45.0,211.3
37.0,47.0,62.0
37.0,49.0,146.0
37.0,51.0,489.7
37.0,53.0,89.9
37.0,55.0,88.5
37.0,57.0,294.7
37.0,59.0,156.1
37.0,61.0,71.7
37.0,63.0,935.7
37.0,65.0,111.9
37.0,67.0,859.2
37.0,69.0,123.3
37.0,71.0,578.8
37.0,73.0,35.8
37.0,75.0,30.3
37.0,77.0,112.7
37.0,79.0,80.3
37.0,81.0,756.4
37.0,83.0,75.5
37.0,85.0,192.7
37.0,87.0,106.6
37.0,89.0,286.1
37.0,91.0,69.9
37.0,93.0,120.2
37.0,95.0,9.5
37.0,97.0,277.8
37.0,99.0,82.1
37.0,101.0,213.4
37.0,103.0,21.6
37.0,105.0,227.0
37.0,107.0,148.5
37.0,109.0,262.7
37.0,111.0,102.1
37.0,113.0,65.8
37.0,115.0,46.2
37.0,117.0,53.1
37.0,119.0,1755.5
37.0,121.0,70.4
37.0,123.0,56.5
37.0,125.0,126.5
37.0,127.0,177.3
37.0,129.0,1058.1
37.0,131.0,41.2
37.0,133.0,233.1
37.0,135.0,336.2
37.0,137.0,39.1
37.0,139.0,179.2
37.0,141.0,60.0
37.0,143.0,54.4
37.0,145.0,100.6
37.0,147.0,257.9
37.0,149.0,86.3
37.0,151.0,181.1
37.0,153.0,98.4
37.0,155.0,141.3
37.0,157.0,165.6
37.0,159.0,270.7
37.0,161.0,120.2
37.0,163.0,67.1
37.0,165.0,113.4
37.0,167.0,153.3
37.0,169.0,105.6
37.0,171.0,138.4
37.0,173.0,26.5
37.0,175.0,87.4
37.0,177.0,11.3
37.0,179.0,318.7
37.0,181.0,179.2
37.0,183.0,1078.8
37.0,185.0,48.9
37.0,187.0,38.0
37.0,189.0,163.4
37.0,191.0,221.7
37.0,193.0,91.9
37.0,195.0,220.6
37.0,197.0,114.7
37.0,199.0,57.0
38.0,1.0,2.4
38.0,3.0,7.4
38.0,5.0,4.8
38.0,7.0,0.7
38.0,9.0,3.9
38.0,11.0,2.7
38.0,13.0,1.8
38.0,15.0,49.8
38.0,17.0,84.9
38.0,19.0,2.7
38.0,21.0,4.7
38.0,23.0,1.6
38.0,25.0,1.8
38.0,27.0,3.8
38.0,29.0,2.4
38.0,31.0,5.3
38.0,33.0,1.7
38.0,35.0,46.5
38.0,37.0,1.4
38.0,39.0,3.4
38.0,41.0,2.2
38.0,43.0,1.8
38.0,45.0,3.6
38.0,47.0,2.0
38.0,49.0,2.9
38.0,51.0,2.9
38.0,53.0,2.3
38.0,55.0,4.2
38.0,57.0,8.1
38.0,59.0,14.3
38.0,61.0,4.2
38.0,63.0,3.2
38.0,65.0,2.6
38.0,67.0,6.6
38.0,69.0,4.3
38.0,71.0,9.6
38.0,73.0,6.3
38.0,75.0,2.8
38.0,77.0,11.4
38.0,79.0,15.4
38.0,81.0,4.5
38.0,83.0,1.4
38.0,85.0,3.8
38.0,87.0,0.6
38.0,89.0,18.1
38.0,91.0,2.8
38.0,93.0,9.5
38.0,95.0,2.2
38.0,97.0,9.4
38.0,99.0,8.7
38.0,101.0,30.6
38.0,103.0,3.3
38.0,105.0,10.8
39.0,1.0,48.9
39.0,3.0,264.2
39.0,5.0,125.6
39.0,7.0,144.6
39.0,9.0,128.6
39.0,11.0,114.5
39.0,13.0,132.3
39.0,15.0,91.5
39.0,17.0,788.2
39.0,19.0,73.1
39.0,21.0,93.5
39.0,23.0,348.0
39.0,25.0,436.5
39.0,27.0,102.9
39.0,29.0,202.7
39.0,31.0,65.4
39.0,33.0,109.0
39.0,35.0,2800.0
39.0,37.0,88.5
39.0,39.0,94.9
39.0,41.0,393.2
39.0,43.0,306.4
39.0,45.0,289.8
39.0,47.0,71.4
39.0,49.0,2186.1
39.0,51.0,105.3
39.0,53.0,66.3
39.0,55.0,233.4
39.0,57.0,390.5
39.0,59.0,76.8
39.0,61.0,1976.7
39.0,63.0,140.7
39.0,65.0,68.1
39.0,67.0,39.4
39.0,69.0,67.8
39.0,71.0,78.8
39.0,73.0,69.7
39.0,75.0,100.3
39.0,77.0,121.3
39.0,79.0,79.0
39.0,81.0,170.7
39.0,83.0,115.9
39.0,85.0,1011.2
39.0,87.0,137.7
39.0,89.0,243.9
39.0,91.0,100.0
39.0,93.0,613.6
39.0,95.0,1296.2
39.0,97.0,93.2
39.0,99.0,580.2
39.0,101.0,164.7
39.0,103.0,409.0
39.0,105.0,55.3
39.0,107.0,88.3
39.0,109.0,252.1
39.0,111.0,32.1
39.0,113.0,1159.5
39.0,115.0,36.2
39.0,117.0,85.8
39.0,119.0,129.5
39.0,121.0,36.8
39.0,123.0,162.5
39.0,125.0,47.1
39.0,127.0,88.4
39.0,129.0,111.1
39.0,131.0,65.2
39.0,133.0,331.2
39.0,135.0,99.7
39.0,137.0,71.5
39.0,139.0,251.3
39.0,141.0,113.3
39.0,143.0,149.2
39.0,145.0,130.3
39.0,147.0,103.0
39.0,149.0,121.2
39.0,151.0,652.9
39.0,153.0,1312.6
39.0,155.0,340.1
39.0,157.0,163.1
39.0,159.0,121.1
39.0,161.0,70.3
39.0,163.0,32.6
39.0,165.0,530.0
39.0,167.0,97.8
39.0,169.0,206.4
39.0,171.0,89.4
39.0,173.0,203.3
39.0,175.0,55.6
40.0,1.0,39.6
40.0,3.0,6.5
40.0,5.0,14.5
40.0,7.0,3.1
40.0,9.0,24.5
40.0,11.0,12.9
40.0,13.0,46.9
40.0,15.0,23.2
40.0,17.0,128.9
40.0,19.0,57.8
40.0,21.0,62.7
40.0,23.0,19.7
40.0,25.0,1.3
40.0,27.0,474.7
40.0,29.0,11.5
40.0,31.0,116.1
40.0,33.0,9.8
40.0,35.0,19.7
40.0,37.0,73.6
40.0,39.0,27.8
40.0,41.0,56.2
40.0,43.0,4.8
40.0,45.0,3.4
40.0,47.0,57.2
40.0,49.0,34.4
40.0,51.0,47.6
40.0,53.0,4.5
40.0,55.0,9.8
40.0,57.0,5.4
40.0,59.0,3.5
40.0,61.0,22.1
40.0,63.0,17.4
40.0,65.0,32.9
40.0,67.0,8.5
40.0,69.0,17.0
40.0,71.0,50.6
40.0,73.0,16.7
40.0,75.0,9.3
40.0,77.0,15.4
40.0,79.0,31.7
40.0,81.0,36.0
40.0,83.0,56.3
40.0,85.0,18.3
40.0,87.0,60.5
40.0,89.0,17.9
40.0,91.0,32.7
40.0,93.0,7.9
40.0,95.0,42.7
40.0,97.0,63.0
40.0,99.0,32.4
40.0,101.0,87.6
40.0,103.0,15.8
40.0,105.0,18.6
40.0,107.0,19.7
40.0,109.0,1013.8
40.0,111.0,57.5
40.0,113.0,21.1
40.0,115.0,67.6
40.0,117.0,29.2
40.0,119.0,113.0
40.0,121.0,35.1
40.0,123.0,52.0
40.0,125.0,88.2
40.0,127.0,8.3
40.0,129.0,3.2
40.0,131.0,128.6
40.0,133.0,40.3
40.0,135.0,63.0
40.0,137.0,51.8
40.0,139.0,10.1
40.0,141.0,9.2
40.0,143.0,1058.1
40.0,145.0,130.1
40.0,147.0,122.7
40.0,149.0,11.6
40.0,151.0,6.9
40.0,153.0,16.2
41.0,1.0,5.3
41.0,3.0,126.6
41.0,5.0,201.0
41.0,7.0,44.7
41.0,9.0,75.1
41.0,11.0,39.5
41.0,13.0,7.0
41.0,15.0,13.7
41.0,17.0,52.3
41.0,19.0,21.4
41.0,21.0,1.6
41.0,23.0,1.6
41.0,25.0,0.7
41.0,27.0,42.8
41.0,29.0,73.0
41.0,31.0,12.2
41.0,33.0,50.4
41.0,35.0,11.2
41.0,37.0,1.0
41.0,39.0,77.2
41.0,41.0,47.0
41.0,43.0,50.9
41.0,45.0,3.2
41.0,47.0,266.7
41.0,49.0,5.5
41.0,51.0,1704.9
41.0,53.0,101.8
41.0,55.0,2.1
41.0,57.0,22.9
41.0,59.0,23.6
41.0,61.0,12.6
41.0,63.0,2.2
41.0,65.0,10.6
41.0,67.0,731.4
41.0,69.0,0.8
41.0,71.0,138.6
42.0,1.0,195.5
42.0,3.0,1675.6
42.0,5.0,105.5
42.0,7.0,392.3
42.0,9.0,49.2
42.0,11.0,480.4
42.0,13.0,241.7
42.0,15.0,54.6
42.0,17.0,1034.7
42.0,19.0,233.1
42.0,21.0,208.7
42.0,23.0,12.8
42.0,25.0,171.1
42.0,27.0,138.7
42.0,29.0,664.7
42.0,31.0,66.6
42.0,33.0,71.3
42.0,35.0,44.2
42.0,37.0,139.3
42.0,39.0,87.7
42.0,41.0,431.6
42.0,43.0,510.6
42.0,45.0,3040.5
42.0,47.0,38.6
42.0,49.0,351.1
42.0,51.0,172.8
42.0,53.0,18.1
42.0,55.0,193.7
42.0,57.0,33.9
42.0,59.0,67.2
42.0,61.0,52.5
42.0,63.0,107.5
42.0,65.0,69.3
42.0,67.0,63.0
42.0,69.0,467.1
42.0,71.0,550.4
42.0,73.0,254.4
42.0,75.0,369.1
42.0,77.0,1012.5
42.0,79.0,360.4
42.0,81.0,94.5
42.0,83.0,44.4
42.0,85.0,173.4
42.0,87.0,113.6
42.0,89.0,279.2
42.0,91.0,1655.9
42.0,93.0,140.3
42.0,95.0,805.4
42.0,97.0,206.2
42.0,99.0,83.4
42.0,101.0,11379.5
42.0,103.0,105.3
42.0,105.0,16.1
42.0,107.0,190.4
42.0,109.0,120.8
42.0,111.0,72.4
42.0,113.0,14.3
42.0,115.0,52.7
42.0,117.0,37.0
42.0,119.0,142.2
42.0,121.0,81.5
42.0,123.0,47.3
42.0,125.0,242.5
42.0,127.0,72.8
42.0,129.0,355.4
42.0,131.0,71.2
42.0,133.0,481.1
44.0,1.0,2064.0
44.0,3.0,985.9
44.0,5.0,809.6
44.0,7.0,1530.3
44.0,9.0,385.7
45.0,1.0,51.8
45.0,3.0,149.5
45.0,5.0,25.5
45.0,7.0,261.6
45.0,9.0,40.6
45.0,11.0,41.2
45.0,13.0,281.5
45.0,15.0,161.8
45.0,17.0,39.8
45.0,19.0,382.3
45.0,21.0,140.9
45.0,23.0,57.1
45.0,25.0,58.5
45.0,27.0,57.6
45.0,29.0,36.8
45.0,31.0,122.4
45.0,33.0,79.2
45.0,35.0,238.2
45.0,37.0,53.9
45.0,39.0,34.9
45.0,41.0,171.1
45.0,43.0,73.9
45.0,45.0,574.7
45.0,47.0,153.2
45.0,49.0,37.7
45.0,51.0,237.5
45.0,53.0,37.8
45.0,55.0,84.9
45.0,57.0,139.6
45.0,59.0,93.2
45.0,61.0,46.9
45.0,63.0,375.4
45.0,65.0,28.5
45.0,67.0,67.6
45.0,69.0,60.3
45.0,71.0,59.5
45.0,73.0,118.6
45.0,75.0,83.6
45.0,77.0,240.2
45.0,79.0,507.9
45.0,81.0,43.9
45.0,83.0,351.9
45.0,85.0,161.6
45.0,87.0,56.3
45.0,89.0,36.8
45.0,91.0,332.2
46.0,3.0,3.8
46.0,5.0,13.8
46.0,7.0,2.9
46.0,9.0,12.5
46.0,11.0,40.3
46.0,13.0,21.3
46.0,15.0,6.4
46.0,17.0,4.1
46.0,19.0,4.5
46.0,21.0,2.0
46.0,23.0,8.3
46.0,25.0,3.9
46.0,27.0,33.6
46.0,29.0,39.5
46.0,31.0,1.6
46.0,33.0,5.3
46.0,35.0,44.8
46.0,37.0,5.6
46.0,39.0,7.0
46.0,41.0,2.3
46.0,43.0,7.0
46.0,45.0,3.6
46.0,47.0,4.1
46.0,49.0,2.4
46.0,51.0,10.8
46.0,53.0,4.2
46.0,55.0,1.1
46.0,57.0,11.6
46.0,59.0,2.4
46.0,61.0,7.7
46.0,63.0,0.5
46.0,65.0,23.0
46.0,67.0,9.0
46.0,69.0,1.7
46.0,71.0,1.6
46.0,73.0,3.9
46.0,75.0,1.0
46.0,77.0,6.2
46.0,79.0,19.9
46.0,81.0,30.1
46.0,83.0,77.7
46.0,85.0,2.3
46.0,87.0,9.8
46.0,89.0,2.2
46.0,91.0,5.6
46.0,93.0,7.3
46.0,95.0,1.6
46.0,97.0,4.2
46.0,99.0,210.0
46.0,101.0,12.5
46.0,103.0,36.4
46.0,105.0,1.0
46.0,107.0,2.7
46.0,109.0,9.2
46.0,111.0,4.1
46.0,113.0,6.5
46.0,115.0,4.3
46.0,117.0,2.1
46.0,119.0,1.4
46.0,121.0,6.9
46.0,123.0,3.5
46.0,125.0,13.5
46.0,127.0,31.3
46.0,129.0,7.7
46.0,135.0,43.1
46.0,137.0,1.4
47.0,1.0,222.8
47.0,3.0,95.1
47.0,5.0,41.8
47.0,7.0,31.7
47.0,9.0,220.2
47.0,11.0,301.0
47.0,13.0,84.8
47.0,15.0,52.0
47.0,17.0,47.6
47.0,19.0,168.3
47.0,21.0,129.3
47.0,23.0,60.0
47.0,25.0,74.1
47.0,27.0,33.2
47.0,29.0,82.1
47.0,31.0,123.1
47.0,33.0,54.9
47.0,35.0,82.3
47.0,37.0,1243.3
47.0,39.0,35.2
47.0,41.0,61.5
47.0,43.0,101.4
47.0,45.0,74.8
47.0,47.0,54.5
47.0,49.0,36.0
47.0,51.0,74.0
47.0,53.0,82.4
47.0,55.0,48.3
47.0,57.0,80.7
47.0,59.0,110.6
47.0,61.0,38.0
47.0,63.0,388.0
47.0,65.0,620.3
47.0,67.0,30.7
47.0,69.0,40.8
47.0,71.0,45.1
47.0,73.0,116.7
47.0,75.0,35.2
47.0,77.0,53.4
47.0,79.0,57.5
47.0,81.0,40.3
47.0,83.0,42.1
47.0,85.0,34.9
47.0,87.0,37.7
47.0,89.0,187.6
47.0,91.0,61.1
47.0,93.0,850.5
47.0,95.0,47.2
47.0,97.0,58.9
47.0,99.0,67.8
47.0,101.0,43.1
47.0,103.0,58.5
47.0,105.0,211.8
47.0,107.0,121.5
47.0,109.0,46.3
47.0,111.0,72.4
47.0,113.0,176.4
47.0,115.0,56.7
47.0,117.0,81.5
47.0,119.0,132.0
47.0,121.0,60.2
47.0,123.0,70.0
47.0,125.0,319.6
47.0,127.0,49.2
47.0,129.0,42.1
47.0,131.0,58.4
47.0,133.0,50.9
47.0,135.0,19.1
47.0,137.0,31.2
47.0,139.0,38.7
47.0,141.0,180.3
47.0,143.0,100.9
47.0,145.0,150.2
47.0,147.0,139.2
47.0,149.0,424.0
47.0,151.0,41.8
47.0,153.0,53.1
47.0,155.0,151.7
47.0,157.0,1215.5
47.0,159.0,61.0
47.0,161.0,29.0
47.0,163.0,379.4
47.0,165.0,303.4
47.0,167.0,133.3
47.0,169.0,68.9
47.0,171.0,98.4
47.0,173.0,85.5
47.0,175.0,20.3
47.0,177.0,92.1
47.0,179.0,376.7
47.0,181.0,23.2
47.0,183.0,60.3
47.0,185.0,68.6
47.0,187.0,314.4
47.0,189.0,199.7
48.0,1.0,55.0
48.0,3.0,9.9
48.0,5.0,108.8
48.0,7.0,91.9
48.0,9.0,10.0
48.0,11.0,2.1
48.0,13.0,36.8
48.0,15.0,44.0
48.0,17.0,8.7
48.0,19.0,25.9
48.0,21.0,83.5
48.0,23.0,4.3
48.0,25.0,36.2
48.0,27.0,295.2
48.0,29.0,1383.1
48.0,31.0,14.8
48.0,33.0,0.7
48.0,35.0,18.5
48.0,37.0,104.6
48.0,39.0,230.7
48.0,41.0,332.8
48.0,43.0,1.5
48.0,45.0,1.8
48.0,47.0,7.7
48.0,49.0,40.3
48.0,51.0,26.1
48.0,53.0,43.0
48.0,55.0,69.8
48.0,57.0,42.2
48.0,59.0,15.1
48.0,61.0,456.0
48.0,63.0,63.3
48.0,65.0,6.7
48.0,67.0,32.5
48.0,69.0,9.0
48.0,71.0,58.8
48.0,73.0,48.3
48.0,75.0,10.1
48.0,77.0,9.9
48.0,79.0,4.0
48.0,81.0,3.6
48.0,83.0,7.0
48.0,85.0,930.0
48.0,87.0,3.3
48.0,89.0,21.7
48.0,91.0,193.9
48.0,93.0,14.9
48.0,95.0,4.2
48.0,97.0,43.9
48.0,99.0,71.7
48.0,101.0,1.7
48.0,103.0,5.6
48.0,105.0,1.3
48.0,107.0,6.7
48.0,109.0,0.6
48.0,111.0,4.5
48.0,113.0,2718.0
48.0,115.0,15.4
48.0,117.0,12.9
48.0,119.0,20.4
48.0,121.0,754.3
48.0,123.0,22.1
48.0,125.0,2.7
48.0,127.0,7.5
48.0,129.0,4.0
48.0,131.0,6.6
48.0,133.0,20.1
48.0,135.0,152.8
48.0,137.0,0.9
48.0,139.0,159.9
48.0,141.0,790.6
48.0,143.0,35.0
48.0,145.0,23.3
48.0,147.0,38.1
48.0,149.0,25.8
48.0,151.0,4.4
48.0,153.0,6.5
48.0,155.0,1.9
48.0,157.0,679.5
48.0,159.0,37.3
48.0,161.0,22.6
48.0,163.0,15.2
48.0,165.0,11.7
48.0,167.0,769.9
48.0,169.0,7.2
48.0,171.0,23.5
48.0,173.0,1.4
48.0,175.0,8.5
48.0,177.0,18.6
48.0,179.0,24.3
48.0,181.0,129.6
48.0,183.0,445.4
48.0,185.0,33.8
48.0,187.0,184.9
48.0,189.0,36.1
48.0,191.0,3.8
48.0,193.0,10.2
48.0,195.0,6.1
48.0,197.0,6.0
48.0,199.0,61.3
48.0,201.0,2402.4
48.0,203.0,72.9
48.0,205.0,4.1
48.0,207.0,6.5
48.0,209.0,231.7
48.0,211.0,4.2
48.0,213.0,89.9
48.0,215.0,493.2
48.0,217.0,36.6
48.0,219.0,25.2
48.0,221.0,121.7
48.0,223.0,45.8
48.0,225.0,19.3
48.0,227.0,38.9
48.0,229.0,0.8
48.0,231.0,102.5
48.0,233.0,25.0
48.0,235.0,1.5
48.0,237.0,9.9
48.0,239.0,17.0
48.0,241.0,38.0
48.0,243.0,1.0
48.0,245.0,287.9
48.0,247.0,4.7
48.0,249.0,47.2
48.0,251.0,208.3
48.0,253.0,21.8
48.0,255.0,19.8
48.0,257.0,132.4
48.0,259.0,50.4
48.0,261.0,0.3
48.0,263.0,0.9
48.0,265.0,45.0
48.0,267.0,3.7
48.0,269.0,0.3
48.0,271.0,2.6
48.0,273.0,36.4
48.0,275.0,4.4
48.0,277.0,54.9
48.0,279.0,13.8
48.0,281.0,27.6
48.0,283.0,4.6
48.0,285.0,19.9
48.0,287.0,26.4
48.0,289.0,15.7
48.0,291.0,65.3
48.0,293.0,25.8
48.0,295.0,3.5
48.0,297.0,11.1
48.0,299.0,20.7
48.0,301.0,0.1
48.0,303.0,311.3
48.0,305.0,6.6
48.0,307.0,7.8
48.0,309.0,226.5
48.0,311.0,0.6
48.0,313.0,29.3
48.0,315.0,27.7
48.0,317.0,5.2
48.0,319.0,4.3
48.0,321.0,33.4
48.0,323.0,42.4
48.0,325.0,34.7
48.0,327.0,2.5
48.0,329.0,152.0
48.0,331.0,24.3
48.0,333.0,6.6
48.0,335.0,10.3
48.0,337.0,21.2
48.0,339.0,437.5
48.0,341.0,24.3
48.0,343.0,51.3
48.0,345.0,1.2
48.0,347.0,68.2
48.0,349.0,47.3
48.0,351.0,15.5
48.0,353.0,16.7
48.0,355.0,405.8
48.0,357.0,11.1
48.0,359.0,1.4
48.0,361.0,245.3
48.0,363.0,29.5
48.0,365.0,29.7
48.0,367.0,129.4
48.0,369.0,11.7
48.0,371.0,3.3
48.0,373.0,43.0
48.0,375.0,133.3
48.0,377.0,2.0
48.0,379.0,47.6
48.0,381.0,132.4
48.0,383.0,2.9
48.0,385.0,4.7
48.0,387.0,12.4
48.0,389.0,5.2
48.0,391.0,9.6
48.0,393.0,1.0
48.0,395.0,19.4
48.0,397.0,616.7
48.0,399.0,10.0
48.0,401.0,57.7
48.0,403.0,22.0
48.0,405.0,16.7
48.0,407.0,46.3
48.0,409.0,93.5
48.0,411.0,5.4
48.0,413.0,2.6
48.0,415.0,18.7
48.0,417.0,3.7
48.0,419.0,32.0
48.0,421.0,3.3
48.0,423.0,227.6
48.0,425.0,45.5
48.0,427.0,49.8
48.0,429.0,10.7
48.0,431.0,1.2
48.0,433.0,1.6
48.0,435.0,2.8
48.0,437.0,8.8
48.0,439.0,2094.7
48.0,441.0,143.6
48.0,443.0,0.4
48.0,445.0,14.2
48.0,447.0,1.8
48.0,449.0,79.6
48.0,451.0,72.4
48.0,453.0,1034.4
48.0,455.0,21.0
48.0,457.0,23.5
48.0,459.0,67.4
48.0,461.0,2.7
48.0,463.0,17.0
48.0,465.0,15.5
48.0,467.0,62.4
48.0,469.0,98.4
48.0,471.0,86.5
48.0,473.0,84.1
48.0,475.0,12.8
48.0,477.0,55.8
48.0,479.0,74.5
48.0,481.0,38.0
48.0,483.0,5.9
48.0,485.0,209.5
48.0,487.0,13.9
48.0,489.0,37.5
48.0,491.0,378.0
48.0,493.0,53.4
48.0,495.0,8.5
48.0,497.0,65.4
48.0,499.0,65.0
48.0,501.0,9.9
48.0,503.0,20.3
48.0,505.0,14.0
48.0,507.0,9.0
49.0,1.0,2.6
49.0,3.0,8.7
49.0,5.0,96.7
49.0,7.0,14.5
49.0,9.0,1.5
49.0,11.0,1025.8
49.0,13.0,5.7
49.0,15.0,2.5
49.0,17.0,1.0
49.0,19.0,2.5
49.0,21.0,14.0
49.0,23.0,3.0
49.0,25.0,1.8
49.0,27.0,1.9
49.0,29.0,15.5
49.0,31.0,2.1
49.0,33.0,2.2
49.0,35.0,1387.1
49.0,37.0,1.9
49.0,39.0,17.5
49.0,41.0,10.9
49.0,43.0,19.4
49.0,45.0,8.4
49.0,47.0,7.3
49.0,49.0,257.8
49.0,51.0,20.0
49.0,53.0,56.9
49.0,55.0,1.1
49.0,57.0,401.4
50.0,1.0,48.0
50.0,3.0,55.0
50.0,5.0,48.1
50.0,7.0,291.7
50.0,9.0,9.5
50.0,11.0,75.3
50.0,13.0,85.2
50.0,15.0,53.3
50.0,17.0,42.1
50.0,19.0,39.3
50.0,21.0,66.3
50.0,23.0,86.6
50.0,25.0,56.7
50.0,27.0,58.5
51.0,1.0,73.8
51.0,3.0,137.3
51.0,5.0,36.5
51.0,7.0,35.7
51.0,9.0,68.3
51.0,11.0,44.9
51.0,13.0,7993.5
51.0,15.0,76.3
51.0,17.0,8.9
51.0,19.0,91.2
51.0,21.0,19.1
51.0,23.0,61.2
51.0,25.0,30.8
51.0,27.0,47.9
51.0,29.0,29.6
51.0,31.0,108.8
51.0,33.0,54.1
51.0,35.0,63.3
51.0,36.0,39.7
51.0,37.0,26.5
51.0,41.0,747.1
51.0,43.0,79.7
51.0,45.0,15.7
51.0,47.0,123.1
51.0,49.0,33.8
51.0,51.0,48.1
51.0,53.0,55.6
51.0,57.0,43.4
51.0,59.0,2766.8
51.0,61.0,100.7
51.0,63.0,40.2
51.0,65.0,89.8
51.0,67.0,81.3
51.0,69.0,189.4
51.0,71.0,48.6
51.0,73.0,169.2
51.0,75.0,77.2
51.0,77.0,35.1
51.0,79.0,117.8
51.0,81.0,41.5
51.0,83.0,44.3
51.0,85.0,213.1
51.0,87.0,1313.4
51.0,89.0,141.6
51.0,91.0,5.6
51.0,93.0,111.8
51.0,95.0,470.4
51.0,97.0,22.0
51.0,99.0,131.3
51.0,101.0,58.2
51.0,103.0,85.5
51.0,105.0,58.8
51.0,107.0,605.8
51.0,109.0,66.8
51.0,111.0,29.9
51.0,113.0,41.5
51.0,115.0,104.5
51.0,117.0,52.3
51.0,119.0,84.1
51.0,121.0,243.9
51.0,125.0,31.9
51.0,127.0,87.9
51.0,131.0,58.5
51.0,133.0,64.5
51.0,135.0,50.4
51.0,137.0,98.2
51.0,139.0,77.3
51.0,141.0,38.3
51.0,143.0,65.5
51.0,145.0,107.8
51.0,147.0,66.8
51.0,149.0,134.7
51.0,153.0,1195.0
51.0,155.0,109.0
51.0,157.0,27.7
51.0,159.0,48.3
51.0,161.0,368.7
51.0,163.0,37.3
51.0,165.0,89.9
51.0,167.0,61.0
51.0,169.0,43.3
51.0,171.0,82.5
51.0,173.0,71.4
51.0,175.0,31.0
51.0,177.0,304.9
51.0,179.0,479.5
51.0,181.0,25.3
51.0,183.0,24.7
51.0,185.0,86.9
51.0,187.0,176.0
51.0,191.0,97.8
51.0,193.0,76.1
51.0,195.0,102.8
51.0,197.0,63.3
51.0,199.0,624.8
51.0,510.0,9314.3
51.0,515.0,904.6
51.0,520.0,1370.6
51.0,530.0,992.0
51.0,540.0,4246.3
51.0,550.0,652.0
51.0,570.0,2315.3
51.0,580.0,1090.1
51.0,590.0,1002.8
51.0,595.0,859.8
51.0,600.0,3616.6
51.0,610.0,6169.8
51.0,620.0,1045.8
51.0,630.0,2326.2
51.0,640.0,854.7
51.0,650.0,2673.2
51.0,660.0,2808.2
51.0,670.0,2197.9
51.0,678.0,2820.3
51.0,680.0,1538.2
51.0,683.0,3827.8
51.0,685.0,5633.1
51.0,690.0,1261.5
51.0,700.0,2630.0
51.0,710.0,4486.3
51.0,720.0,529.1
51.0,730.0,1413.8
51.0,735.0,793.3
51.0,740.0,2838.9
51.0,750.0,1662.2
51.0,760.0,3414.7
51.0,770.0,2279.8
51.0,775.0,1718.0
51.0,790.0,1188.8
51.0,800.0,211.4
51.0,810.0,1758.9
51.0,820.0,1396.8
51.0,830.0,1559.3
51.0,840.0,2838.1
53.0,1.0,9.7
53.0,3.0,34.0
53.0,5.0,103.0
53.0,7.0,24.8
53.0,9.0,41.1
53.0,11.0,676.2
53.0,13.0,4.7
53.0,15.0,89.8
53.0,17.0,21.1
53.0,19.0,3.4
53.0,21.0,62.9
53.0,23.0,3.2
53.0,25.0,33.3
53.0,27.0,38.3
53.0,29.0,376.6
53.0,31.0,16.6
53.0,33.0,912.9
53.0,35.0,635.9
53.0,37.0,17.8
53.0,39.0,10.9
53.0,41.0,31.4
53.0,43.0,4.6
53.0,45.0,63.3
53.0,47.0,7.8
53.0,49.0,22.4
53.0,51.0,9.3
53.0,53.0,476.3
53.0,55.0,90.7
53.0,57.0,67.5
53.0,59.0,6.7
53.0,61.0,341.8
53.0,63.0,267.2
53.0,65.0,17.6
53.0,67.0,349.4
53.0,69.0,15.1
53.0,71.0,46.3
53.0,73.0,95.5
53.0,75.0,20.7
53.0,77.0,56.6
54.0,1.0,48.6
54.0,3.0,324.4
54.0,5.0,49.1
54.0,7.0,28.4
54.0,9.0,269.8
54.0,11.0,342.8
54.0,13.0,27.3
54.0,15.0,27.5
54.0,17.0,25.7
54.0,19.0,69.6
54.0,21.0,25.7
54.0,23.0,25.0
54.0,25.0,34.8
54.0,27.0,37.4
54.0,29.0,371.3
54.0,31.0,24.1
54.0,33.0,166.1
54.0,35.0,62.9
54.0,37.0,255.2
54.0,39.0,214.1
54.0,41.0,42.5
54.0,43.0,49.7
54.0,45.0,81.0
54.0,47.0,41.5
54.0,49.0,182.7
54.0,51.0,108.4
54.0,53.0,63.4
54.0,55.0,148.6
54.0,57.0,86.1
54.0,59.0,63.4
54.0,61.0,267.1
54.0,63.0,28.6
54.0,65.0,76.6
54.0,67.0,40.6
54.0,69.0,420.0
54.0,71.0,11.1
54.0,73.0,58.5
54.0,75.0,9.3
54.0,77.0,51.7
54.0,79.0,160.5
54.0,81.0,130.3
54.0,83.0,28.3
54.0,85.0,23.1
54.0,87.0,30.9
54.0,89.0,38.6
54.0,91.0,97.8
54.0,93.0,17.0
54.0,95.0,35.9
54.0,97.0,68.4
54.0,99.0,84.0
54.0,101.0,16.5
54.0,103.0,46.3
54.0,105.0,24.6
54.0,107.0,237.4
54.0,109.0,47.6
55.0,1.0,32.3
55.0,3.0,15.5
55.0,5.0,53.2
55.0,7.0,10.2
55.0,9.0,468.2
55.0,11.0,20.2
55.0,13.0,18.8
55.0,15.0,153.9
55.0,17.0,61.9
55.0,19.0,28.7
55.0,21.0,74.2
55.0,23.0,29.2
55.0,25.0,407.7
55.0,27.0,101.4
55.0,29.0,57.6
55.0,31.0,33.9
55.0,33.0,51.6
55.0,35.0,154.8
55.0,37.0,9.1
55.0,39.0,141.2
55.0,41.0,9.2
55.0,43.0,44.7
55.0,45.0,63.1
55.0,47.0,54.5
55.0,49.0,31.1
55.0,51.0,7.8
55.0,53.0,20.7
55.0,55.0,150.4
55.0,57.0,34.8
55.0,59.0,611.9
55.0,61.0,60.1
55.0,63.0,253.8
55.0,65.0,26.6
55.0,67.0,22.9
55.0,69.0,32.7
55.0,71.0,138.3
55.0,73.0,86.8
55.0,75.0,29.8
55.0,77.0,33.8
55.0,78.0,11.8
55.0,79.0,3926.0
55.0,81.0,49.6
55.0,83.0,37.7
55.0,85.0,32.3
55.0,87.0,277.2
55.0,89.0,370.7
55.0,91.0,32.2
55.0,93.0,71.5
55.0,95.0,48.4
55.0,97.0,87.4
55.0,99.0,11.3
55.0,101.0,587.7
55.0,103.0,30.7
55.0,105.0,223.3
55.0,107.0,16.2
55.0,109.0,116.8
55.0,111.0,74.6
55.0,113.0,13.2
55.0,115.0,47.0
55.0,117.0,225.9
55.0,119.0,21.2
55.0,121.0,39.3
55.0,123.0,37.6
55.0,125.0,25.0
55.0,127.0,184.2
55.0,129.0,20.0
55.0,131.0,306.2
55.0,133.0,709.4
55.0,135.0,70.1
55.0,137.0,39.1
55.0,139.0,384.3
55.0,141.0,94.2
56.0,1.0,8.5
56.0,3.0,3.7
56.0,5.0,9.6
56.0,7.0,2.0
56.0,9.0,3.3
56.0,11.0,2.5
56.0,13.0,4.4
56.0,15.0,6.0
56.0,17.0,2.4
56.0,19.0,2.1
56.0,21.0,34.2
56.0,23.0,4.4
56.0,25.0,14.1
56.0,27.0,0.9
56.0,29.0,4.1
56.0,31.0,4.2
56.0,33.0,11.5
56.0,35.0,2.1
56.0,37.0,4.2
56.0,39.0,5.3
56.0,41.0,10.1
56.0,43.0,3.8
56.0,45.0,3.0
72.0,1.0,292.1
72.0,3.0,1360.0
72.0,5.0,1668.5
72.0,7.0,952.6
72.0,9.0,827.2
72.0,11.0,744.8
72.0,13.0,765.7
72.0,15.0,1304.3
72.0,17.0,1327.6
72.0,19.0,885.1
72.0,21.0,4695.3
72.0,23.0,723.5
72.0,25.0,2438.6
72.0,27.0,758.5
72.0,29.0,1449.8
72.0,31.0,3900.3
72.0,33.0,5808.6
72.0,35.0,926.5
72.0,37.0,469.5
72.0,39.0,282.3
72.0,41.0,1207.1
72.0,43.0,519.3
72.0,45.0,731.6
72.0,47.0,872.4
72.0,49.0,156.4
72.0,51.0,1653.0
72.0,53.0,1238.7
72.0,54.0,833.7
72.0,55.0,524.3
72.0,57.0,698.0
72.0,59.0,510.5
72.0,61.0,3550.7
72.0,63.0,1626.9
72.0,65.0,1004.1
72.0,67.0,1520.6
72.0,69.0,1306.4
72.0,71.0,825.1
72.0,73.0,373.7
72.0,75.0,841.9
72.0,77.0,1521.0
72.0,79.0,429.6
72.0,81.0,500.5
72.0,83.0,213.1
72.0,85.0,1141.5
72.0,87.0,1552.2
72.0,89.0,777.5
72.0,91.0,977.5
72.0,93.0,171.4
72.0,95.0,580.3
72.0,97.0,1147.3
72.0,99.0,796.7
72.0,101.0,838.9
72.0,103.0,517.2
72.0,105.0,1109.5
72.0,107.0,368.2
72.0,109.0,412.8
72.0,111.0,544.2
72.0,113.0,1449.3
72.0,115.0,1142.7
72.0,117.0,1063.8
72.0,119.0,895.8
72.0,121.0,705.1
72.0,123.0,448.0
72.0,125.0,651.9
72.0,127.0,8262.3
72.0,129.0,773.1
72.0,131.0,602.5
72.0,133.0,684.1
72.0,135.0,2741.5
72.0,137.0,3855.7
72.0,139.0,3604.4
72.0,141.0,292.0
72.0,143.0,1440.8
72.0,145.0,1301.1
72.0,147.0,183.2
72.0,149.0,731.6
72.0,151.0,687.2
72.0,153.0,616.5
