STATEFIPS,COUNTY,vote_difference,victor
1,3.0,0.5721,Trump
1,5.0,0.05600000000000005,Trump
1,7.0,0.5513,Trump
1,9.0,0.8092000000000001,Trump
1,11.0,-0.5076999999999999,Clinton
1,13.0,0.13490000000000002,Trump
1,15.0,0.4105,Trump
1,17.0,0.1474000000000001,Trump
1,19.0,0.6899,Trump
1,21.0,0.6626,Trump
1,23.0,0.13619999999999993,Trump
1,25.0,0.10770000000000002,Trump
1,27.0,0.6050000000000001,Trump
1,29.0,0.7696,Trump
1,31.0,0.5623,Trump
1,33.0,0.379,Trump
1,35.0,0.05239999999999995,Trump
1,37.0,0.30430000000000007,Trump
1,39.0,0.6825999999999999,Trump
1,41.0,0.45480000000000004,Trump
1,43.0,0.7726,Trump
1,45.0,0.5012999999999999,Trump
1,47.0,-0.37510000000000004,Clinton
1,49.0,0.6887,Trump
1,51.0,0.5152000000000001,Trump
1,53.0,0.36510000000000004,Trump
1,55.0,0.49680000000000013,Trump
1,57.0,0.6491,Trump
1,59.0,0.6037,Trump
1,61.0,0.7203,Trump
1,63.0,-0.6500999999999999,Clinton
1,65.0,-0.1991,Clinton
1,67.0,0.41420000000000007,Trump
1,69.0,0.4727,Trump
1,71.0,0.6199000000000001,Trump
1,73.0,-0.07209999999999994,Clinton
1,75.0,0.6872,Trump
1,77.0,0.45470000000000005,Trump
1,79.0,0.48400000000000004,Trump
1,81.0,0.22749999999999998,Trump
1,83.0,0.48829999999999996,Trump
1,85.0,-0.4684999999999999,Clinton
1,87.0,-0.6659999999999999,Clinton
1,89.0,0.16459999999999997,Trump
1,91.0,-0.03489999999999999,Clinton
1,93.0,0.758,Trump
1,95.0,0.6886,Trump
1,97.0,0.13610000000000005,Trump
1,99.0,0.14300000000000002,Trump
1,101.0,-0.2589,Clinton
1,103.0,0.5182,Trump
1,105.0,-0.4589,Clinton
1,107.0,0.1553,Trump
1,109.0,0.2011,Trump
1,111.0,0.5312000000000001,Trump
1,113.0,-0.01909999999999995,Clinton
1,115.0,0.6799,Trump
1,117.0,0.4941,Trump
1,119.0,-0.4931,Clinton
1,121.0,0.25439999999999996,Trump
1,123.0,0.4147,Trump
1,125.0,0.19300000000000012,Trump
1,127.0,0.6707000000000001,Trump
1,129.0,0.43050000000000005,Trump
1,131.0,-0.4243,Clinton
1,133.0,0.8105,Trump
4,1.0,-0.32109999999999994,Clinton
4,3.0,0.21749999999999997,Trump
4,5.0,-0.18960000000000005,Clinton
4,7.0,0.32330000000000003,Trump
4,9.0,0.39570000000000005,Trump
4,11.0,0.24670000000000003,Trump
4,12.0,0.41420000000000007,Trump
4,13.0,0.02849999999999997,Trump
4,15.0,0.5161,Trump
4,17.0,0.10270000000000001,Trump
4,19.0,-0.13830000000000003,Clinton
4,21.0,0.196,Trump
4,23.0,-0.47460000000000013,Clinton
4,25.0,0.3132,Trump
4,27.0,0.010699999999999987,Trump
5,1.0,0.3038,Trump
5,3.0,0.3625000000000001,Trump
5,5.0,0.5319,Trump
5,7.0,0.3394999999999999,Trump
5,9.0,0.5778,Trump
5,11.0,0.23190000000000005,Trump
5,13.0,0.40419999999999995,Trump
5,15.0,0.32010000000000005,Trump
5,17.0,-0.15179999999999993,Clinton
5,19.0,0.09189999999999993,Trump
5,21.0,0.49649999999999994,Trump
5,23.0,0.6087,Trump
5,25.0,0.5184000000000001,Trump
5,27.0,0.2606,Trump
5,29.0,0.27660000000000007,Trump
5,31.0,0.34729999999999994,Trump
5,33.0,0.5434,Trump
5,35.0,-0.09060000000000001,Clinton
5,37.0,0.37609999999999993,Trump
5,39.0,0.12419999999999998,Trump
5,41.0,-0.07260000000000011,Clinton
5,43.0,0.24310000000000004,Trump
5,45.0,0.30970000000000003,Trump
5,47.0,0.5411000000000001,Trump
5,49.0,0.5037999999999999,Trump
5,51.0,0.33759999999999996,Trump
5,53.0,0.5846,Trump
5,55.0,0.5238999999999999,Trump
5,57.0,0.28709999999999997,Trump
5,59.0,0.42060000000000003,Trump
5,61.0,0.38640000000000013,Trump
5,63.0,0.5182,Trump
5,65.0,0.5376,Trump
5,67.0,0.32659999999999995,Trump
5,69.0,-0.2519,Clinton
5,71.0,0.40209999999999996,Trump
5,73.0,0.2539,Trump
5,75.0,0.4927,Trump
5,77.0,-0.1673,Clinton
5,79.0,0.31450000000000006,Trump
5,81.0,0.4224,Trump
5,83.0,0.5089,Trump
5,85.0,0.5275000000000001,Trump
5,87.0,0.48830000000000007,Trump
5,89.0,0.549,Trump
5,91.0,0.43629999999999997,Trump
5,93.0,0.10539999999999994,Trump
5,95.0,0.061399999999999955,Trump
5,97.0,0.5324,Trump
5,99.0,0.2597,Trump
5,101.0,0.5798,Trump
5,103.0,0.10369999999999996,Trump
5,105.0,0.455,Trump
5,107.0,-0.2681,Clinton
5,109.0,0.6192,Trump
5,111.0,0.469,Trump
5,113.0,0.6568,Trump
5,115.0,0.4988000000000001,Trump
5,117.0,0.49099999999999994,Trump
5,119.0,-0.17719999999999997,Clinton
5,121.0,0.4835,Trump
5,123.0,-0.11249999999999999,Clinton
5,125.0,0.4339,Trump
5,127.0,0.6066,Trump
5,129.0,0.6315,Trump
5,131.0,0.37689999999999996,Trump
5,133.0,0.48379999999999995,Trump
5,135.0,0.5428000000000001,Trump
5,137.0,0.5218,Trump
5,139.0,0.27230000000000004,Trump
5,141.0,0.5222,Trump
5,143.0,0.09910000000000008,Trump
5,145.0,0.5682,Trump
5,147.0,0.08900000000000002,Trump
5,149.0,0.4858,Trump
6,1.0,-0.6352000000000001,Clinton
6,3.0,-0.1854,Clinton
6,5.0,0.2524,Trump
6,7.0,0.03699999999999998,Trump
6,9.0,0.23379999999999995,Trump
6,11.0,0.13319999999999999,Trump
6,13.0,-0.4262,Clinton
6,15.0,0.17610000000000003,Trump
6,17.0,0.13470000000000004,Trump
6,19.0,-0.037799999999999945,Clinton
6,21.0,0.2875,Trump
6,23.0,-0.25079999999999997,Clinton
6,25.0,-0.4038999999999999,Clinton
6,27.0,0.13369999999999999,Trump
6,29.0,0.129,Trump
6,31.0,0.13839999999999997,Trump
6,33.0,-0.03670000000000001,Clinton
6,35.0,0.5133,Trump
6,37.0,-0.4842,Clinton
6,39.0,0.17049999999999993,Trump
6,41.0,-0.6179999999999999,Clinton
6,43.0,0.23239999999999994,Trump
6,45.0,-0.2828,Clinton
6,47.0,-0.09970000000000001,Clinton
6,49.0,0.4741999999999999,Trump
6,51.0,-0.1254,Clinton
6,53.0,-0.3968,Clinton
6,55.0,-0.3519999999999999,Clinton
6,57.0,-0.05269999999999997,Clinton
6,59.0,-0.0817,Clinton
6,61.0,0.1177999999999999,Trump
6,63.0,0.19910000000000005,Trump
6,65.0,-0.04329999999999995,Clinton
6,67.0,-0.23550000000000004,Clinton
6,69.0,-0.20749999999999996,Clinton
6,71.0,-0.09780000000000005,Clinton
6,73.0,-0.1871,Clinton
6,75.0,-0.7522999999999999,Clinton
6,77.0,-0.12689999999999996,Clinton
6,79.0,-0.08040000000000003,Clinton
6,81.0,-0.5769,Clinton
6,83.0,-0.27580000000000005,Clinton
6,85.0,-0.5261,Clinton
6,87.0,-0.5595,Clinton
6,89.0,0.36160000000000003,Trump
6,91.0,0.24049999999999994,Trump
6,93.0,0.20040000000000002,Trump
6,95.0,-0.2983,Clinton
6,97.0,-0.47129999999999994,Clinton
6,99.0,-0.006199999999999983,Clinton
6,101.0,0.15999999999999998,Trump
6,103.0,0.3633,Trump
6,105.0,0.10850000000000004,Trump
6,107.0,0.118,Trump
6,109.0,0.20570000000000005,Trump
6,111.0,-0.16729999999999995,Clinton
6,113.0,-0.42039999999999994,Clinton
6,115.0,0.2314,Trump
8,1.0,-0.08509999999999995,Clinton
8,3.0,-0.020600000000000007,Clinton
8,5.0,-0.14129999999999993,Clinton
8,7.0,0.24039999999999995,Trump
8,9.0,0.6828000000000001,Trump
8,11.0,0.3092000000000001,Trump
8,13.0,-0.48340000000000005,Clinton
8,14.0,-0.14229999999999998,Clinton
8,15.0,0.0464,Trump
8,17.0,0.7195999999999999,Trump
8,19.0,-0.026200000000000057,Clinton
8,21.0,0.03560000000000002,Trump
8,23.0,-0.2906,Clinton
8,25.0,0.48460000000000003,Trump
8,27.0,0.41230000000000006,Trump
8,29.0,0.45080000000000003,Trump
8,31.0,-0.548,Clinton
8,33.0,0.5594,Trump
8,35.0,0.18090000000000006,Trump
8,37.0,-0.20259999999999995,Clinton
8,39.0,0.5365,Trump
8,41.0,0.22329999999999994,Trump
8,43.0,0.44709999999999994,Trump
8,45.0,0.07030000000000003,Trump
8,47.0,-0.01899999999999996,Clinton
8,49.0,0.13229999999999997,Trump
8,51.0,-0.19539999999999996,Clinton
8,53.0,0.24109999999999998,Trump
8,55.0,0.06469999999999998,Trump
8,57.0,0.5318999999999999,Trump
8,59.0,-0.06880000000000003,Clinton
8,61.0,0.7444,Trump
8,63.0,0.6567000000000001,Trump
8,65.0,-0.10819999999999996,Clinton
8,67.0,-0.09430000000000005,Clinton
8,69.0,-0.049399999999999944,Clinton
8,71.0,0.15560000000000002,Trump
8,73.0,0.6088,Trump
8,75.0,0.5586000000000001,Trump
8,77.0,0.3611999999999999,Trump
8,79.0,0.16409999999999997,Trump
8,81.0,0.6790999999999999,Trump
8,83.0,0.3030999999999999,Trump
8,85.0,0.42079999999999995,Trump
8,87.0,0.4174999999999999,Trump
8,89.0,0.23490000000000005,Trump
8,91.0,-0.1073,Clinton
8,93.0,0.26049999999999995,Trump
8,95.0,0.581,Trump
8,97.0,-0.45459999999999995,Clinton
8,99.0,0.46749999999999997,Trump
8,101.0,0.0049000000000000155,Trump
8,103.0,0.6837,Trump
8,105.0,0.19590000000000002,Trump
8,107.0,-0.16949999999999998,Clinton
8,109.0,-0.09519999999999995,Clinton
8,111.0,-0.09879999999999994,Clinton
8,113.0,-0.4477,Clinton
8,115.0,0.5484,Trump
8,117.0,-0.27559999999999996,Clinton
8,119.0,0.42529999999999996,Trump
8,121.0,0.7329000000000001,Trump
8,123.0,0.22250000000000003,Trump
8,125.0,0.6521,Trump
9,1.0,-0.19879999999999992,Clinton
9,3.0,-0.22679999999999995,Clinton
9,5.0,0.13690000000000002,Trump
9,7.0,-0.07320000000000004,Clinton
9,9.0,-0.12280000000000002,Clinton
9,11.0,-0.06659999999999994,Clinton
9,13.0,-0.05570000000000003,Clinton
9,15.0,0.07780000000000004,Trump
10,1.0,0.0490000000000001,Trump
10,3.0,-0.296,Clinton
10,5.0,0.21999999999999997,Trump
11,1.0,-0.8676999999999999,Clinton
12,1.0,-0.2228,Clinton
12,3.0,0.6439999999999999,Trump
12,5.0,0.4579,Trump
12,7.0,0.4925999999999999,Trump
12,9.0,0.19540000000000002,Trump
12,11.0,-0.34919999999999995,Clinton
12,13.0,0.5570999999999999,Trump
12,15.0,0.2755000000000001,Trump
12,17.0,0.39740000000000003,Trump
12,19.0,0.4391999999999999,Trump
12,21.0,0.257,Trump
12,23.0,0.4423999999999999,Trump
12,27.0,0.27490000000000003,Trump
12,29.0,0.6321,Trump
12,31.0,0.013600000000000001,Trump
12,33.0,0.20330000000000004,Trump
12,35.0,0.20400000000000001,Trump
12,37.0,0.39299999999999996,Trump
12,39.0,-0.3733,Clinton
12,41.0,0.6234999999999999,Trump
12,43.0,0.39360000000000006,Trump
12,45.0,0.49229999999999996,Trump
12,47.0,0.2803,Trump
12,49.0,0.40459999999999996,Trump
12,51.0,0.14129999999999993,Trump
12,53.0,0.28709999999999997,Trump
12,55.0,0.31800000000000006,Trump
12,57.0,-0.06869999999999998,Clinton
12,59.0,0.7748999999999999,Trump
12,61.0,0.24239999999999995,Trump
12,63.0,0.37149999999999994,Trump
12,65.0,0.050600000000000034,Trump
12,67.0,0.6715999999999999,Trump
12,69.0,0.23090000000000005,Trump
12,71.0,0.20210000000000006,Trump
12,73.0,-0.2485,Clinton
12,75.0,0.44480000000000003,Trump
12,77.0,0.5712,Trump
12,79.0,0.15509999999999996,Trump
12,81.0,0.16999999999999998,Trump
12,83.0,0.2603,Trump
12,85.0,0.26569999999999994,Trump
12,86.0,-0.2939,Clinton
12,87.0,0.06830000000000003,Trump
12,89.0,0.4979000000000001,Trump
12,91.0,0.47130000000000005,Trump
12,93.0,0.39219999999999994,Trump
12,95.0,-0.24400000000000005,Clinton
12,97.0,-0.24849999999999994,Clinton
12,99.0,-0.15350000000000003,Clinton
12,101.0,0.2134999999999999,Trump
12,103.0,0.01100000000000001,Trump
12,105.0,0.13939999999999997,Trump
12,107.0,0.3617000000000001,Trump
12,109.0,0.3307000000000001,Trump
12,111.0,0.023999999999999966,Trump
12,113.0,0.5286000000000002,Trump
12,115.0,0.11490000000000006,Trump
12,117.0,0.01550000000000007,Trump
12,119.0,0.3896,Trump
12,121.0,0.5494999999999999,Trump
12,123.0,0.5144,Trump
12,125.0,0.6211,Trump
12,127.0,0.12880000000000003,Trump
12,129.0,0.3992,Trump
12,131.0,0.557,Trump
12,133.0,0.5685,Trump
13,1.0,0.5796000000000001,Trump
13,3.0,0.4525,Trump
13,5.0,0.6857000000000001,Trump
13,7.0,0.08679999999999999,Trump
13,9.0,-0.01699999999999996,Clinton
13,11.0,0.7842,Trump
13,13.0,0.5039,Trump
13,15.0,0.5520999999999999,Trump
13,17.0,0.27619999999999995,Trump
13,19.0,0.6644999999999999,Trump
13,21.0,-0.2046,Clinton
13,23.0,0.5297,Trump
13,25.0,0.7864,Trump
13,27.0,0.18570000000000003,Trump
13,29.0,0.43189999999999995,Trump
13,31.0,0.23109999999999997,Trump
13,33.0,-0.02560000000000001,Clinton
13,35.0,0.438,Trump
13,37.0,-0.1722999999999999,Clinton
13,39.0,0.33809999999999996,Trump
13,43.0,0.4352000000000001,Trump
13,45.0,0.40070000000000006,Trump
13,47.0,0.6071,Trump
13,49.0,0.48569999999999997,Trump
13,51.0,-0.14690000000000009,Clinton
13,53.0,0.11300000000000004,Trump
13,55.0,0.5876,Trump
13,57.0,0.49140000000000006,Trump
13,59.0,-0.38089999999999996,Clinton
13,61.0,-0.10309999999999997,Clinton
13,63.0,-0.7008000000000001,Clinton
13,65.0,0.4255,Trump
13,67.0,-0.021599999999999953,Clinton
13,69.0,0.39480000000000004,Trump
13,71.0,0.4731,Trump
13,73.0,0.37109999999999993,Trump
13,75.0,0.4010999999999999,Trump
13,77.0,0.42300000000000004,Trump
13,79.0,0.42890000000000006,Trump
13,81.0,0.2279,Trump
13,83.0,0.6546000000000001,Trump
13,85.0,0.7151000000000001,Trump
13,87.0,0.1846,Trump
13,89.0,-0.6288999999999999,Clinton
13,91.0,0.4547,Trump
13,93.0,0.020500000000000074,Trump
13,95.0,-0.38450000000000006,Clinton
13,97.0,-0.10780000000000006,Clinton
13,99.0,0.0802,Trump
13,101.0,0.7236,Trump
13,103.0,0.5564,Trump
13,105.0,0.34540000000000004,Trump
13,107.0,0.36970000000000003,Trump
13,109.0,0.35369999999999996,Trump
13,111.0,0.6546000000000001,Trump
13,113.0,0.19129999999999997,Trump
13,115.0,0.43529999999999996,Trump
13,117.0,0.47619999999999996,Trump
13,119.0,0.6857,Trump
13,121.0,-0.40850000000000003,Clinton
13,123.0,0.6684,Trump
13,125.0,0.7891999999999999,Trump
13,127.0,0.28280000000000005,Trump
13,129.0,0.6362,Trump
13,131.0,0.3304,Trump
13,133.0,0.2591,Trump
13,135.0,-0.05790000000000006,Clinton
13,137.0,0.6636,Trump
13,139.0,0.49979999999999997,Trump
13,141.0,-0.519,Clinton
13,143.0,0.7161000000000001,Trump
13,145.0,0.4787,Trump
13,147.0,0.4664,Trump
13,149.0,0.6245,Trump
13,151.0,-0.04359999999999997,Clinton
13,153.0,0.21549999999999997,Trump
13,155.0,0.498,Trump
13,157.0,0.6378999999999999,Trump
13,159.0,0.46749999999999997,Trump
13,161.0,0.6291,Trump
13,163.0,-0.10900000000000004,Clinton
13,165.0,0.2529,Trump
13,167.0,0.37559999999999993,Trump
13,169.0,0.3467999999999999,Trump
13,171.0,0.385,Trump
13,173.0,0.4115,Trump
13,175.0,0.2905,Trump
13,177.0,0.5296,Trump
13,179.0,-0.21229999999999993,Clinton
13,181.0,0.36230000000000007,Trump
13,183.0,0.3075,Trump
13,185.0,0.17469999999999997,Trump
13,187.0,0.5998999999999999,Trump
13,189.0,0.187,Trump
13,191.0,0.2006,Trump
13,193.0,-0.2718,Clinton
13,195.0,0.5668,Trump
13,197.0,0.22240000000000004,Trump
13,199.0,0.15430000000000005,Trump
13,201.0,0.49839999999999995,Trump
13,205.0,0.09999999999999998,Trump
13,207.0,0.41459999999999997,Trump
13,209.0,0.5117999999999999,Trump
13,211.0,0.41270000000000007,Trump
13,213.0,0.6874,Trump
13,215.0,-0.18750000000000006,Clinton
13,217.0,-0.023499999999999965,Clinton
13,219.0,0.39359999999999995,Trump
13,221.0,0.41989999999999994,Trump
13,223.0,0.4121000000000001,Trump
13,225.0,0.029199999999999893,Trump
13,227.0,0.6917,Trump
13,229.0,0.7397999999999999,Trump
13,231.0,0.6956,Trump
13,233.0,0.575,Trump
13,235.0,0.3702999999999999,Trump
13,237.0,0.39970000000000006,Trump
13,239.0,0.10919999999999996,Trump
13,241.0,0.6092,Trump
13,243.0,-0.1129,Clinton
13,245.0,-0.32430000000000003,Clinton
13,247.0,-0.25969999999999993,Clinton
13,249.0,0.5609999999999999,Trump
13,251.0,0.17629999999999996,Trump
13,253.0,0.3228,Trump
13,255.0,0.24569999999999997,Trump
13,257.0,0.5989,Trump
13,259.0,-0.20290000000000002,Clinton
13,261.0,-0.022199999999999998,Clinton
13,263.0,-0.2484,Clinton
13,265.0,-0.21850000000000008,Clinton
13,267.0,0.4960000000000001,Trump
13,269.0,0.2255999999999999,Trump
13,271.0,0.29960000000000003,Trump
13,273.0,-0.09400000000000003,Clinton
13,275.0,0.21800000000000008,Trump
13,277.0,0.3694,Trump
13,279.0,0.4694,Trump
13,281.0,0.6192,Trump
13,283.0,0.3504000000000001,Trump
13,285.0,0.2320000000000001,Trump
13,287.0,0.2502,Trump
13,289.0,0.01579999999999998,Trump
13,291.0,0.6549999999999999,Trump
13,293.0,0.3490999999999999,Trump
13,295.0,0.6151,Trump
13,297.0,0.5642,Trump
13,299.0,0.41720000000000007,Trump
13,301.0,-0.13840000000000008,Clinton
13,303.0,-0.006000000000000005,Clinton
13,305.0,0.5885,Trump
13,307.0,0.1407,Trump
13,309.0,0.3686999999999999,Trump
13,311.0,0.6863,Trump
13,313.0,0.4473999999999999,Trump
13,315.0,0.41839999999999994,Trump
13,317.0,0.1617,Trump
13,319.0,0.10259999999999997,Trump
13,321.0,0.499,Trump
15,1.0,-0.3663,Clinton
15,3.0,-0.2987,Clinton
15,7.0,-0.3373,Clinton
15,9.0,-0.38560000000000005,Clinton
16,1.0,0.09240000000000004,Trump
16,3.0,0.5226999999999999,Trump
16,5.0,0.2047,Trump
16,7.0,0.6653,Trump
16,9.0,0.5536000000000001,Trump
16,11.0,0.4802,Trump
16,13.0,-0.28679999999999994,Clinton
16,15.0,0.49740000000000006,Trump
16,17.0,0.35960000000000003,Trump
16,19.0,0.40190000000000003,Trump
16,21.0,0.5544999999999999,Trump
16,23.0,0.613,Trump
16,25.0,0.5009,Trump
16,27.0,0.41700000000000004,Trump
16,29.0,0.6602999999999999,Trump
16,31.0,0.6006999999999999,Trump
16,33.0,0.5618000000000001,Trump
16,35.0,0.5650999999999999,Trump
16,37.0,0.5594000000000001,Trump
16,39.0,0.4698,Trump
16,41.0,0.6394,Trump
16,43.0,0.6021,Trump
16,45.0,0.5973999999999999,Trump
16,47.0,0.5418999999999999,Trump
16,49.0,0.6379,Trump
16,51.0,0.6503000000000001,Trump
16,53.0,0.49100000000000005,Trump
16,55.0,0.4252,Trump
16,57.0,-0.04620000000000002,Clinton
16,59.0,0.5561,Trump
16,61.0,0.5861999999999998,Trump
16,63.0,0.47140000000000004,Trump
16,65.0,0.49339999999999995,Trump
16,67.0,0.5415000000000001,Trump
16,69.0,0.3414,Trump
16,71.0,0.6513,Trump
16,73.0,0.6277999999999999,Trump
16,75.0,0.5724,Trump
16,77.0,0.35069999999999996,Trump
16,79.0,0.37360000000000004,Trump
16,81.0,8.000000000000784e-4,Trump
16,83.0,0.45510000000000006,Trump
16,85.0,0.18570000000000003,Trump
16,87.0,0.5629,Trump
17,1.0,0.4678,Trump
17,5.0,0.37760000000000005,Trump
17,7.0,0.14429999999999993,Trump
17,9.0,0.5521999999999999,Trump
17,11.0,0.19690000000000002,Trump
17,13.0,0.3813999999999999,Trump
17,15.0,0.26820000000000005,Trump
17,17.0,0.3111999999999999,Trump
17,19.0,-0.183,Clinton
17,21.0,0.4272,Trump
17,23.0,0.4732,Trump
17,25.0,0.6311,Trump
17,27.0,0.4851000000000001,Trump
17,29.0,0.26410000000000006,Trump
17,31.0,-0.5341,Clinton
17,33.0,0.4865999999999999,Trump
17,35.0,0.5703000000000001,Trump
17,37.0,-0.029900000000000038,Clinton
17,39.0,0.4237999999999999,Trump
17,41.0,0.45799999999999996,Trump
17,43.0,-0.14450000000000002,Clinton
17,45.0,0.4955,Trump
17,51.0,0.578,Trump
17,53.0,0.48009999999999997,Trump
17,55.0,0.44839999999999997,Trump
17,57.0,0.15080000000000005,Trump
17,61.0,0.5264,Trump
17,63.0,0.23310000000000003,Trump
17,69.0,0.575,Trump
17,71.0,0.2895,Trump
17,73.0,0.2115999999999999,Trump
17,75.0,0.5535000000000001,Trump
17,77.0,-0.03140000000000004,Clinton
17,81.0,0.42869999999999986,Trump
17,83.0,0.4617,Trump
17,85.0,0.14859999999999995,Trump
17,87.0,0.5759,Trump
17,89.0,-0.10919999999999996,Clinton
17,91.0,0.13079999999999997,Trump
17,93.0,0.014700000000000046,Trump
17,95.0,0.03230000000000005,Trump
17,97.0,-0.20579999999999998,Clinton
17,99.0,0.1427,Trump
17,103.0,0.19910000000000005,Trump
17,105.0,0.41019999999999995,Trump
17,107.0,0.39339999999999997,Trump
17,109.0,0.11509999999999998,Trump
17,111.0,0.07929999999999998,Trump
17,113.0,0.014400000000000024,Trump
17,115.0,0.17929999999999996,Trump
17,117.0,0.34700000000000003,Trump
17,119.0,0.15599999999999997,Trump
17,121.0,0.4422,Trump
17,123.0,0.33369999999999994,Trump
17,125.0,0.31760000000000005,Trump
17,129.0,0.3724,Trump
17,131.0,0.20440000000000003,Trump
17,133.0,0.36660000000000004,Trump
17,135.0,0.3959,Trump
17,137.0,0.29589999999999994,Trump
17,139.0,0.4745,Trump
17,141.0,0.2616,Trump
17,143.0,-0.027400000000000035,Clinton
17,145.0,0.4449000000000001,Trump
17,147.0,0.33100000000000007,Trump
17,149.0,0.5765,Trump
17,153.0,0.26439999999999997,Trump
17,155.0,0.2012,Trump
17,157.0,0.46340000000000003,Trump
17,161.0,-0.08400000000000002,Clinton
17,163.0,-0.05540000000000006,Clinton
17,167.0,0.09190000000000004,Trump
17,169.0,0.3781,Trump
17,171.0,0.5487,Trump
17,173.0,0.5434000000000001,Trump
17,177.0,0.16709999999999997,Trump
17,179.0,0.28500000000000003,Trump
17,181.0,0.39270000000000005,Trump
17,183.0,0.29839999999999994,Trump
17,187.0,0.16479999999999995,Trump
17,189.0,0.5544000000000001,Trump
17,191.0,0.7127,Trump
17,193.0,0.5765,Trump
17,195.0,0.06230000000000008,Trump
17,197.0,-0.05940000000000001,Clinton
17,199.0,0.41250000000000003,Trump
17,201.0,-9.999999999993348e-5,Clinton
17,203.0,0.40980000000000005,Trump
18,1.0,0.5228999999999999,Trump
18,3.0,0.1941,Trump
18,5.0,0.33249999999999996,Trump
18,7.0,0.4688999999999999,Trump
18,9.0,0.4353999999999999,Trump
18,11.0,0.2944,Trump
18,13.0,0.31439999999999996,Trump
18,15.0,0.5072,Trump
18,17.0,0.41819999999999996,Trump
18,19.0,0.2195999999999999,Trump
18,21.0,0.5518000000000001,Trump
18,23.0,0.47859999999999997,Trump
18,25.0,0.3681,Trump
18,27.0,0.6264,Trump
18,29.0,0.5516,Trump
18,31.0,0.5723,Trump
18,33.0,0.48,Trump
18,35.0,0.1355,Trump
18,37.0,0.39920000000000005,Trump
18,39.0,0.32339999999999997,Trump
18,41.0,0.48300000000000004,Trump
18,43.0,0.20109999999999995,Trump
18,45.0,0.5598000000000001,Trump
18,47.0,0.6085,Trump
18,49.0,0.48360000000000003,Trump
18,51.0,0.4753999999999999,Trump
18,53.0,0.3939,Trump
18,55.0,0.5325,Trump
18,57.0,0.19580000000000003,Trump
18,59.0,0.44700000000000006,Trump
18,61.0,0.4396999999999999,Trump
18,63.0,0.34189999999999987,Trump
18,65.0,0.43520000000000003,Trump
18,67.0,0.33899999999999997,Trump
18,69.0,0.5076,Trump
18,71.0,0.513,Trump
18,73.0,0.4525,Trump
18,75.0,0.47690000000000005,Trump
18,77.0,0.3122000000000001,Trump
18,79.0,0.5255999999999998,Trump
18,81.0,0.4232,Trump
18,83.0,0.4708,Trump
18,85.0,0.5493,Trump
18,87.0,0.5168999999999999,Trump
18,89.0,-0.20639999999999997,Clinton
18,91.0,0.06379999999999997,Trump
18,93.0,0.513,Trump
18,95.0,0.2569000000000001,Trump
18,97.0,-0.22829999999999995,Clinton
18,99.0,0.4143,Trump
18,101.0,0.5855999999999999,Trump
18,103.0,0.5347,Trump
18,105.0,-0.2340000000000001,Clinton
18,107.0,0.5092000000000001,Trump
18,109.0,0.38359999999999994,Trump
18,111.0,0.4611999999999999,Trump
18,113.0,0.4911,Trump
18,115.0,0.4902000000000001,Trump
18,117.0,0.45819999999999994,Trump
18,119.0,0.49150000000000005,Trump
18,121.0,0.5199,Trump
18,123.0,0.1855,Trump
18,125.0,0.5188,Trump
18,127.0,0.06720000000000004,Trump
18,129.0,0.39180000000000004,Trump
18,131.0,0.46299999999999997,Trump
18,133.0,0.44570000000000004,Trump
18,135.0,0.4848,Trump
18,137.0,0.5727,Trump
18,139.0,0.5222,Trump
18,141.0,-0.0021000000000000463,Clinton
18,143.0,0.3771,Trump
18,145.0,0.4709,Trump
18,147.0,0.37189999999999995,Trump
18,149.0,0.42030000000000006,Trump
18,151.0,0.4387,Trump
18,153.0,0.47019999999999995,Trump
18,155.0,0.4461,Trump
18,157.0,0.05660000000000004,Trump
18,159.0,0.5328999999999999,Trump
18,161.0,0.5256000000000001,Trump
18,163.0,0.16799999999999993,Trump
18,165.0,0.3506999999999999,Trump
18,167.0,0.1508000000000001,Trump
18,169.0,0.5069,Trump
18,171.0,0.5238999999999999,Trump
18,173.0,0.33880000000000005,Trump
18,175.0,0.4909999999999999,Trump
18,177.0,0.3012999999999999,Trump
18,179.0,0.5625999999999999,Trump
18,181.0,0.42919999999999997,Trump
18,183.0,0.5136,Trump
19,1.0,0.3484999999999999,Trump
19,3.0,0.3941,Trump
19,5.0,0.24149999999999994,Trump
19,7.0,0.3617,Trump
19,9.0,0.3095,Trump
19,11.0,0.25670000000000004,Trump
19,13.0,-0.07389999999999997,Clinton
19,15.0,0.13689999999999997,Trump
19,17.0,0.13679999999999998,Trump
19,19.0,0.1503,Trump
19,21.0,0.24729999999999996,Trump
19,23.0,0.3679,Trump
19,25.0,0.4012,Trump
19,27.0,0.3158000000000001,Trump
19,29.0,0.3943999999999999,Trump
19,31.0,0.17780000000000007,Trump
19,33.0,0.0766,Trump
19,35.0,0.40159999999999996,Trump
19,37.0,0.2294,Trump
19,39.0,0.28019999999999995,Trump
19,41.0,0.42100000000000004,Trump
19,43.0,0.2278,Trump
19,45.0,0.05120000000000002,Trump
19,47.0,0.38180000000000003,Trump
19,49.0,0.09510000000000007,Trump
19,51.0,0.4497,Trump
19,53.0,0.29330000000000006,Trump
19,55.0,0.29619999999999996,Trump
19,57.0,0.06890000000000002,Trump
19,59.0,0.357,Trump
19,61.0,0.012199999999999989,Trump
19,63.0,0.37179999999999996,Trump
19,65.0,0.19360000000000005,Trump
19,67.0,0.1484000000000001,Trump
19,69.0,0.33620000000000005,Trump
19,71.0,0.4016,Trump
19,73.0,0.23409999999999997,Trump
19,75.0,0.38869999999999993,Trump
19,77.0,0.3298,Trump
19,79.0,0.22579999999999995,Trump
19,81.0,0.4071,Trump
19,83.0,0.2891000000000001,Trump
19,85.0,0.37120000000000003,Trump
19,87.0,0.3057000000000001,Trump
19,89.0,0.20489999999999997,Trump
19,91.0,0.45530000000000004,Trump
19,93.0,0.5157,Trump
19,95.0,0.23820000000000002,Trump
19,97.0,0.1927000000000001,Trump
19,99.0,0.18129999999999996,Trump
19,101.0,0.004599999999999993,Trump
19,103.0,-0.37899999999999995,Clinton
19,105.0,0.19080000000000003,Trump
19,107.0,0.41080000000000005,Trump
19,109.0,0.36130000000000007,Trump
19,111.0,0.16020000000000006,Trump
19,113.0,-0.09009999999999996,Clinton
19,115.0,0.28370000000000006,Trump
19,117.0,0.3761999999999999,Trump
19,119.0,0.6699,Trump
19,121.0,0.3106,Trump
19,123.0,0.4527000000000001,Trump
19,125.0,0.3076,Trump
19,127.0,0.0830999999999999,Trump
19,129.0,0.38669999999999993,Trump
19,131.0,0.24039999999999995,Trump
19,133.0,0.4096999999999999,Trump
19,135.0,0.4093,Trump
19,137.0,0.4207,Trump
19,139.0,0.06259999999999999,Trump
19,141.0,0.5991000000000001,Trump
19,143.0,0.6158999999999999,Trump
19,145.0,0.4380999999999999,Trump
19,147.0,0.3578,Trump
19,149.0,0.5152,Trump
19,151.0,0.44989999999999997,Trump
19,153.0,-0.11359999999999992,Clinton
19,155.0,0.21300000000000002,Trump
19,157.0,0.06529999999999997,Trump
19,159.0,0.39559999999999995,Trump
19,161.0,0.4668,Trump
19,163.0,-0.014900000000000024,Clinton
19,165.0,0.42390000000000005,Trump
19,167.0,0.6862000000000001,Trump
19,169.0,-0.12340000000000007,Clinton
19,171.0,0.20279999999999992,Trump
19,173.0,0.4467,Trump
19,175.0,0.27479999999999993,Trump
19,177.0,0.4722999999999999,Trump
19,179.0,0.20600000000000002,Trump
19,181.0,0.16179999999999994,Trump
19,183.0,0.20399999999999996,Trump
19,185.0,0.45909999999999995,Trump
19,187.0,0.21519999999999995,Trump
19,189.0,0.2619,Trump
19,191.0,0.007899999999999963,Trump
19,193.0,0.19480000000000003,Trump
19,195.0,0.21679999999999994,Trump
19,197.0,0.31600000000000006,Trump
20,1.0,0.40970000000000006,Trump
20,3.0,0.5252,Trump
20,5.0,0.3177,Trump
20,7.0,0.6976000000000001,Trump
20,9.0,0.5891000000000001,Trump
20,11.0,0.5083000000000001,Trump
20,13.0,0.5079,Trump
20,15.0,0.4544,Trump
20,17.0,0.4851,Trump
20,19.0,0.7133,Trump
20,21.0,0.4839,Trump
20,23.0,0.6984000000000001,Trump
20,25.0,0.7071,Trump
20,27.0,0.5811999999999999,Trump
20,29.0,0.5512999999999999,Trump
20,31.0,0.5732,Trump
20,33.0,0.7036,Trump
20,35.0,0.37629999999999997,Trump
20,37.0,0.23120000000000002,Trump
20,39.0,0.7137,Trump
20,41.0,0.5398,Trump
20,43.0,0.5992,Trump
20,45.0,-0.3272,Clinton
20,47.0,0.6308,Trump
20,49.0,0.7052999999999999,Trump
20,51.0,0.4839,Trump
20,53.0,0.54,Trump
20,55.0,0.32359999999999994,Trump
20,57.0,0.3989000000000001,Trump
20,59.0,0.39370000000000005,Trump
20,61.0,0.21700000000000003,Trump
20,63.0,0.7364,Trump
20,65.0,0.6546,Trump
20,67.0,0.5746,Trump
20,69.0,0.6931999999999999,Trump
20,71.0,0.6885999999999999,Trump
20,73.0,0.5912000000000001,Trump
20,75.0,0.6799999999999999,Trump
20,77.0,0.6215999999999999,Trump
20,79.0,0.2405,Trump
20,81.0,0.6023,Trump
20,83.0,0.7167,Trump
20,85.0,0.41890000000000005,Trump
20,87.0,0.3226,Trump
20,89.0,0.6904999999999999,Trump
20,91.0,0.027100000000000013,Trump
20,93.0,0.6218,Trump
20,95.0,0.5831,Trump
20,97.0,0.7273,Trump
20,99.0,0.37859999999999994,Trump
20,101.0,0.6979000000000001,Trump
20,103.0,0.24680000000000013,Trump
20,105.0,0.6588,Trump
20,107.0,0.6207,Trump
20,109.0,0.7232999999999999,Trump
20,111.0,0.16160000000000008,Trump
20,113.0,0.4198,Trump
20,115.0,0.5034000000000001,Trump
20,117.0,0.4784,Trump
20,119.0,0.7069,Trump
20,121.0,0.4004,Trump
20,123.0,0.6185999999999999,Trump
20,125.0,0.5084000000000001,Trump
20,127.0,0.46880000000000005,Trump
20,129.0,0.7112,Trump
20,131.0,0.6671,Trump
20,133.0,0.4676,Trump
20,135.0,0.7358999999999999,Trump
20,137.0,0.6991,Trump
20,139.0,0.4327,Trump
20,141.0,0.6879,Trump
20,143.0,0.641,Trump
20,145.0,0.5015,Trump
20,147.0,0.7292000000000001,Trump
20,149.0,0.5078,Trump
20,151.0,0.54,Trump
20,153.0,0.7243999999999999,Trump
20,155.0,0.35950000000000004,Trump
20,157.0,0.6533,Trump
20,159.0,0.5561999999999999,Trump
20,161.0,0.04520000000000002,Trump
20,163.0,0.7258,Trump
20,165.0,0.6445,Trump
20,167.0,0.6639,Trump
20,169.0,0.3434,Trump
20,171.0,0.7409999999999999,Trump
20,173.0,0.19140000000000001,Trump
20,175.0,0.3234,Trump
20,177.0,0.028299999999999992,Trump
20,179.0,0.7783,Trump
20,181.0,0.6713,Trump
20,183.0,0.6653000000000001,Trump
20,185.0,0.6274,Trump
20,187.0,0.6038000000000001,Trump
20,189.0,0.7280000000000001,Trump
20,191.0,0.5061,Trump
20,193.0,0.679,Trump
20,195.0,0.6977,Trump
20,197.0,0.47459999999999997,Trump
20,199.0,0.8549,Trump
20,201.0,0.6567000000000001,Trump
20,203.0,0.6702999999999999,Trump
20,205.0,0.6309,Trump
20,207.0,0.5585,Trump
20,209.0,-0.29119999999999996,Clinton
21,1.0,0.6454,Trump
21,3.0,0.6321000000000001,Trump
21,5.0,0.491,Trump
21,7.0,0.5718,Trump
21,9.0,0.49810000000000004,Trump
21,11.0,0.3751999999999999,Trump
21,13.0,0.6219000000000001,Trump
21,15.0,0.41750000000000004,Trump
21,17.0,0.31549999999999995,Trump
21,19.0,0.3701,Trump
21,21.0,0.2903,Trump
21,23.0,0.5687,Trump
21,25.0,0.42760000000000004,Trump
21,27.0,0.5156000000000001,Trump
21,29.0,0.4978,Trump
21,31.0,0.6242999999999999,Trump
21,33.0,0.5434000000000001,Trump
21,35.0,0.3500999999999999,Trump
21,37.0,0.24450000000000005,Trump
21,39.0,0.639,Trump
21,41.0,0.3844,Trump
21,43.0,0.5167999999999999,Trump
21,45.0,0.7323000000000001,Trump
21,47.0,0.31340000000000007,Trump
21,49.0,0.37050000000000005,Trump
21,51.0,0.755,Trump
21,53.0,0.7311,Trump
21,55.0,0.6621999999999999,Trump
21,57.0,0.6662999999999999,Trump
21,59.0,0.32189999999999996,Trump
21,61.0,0.6018,Trump
21,63.0,0.44129999999999997,Trump
21,65.0,0.5641,Trump
21,67.0,-0.09450000000000003,Clinton
21,69.0,0.539,Trump
21,71.0,0.48240000000000005,Trump
21,73.0,0.046100000000000085,Trump
21,75.0,0.32539999999999997,Trump
21,77.0,0.5075,Trump
21,79.0,0.5839000000000001,Trump
21,81.0,0.5605,Trump
21,83.0,0.5638,Trump
21,85.0,0.5918999999999999,Trump
21,87.0,0.6638000000000001,Trump
21,89.0,0.45460000000000006,Trump
21,91.0,0.3595,Trump
21,93.0,0.3019,Trump
21,95.0,0.7212000000000001,Trump
21,97.0,0.4374999999999999,Trump
21,99.0,0.4942,Trump
21,101.0,0.2766,Trump
21,103.0,0.4359,Trump
21,105.0,0.5599999999999998,Trump
21,107.0,0.5391,Trump
21,109.0,0.8011,Trump
21,111.0,-0.13329999999999997,Clinton
21,113.0,0.39999999999999997,Trump
21,115.0,0.7097,Trump
21,117.0,0.26039999999999996,Trump
21,119.0,0.5399999999999998,Trump
21,121.0,0.6763000000000001,Trump
21,123.0,0.553,Trump
21,125.0,0.6907000000000001,Trump
21,127.0,0.6240999999999999,Trump
21,129.0,0.6400000000000001,Trump
21,131.0,0.8048,Trump
21,133.0,0.6296,Trump
21,135.0,0.6752999999999999,Trump
21,137.0,0.5723999999999999,Trump
21,139.0,0.5775999999999999,Trump
21,141.0,0.4608,Trump
21,143.0,0.4401,Trump
21,145.0,0.37179999999999996,Trump
21,147.0,0.7526999999999999,Trump
21,149.0,0.5240999999999999,Trump
21,151.0,0.3114,Trump
21,153.0,0.5184000000000001,Trump
21,155.0,0.3011999999999999,Trump
21,157.0,0.5180000000000001,Trump
21,159.0,0.7944000000000001,Trump
21,161.0,0.412,Trump
21,163.0,0.4606,Trump
21,165.0,0.47139999999999993,Trump
21,167.0,0.5049000000000001,Trump
21,169.0,0.5443,Trump
21,171.0,0.7367,Trump
21,173.0,0.41019999999999995,Trump
21,175.0,0.5491,Trump
21,177.0,0.46870000000000006,Trump
21,179.0,0.3363999999999999,Trump
21,181.0,0.4118,Trump
21,183.0,0.5637999999999999,Trump
21,185.0,0.3105,Trump
21,187.0,0.5365,Trump
21,189.0,0.6924999999999999,Trump
21,191.0,0.5726,Trump
21,193.0,0.5697000000000001,Trump
21,195.0,0.6271,Trump
21,197.0,0.4521,Trump
21,199.0,0.6666,Trump
21,201.0,0.5301,Trump
21,203.0,0.7014999999999999,Trump
21,205.0,0.21239999999999998,Trump
21,207.0,0.7059,Trump
21,209.0,0.3032,Trump
21,211.0,0.3362,Trump
21,213.0,0.3893999999999999,Trump
21,215.0,0.5544,Trump
21,217.0,0.5101,Trump
21,219.0,0.5378000000000001,Trump
21,221.0,0.4953000000000001,Trump
21,223.0,0.4981999999999999,Trump
21,225.0,0.5426,Trump
21,227.0,0.24170000000000003,Trump
21,229.0,0.4600000000000001,Trump
21,231.0,0.6181,Trump
21,233.0,0.5438999999999999,Trump
21,235.0,0.6711999999999999,Trump
21,237.0,0.3988,Trump
21,239.0,0.20189999999999997,Trump
22,1.0,0.5668000000000001,Trump
22,3.0,0.515,Trump
22,5.0,0.3596999999999999,Trump
22,7.0,0.25520000000000004,Trump
22,9.0,0.36959999999999993,Trump
22,11.0,0.6529,Trump
22,13.0,0.08949999999999997,Trump
22,15.0,0.458,Trump
22,17.0,-0.04229999999999995,Clinton
22,19.0,0.33290000000000003,Trump
22,21.0,0.6467,Trump
22,23.0,0.7944,Trump
22,25.0,0.44420000000000004,Trump
22,27.0,0.1352,Trump
22,29.0,0.24849999999999994,Trump
22,31.0,0.21500000000000002,Trump
22,33.0,-0.09239999999999993,Clinton
22,35.0,-0.26509999999999995,Clinton
22,37.0,0.13289999999999996,Trump
22,39.0,0.41329999999999995,Trump
22,41.0,0.43749999999999994,Trump
22,43.0,0.7059,Trump
22,45.0,0.3145,Trump
22,47.0,-0.06259999999999999,Clinton
22,49.0,0.4059,Trump
22,51.0,0.14710000000000006,Trump
22,53.0,0.539,Trump
22,55.0,0.3358999999999999,Trump
22,57.0,0.5650999999999999,Trump
22,59.0,0.7963,Trump
22,61.0,0.19570000000000004,Trump
22,63.0,0.7253,Trump
22,65.0,-0.17269999999999996,Clinton
22,67.0,0.11369999999999997,Trump
22,69.0,0.10980000000000001,Trump
22,71.0,-0.6616000000000001,Clinton
22,73.0,0.25450000000000006,Trump
22,75.0,0.3360000000000001,Trump
22,77.0,0.17209999999999998,Trump
22,79.0,0.32539999999999997,Trump
22,81.0,0.10239999999999999,Trump
22,83.0,0.32610000000000006,Trump
22,85.0,0.631,Trump
22,87.0,0.3337,Trump
22,89.0,0.3078000000000001,Trump
22,91.0,-0.14350000000000007,Clinton
22,93.0,-0.0796,Clinton
22,95.0,-0.24549999999999994,Clinton
22,97.0,0.11909999999999998,Trump
22,99.0,0.3343,Trump
22,101.0,0.27580000000000005,Trump
22,103.0,0.5081,Trump
22,105.0,0.3259,Trump
22,107.0,-0.05890000000000006,Clinton
22,109.0,0.4838000000000001,Trump
22,111.0,0.4848000000000001,Trump
22,113.0,0.5932,Trump
22,115.0,0.6496999999999999,Trump
22,117.0,0.36840000000000006,Trump
22,119.0,0.2911,Trump
22,121.0,0.12140000000000006,Trump
22,123.0,0.684,Trump
22,125.0,0.19689999999999996,Trump
22,127.0,0.46519999999999995,Trump
24,1.0,0.43710000000000004,Trump
24,3.0,-0.022199999999999998,Clinton
24,5.0,-0.16959999999999997,Clinton
24,9.0,0.16780000000000006,Trump
24,11.0,0.3798,Trump
24,13.0,0.3517,Trump
24,15.0,0.33620000000000005,Trump
24,17.0,-0.3019,Clinton
24,19.0,0.14239999999999997,Trump
24,21.0,0.02760000000000007,Trump
24,23.0,0.5861000000000001,Trump
24,25.0,0.2330000000000001,Trump
24,27.0,-0.3401,Clinton
24,29.0,0.030100000000000016,Trump
24,31.0,-0.5534,Clinton
24,33.0,-0.7974,Clinton
24,35.0,0.3401,Trump
24,37.0,0.2245000000000001,Trump
24,39.0,0.11569999999999997,Trump
24,41.0,0.11010000000000003,Trump
24,43.0,0.30110000000000003,Trump
24,45.0,0.10170000000000007,Trump
24,47.0,0.27040000000000003,Trump
26,1.0,0.39959999999999996,Trump
26,3.0,0.20429999999999998,Trump
26,5.0,0.28750000000000003,Trump
26,7.0,0.2852999999999999,Trump
26,9.0,0.2942000000000001,Trump
26,11.0,0.3335000000000001,Trump
26,13.0,0.28740000000000004,Trump
26,15.0,0.3333,Trump
26,17.0,0.12639999999999996,Trump
26,19.0,0.13999999999999996,Trump
26,21.0,0.12729999999999997,Trump
26,23.0,0.38099999999999995,Trump
26,25.0,0.12479999999999991,Trump
26,27.0,0.2995,Trump
26,29.0,0.24129999999999996,Trump
26,31.0,0.32080000000000003,Trump
26,33.0,0.24239999999999995,Trump
26,35.0,0.31810000000000005,Trump
26,37.0,0.1269,Trump
26,39.0,0.3284,Trump
26,41.0,0.2535,Trump
26,43.0,0.35440000000000005,Trump
26,45.0,0.055199999999999916,Trump
26,47.0,0.19179999999999997,Trump
26,49.0,-0.09399999999999997,Clinton
26,51.0,0.34719999999999995,Trump
26,53.0,0.1482,Trump
26,55.0,0.12530000000000002,Trump
26,57.0,0.2563,Trump
26,59.0,0.46760000000000007,Trump
26,61.0,0.1559000000000001,Trump
26,63.0,0.3818,Trump
26,65.0,-0.26949999999999996,Clinton
26,67.0,0.30689999999999995,Trump
26,69.0,0.2997,Trump
26,71.0,0.28270000000000006,Trump
26,73.0,0.0368,Trump
26,75.0,0.2012000000000001,Trump
26,77.0,-0.12789999999999996,Clinton
26,79.0,0.43470000000000003,Trump
26,81.0,0.030700000000000005,Trump
26,83.0,0.20079999999999998,Trump
26,85.0,0.22899999999999998,Trump
26,87.0,0.38339999999999996,Trump
26,89.0,0.03119999999999995,Trump
26,91.0,0.20899999999999996,Trump
26,93.0,0.29390000000000005,Trump
26,95.0,0.41489999999999994,Trump
26,97.0,0.27179999999999993,Trump
26,99.0,0.11529999999999996,Trump
26,101.0,0.15290000000000004,Trump
26,103.0,-0.04199999999999998,Clinton
26,105.0,0.21799999999999992,Trump
26,107.0,0.2595,Trump
26,109.0,0.294,Trump
26,111.0,0.19190000000000002,Trump
26,113.0,0.5232999999999999,Trump
26,115.0,0.21970000000000006,Trump
26,117.0,0.3376,Trump
26,119.0,0.4416999999999999,Trump
26,121.0,-0.014999999999999958,Clinton
26,123.0,0.3965,Trump
26,125.0,-0.08060000000000006,Clinton
26,127.0,0.2733999999999999,Trump
26,129.0,0.3656,Trump
26,131.0,0.26139999999999997,Trump
26,133.0,0.437,Trump
26,135.0,0.4417,Trump
26,137.0,0.3735,Trump
26,139.0,0.30640000000000006,Trump
26,141.0,0.2875,Trump
26,143.0,0.29560000000000003,Trump
26,145.0,0.011299999999999977,Trump
26,147.0,0.31429999999999997,Trump
26,149.0,0.3096,Trump
26,151.0,0.4455000000000001,Trump
26,153.0,0.28419999999999995,Trump
26,155.0,0.19460000000000005,Trump
26,157.0,0.3731,Trump
26,159.0,0.13939999999999997,Trump
26,161.0,-0.40950000000000003,Clinton
26,163.0,-0.36989999999999995,Clinton
26,165.0,0.3620000000000001,Trump
27,1.0,0.2581,Trump
27,3.0,0.09609999999999996,Trump
27,5.0,0.3294,Trump
27,7.0,0.09710000000000002,Trump
27,9.0,0.36050000000000004,Trump
27,11.0,0.24910000000000004,Trump
27,13.0,0.03689999999999993,Trump
27,15.0,0.3589,Trump
27,17.0,-0.016500000000000015,Clinton
27,19.0,0.13550000000000006,Trump
27,21.0,0.3146,Trump
27,23.0,0.28709999999999997,Trump
27,25.0,0.3031,Trump
27,27.0,0.019500000000000017,Trump
27,29.0,0.42990000000000006,Trump
27,31.0,-0.2227,Clinton
27,33.0,0.3498,Trump
27,35.0,0.3154,Trump
27,37.0,-0.04710000000000003,Clinton
27,39.0,0.3214,Trump
27,41.0,0.3553,Trump
27,43.0,0.33810000000000007,Trump
27,45.0,0.21710000000000002,Trump
27,47.0,0.17240000000000005,Trump
27,49.0,0.17870000000000008,Trump
27,51.0,0.27620000000000006,Trump
27,53.0,-0.3493,Clinton
27,55.0,0.13869999999999993,Trump
27,57.0,0.3336,Trump
27,59.0,0.37970000000000004,Trump
27,61.0,0.16350000000000003,Trump
27,63.0,0.386,Trump
27,65.0,0.35500000000000004,Trump
27,67.0,0.25349999999999995,Trump
27,69.0,0.22050000000000003,Trump
27,71.0,0.19850000000000007,Trump
27,73.0,0.25589999999999996,Trump
27,75.0,-0.022299999999999986,Clinton
27,77.0,0.4401999999999999,Trump
27,79.0,0.3046000000000001,Trump
27,81.0,0.3545000000000001,Trump
27,83.0,0.2809,Trump
27,85.0,0.3816,Trump
27,87.0,0.029200000000000004,Trump
27,89.0,0.41169999999999995,Trump
27,91.0,0.41109999999999997,Trump
27,93.0,0.4,Trump
27,95.0,0.35569999999999996,Trump
27,97.0,0.5273,Trump
27,99.0,0.07830000000000009,Trump
27,101.0,0.3597,Trump
27,103.0,0.030399999999999983,Trump
27,105.0,0.2972,Trump
27,107.0,0.13340000000000002,Trump
27,109.0,-0.007500000000000007,Clinton
27,111.0,0.3569000000000001,Trump
27,113.0,0.2762,Trump
27,115.0,0.2615000000000001,Trump
27,117.0,0.4599,Trump
27,119.0,0.2884,Trump
27,121.0,0.26700000000000007,Trump
27,123.0,-0.39119999999999994,Clinton
27,125.0,0.3194999999999999,Trump
27,127.0,0.42699999999999994,Trump
27,129.0,0.36460000000000004,Trump
27,131.0,0.030600000000000016,Trump
27,133.0,0.3551,Trump
27,135.0,0.4606999999999999,Trump
27,137.0,-0.1169,Clinton
27,139.0,0.15249999999999997,Trump
27,141.0,0.3678999999999999,Trump
27,143.0,0.4165999999999999,Trump
27,145.0,0.2769999999999999,Trump
27,147.0,0.2586,Trump
27,149.0,0.12649999999999995,Trump
27,151.0,0.25479999999999997,Trump
27,153.0,0.47540000000000004,Trump
27,155.0,0.2338,Trump
27,157.0,0.2639,Trump
27,159.0,0.4547,Trump
27,161.0,0.3241,Trump
27,163.0,-0.018399999999999916,Clinton
27,165.0,0.19090000000000007,Trump
27,167.0,0.37440000000000007,Trump
27,169.0,0.029000000000000026,Trump
27,171.0,0.3294999999999999,Trump
27,173.0,0.3520999999999999,Trump
28,1.0,-0.13609999999999994,Clinton
28,3.0,0.6179,Trump
28,5.0,0.22580000000000006,Trump
28,7.0,0.20040000000000002,Trump
28,9.0,0.13229999999999997,Trump
28,11.0,-0.32239999999999996,Clinton
28,13.0,0.38780000000000003,Trump
28,15.0,0.38330000000000003,Trump
28,17.0,0.06059999999999999,Trump
28,19.0,0.38630000000000003,Trump
28,21.0,-0.7416,Clinton
28,23.0,0.3276,Trump
28,25.0,-0.15710000000000002,Clinton
28,27.0,-0.4434999999999999,Clinton
28,29.0,-0.04920000000000002,Clinton
28,31.0,0.245,Trump
28,33.0,0.34520000000000006,Trump
28,35.0,0.13340000000000007,Trump
28,37.0,0.2842,Trump
28,39.0,0.7754,Trump
28,41.0,0.6259999999999999,Trump
28,43.0,0.14709999999999995,Trump
28,45.0,0.5935,Trump
28,47.0,0.303,Trump
28,49.0,-0.4451000000000001,Clinton
28,51.0,-0.6662,Clinton
28,53.0,-0.45149999999999996,Clinton
28,55.0,-0.13879999999999992,Clinton
28,57.0,0.7551999999999999,Trump
28,59.0,0.3828,Trump
28,61.0,-0.03889999999999999,Clinton
28,63.0,-0.7376,Clinton
28,65.0,-0.20100000000000007,Clinton
28,67.0,0.4353000000000001,Trump
28,69.0,-0.22609999999999997,Clinton
28,71.0,0.1478,Trump
28,73.0,0.5514999999999999,Trump
28,75.0,0.2194000000000001,Trump
28,77.0,0.2979,Trump
28,79.0,0.14180000000000004,Trump
28,81.0,0.37040000000000006,Trump
28,83.0,-0.41070000000000007,Clinton
28,85.0,0.401,Trump
28,87.0,0.05649999999999994,Trump
28,89.0,0.15800000000000008,Trump
28,91.0,0.3556,Trump
28,93.0,-0.09679999999999994,Clinton
28,95.0,0.2923,Trump
28,97.0,0.14079999999999993,Trump
28,99.0,0.4704,Trump
28,101.0,0.4018,Trump
28,103.0,-0.5645999999999999,Clinton
28,105.0,-0.015600000000000003,Clinton
28,107.0,0.0012000000000000899,Trump
28,109.0,0.6479000000000001,Trump
28,111.0,0.5366000000000001,Trump
28,113.0,-0.0020999999999999353,Clinton
28,115.0,0.6123000000000001,Trump
28,117.0,0.5652999999999999,Trump
28,119.0,-0.38959999999999995,Clinton
28,121.0,0.524,Trump
28,123.0,0.17619999999999997,Trump
28,125.0,-0.3593,Clinton
28,127.0,0.3081,Trump
28,129.0,0.5652,Trump
28,131.0,0.5299,Trump
28,133.0,-0.4095999999999999,Clinton
28,135.0,-0.1491,Clinton
28,137.0,0.3068999999999999,Trump
28,139.0,0.583,Trump
28,141.0,0.7368,Trump
28,143.0,-0.5085999999999999,Clinton
28,145.0,0.6283000000000001,Trump
28,147.0,0.18299999999999994,Trump
28,149.0,0.02479999999999999,Trump
28,151.0,-0.36469999999999997,Clinton
28,153.0,0.2569,Trump
28,155.0,0.5833999999999999,Trump
28,157.0,-0.3648,Clinton
28,159.0,0.11939999999999995,Trump
28,161.0,0.13040000000000002,Trump
28,163.0,-0.07660000000000006,Clinton
29,1.0,0.24720000000000003,Trump
29,3.0,0.5055000000000001,Trump
29,5.0,0.5563,Trump
29,7.0,0.43889999999999996,Trump
29,9.0,0.5969,Trump
29,11.0,0.7018,Trump
29,13.0,0.5464,Trump
29,15.0,0.5412999999999999,Trump
29,17.0,0.7271000000000001,Trump
29,19.0,-0.059099999999999986,Clinton
29,21.0,0.261,Trump
29,23.0,0.615,Trump
29,25.0,0.5556,Trump
29,27.0,0.4215999999999999,Trump
29,29.0,0.5408000000000001,Trump
29,31.0,0.5003,Trump
29,33.0,0.6272,Trump
29,35.0,0.6626,Trump
29,37.0,0.3586999999999999,Trump
29,39.0,0.6386000000000001,Trump
29,41.0,0.52,Trump
29,43.0,0.5403000000000001,Trump
29,45.0,0.5229999999999999,Trump
29,47.0,0.11119999999999997,Trump
29,49.0,0.44000000000000006,Trump
29,51.0,0.36700000000000005,Trump
29,53.0,0.46220000000000006,Trump
29,55.0,0.5947,Trump
29,57.0,0.6447,Trump
29,59.0,0.6215,Trump
29,61.0,0.5451,Trump
29,63.0,0.5912000000000001,Trump
29,65.0,0.6805999999999999,Trump
29,67.0,0.6755,Trump
29,69.0,0.5358,Trump
29,71.0,0.4608,Trump
29,73.0,0.5573000000000001,Trump
29,75.0,0.5596,Trump
29,77.0,0.27410000000000007,Trump
29,79.0,0.6056,Trump
29,81.0,0.6494,Trump
29,83.0,0.47819999999999996,Trump
29,85.0,0.5348999999999999,Trump
29,87.0,0.6729,Trump
29,89.0,0.41090000000000004,Trump
29,91.0,0.6308999999999999,Trump
29,93.0,0.5249,Trump
29,95.0,-0.16649999999999993,Clinton
29,97.0,0.5084,Trump
29,99.0,0.3532,Trump
29,101.0,0.3687000000000001,Trump
29,103.0,0.5535,Trump
29,105.0,0.6434,Trump
29,107.0,0.4381999999999999,Trump
29,109.0,0.6109,Trump
29,111.0,0.5413,Trump
29,113.0,0.5049,Trump
29,115.0,0.5105,Trump
29,117.0,0.5629,Trump
29,119.0,0.6395,Trump
29,121.0,0.5642,Trump
29,123.0,0.5820000000000001,Trump
29,125.0,0.6147,Trump
29,127.0,0.498,Trump
29,129.0,0.7277999999999999,Trump
29,131.0,0.66,Trump
29,133.0,0.41470000000000007,Trump
29,135.0,0.6017999999999999,Trump
29,137.0,0.5551999999999999,Trump
29,139.0,0.5542,Trump
29,141.0,0.5658,Trump
29,143.0,0.45359999999999995,Trump
29,145.0,0.585,Trump
29,147.0,0.4079,Trump
29,149.0,0.6009,Trump
29,151.0,0.6848,Trump
29,153.0,0.6471,Trump
29,155.0,0.3349000000000001,Trump
29,157.0,0.6168999999999999,Trump
29,159.0,0.4694,Trump
29,161.0,0.42910000000000015,Trump
29,163.0,0.46769999999999995,Trump
29,165.0,0.1295,Trump
29,167.0,0.5673000000000001,Trump
29,169.0,0.5170999999999999,Trump
29,171.0,0.6755,Trump
29,173.0,0.5376000000000001,Trump
29,175.0,0.5088000000000001,Trump
29,177.0,0.3698,Trump
29,179.0,0.6141000000000001,Trump
29,181.0,0.6681999999999999,Trump
29,183.0,0.26380000000000003,Trump
29,185.0,0.554,Trump
29,187.0,0.4539000000000001,Trump
29,189.0,-0.1624,Clinton
29,186.0,0.34909999999999997,Trump
29,195.0,0.3450000000000001,Trump
29,197.0,0.5942000000000001,Trump
29,199.0,0.5893999999999999,Trump
29,201.0,0.5560999999999998,Trump
29,203.0,0.5609000000000001,Trump
29,205.0,0.5892000000000001,Trump
29,207.0,0.6928,Trump
29,209.0,0.6206,Trump
29,211.0,0.5467,Trump
29,213.0,0.5929000000000001,Trump
29,215.0,0.6532999999999999,Trump
29,217.0,0.5611,Trump
29,219.0,0.4558,Trump
29,221.0,0.5518000000000001,Trump
29,223.0,0.6436999999999999,Trump
29,225.0,0.5783,Trump
29,227.0,0.5861,Trump
29,229.0,0.6826,Trump
30,1.0,0.4558,Trump
30,3.0,-0.05700000000000005,Clinton
30,5.0,0.0247,Trump
30,7.0,0.5667,Trump
30,9.0,0.3217,Trump
30,11.0,0.7804,Trump
30,13.0,0.2169000000000001,Trump
30,15.0,0.36579999999999996,Trump
30,17.0,0.47850000000000004,Trump
30,19.0,0.5891,Trump
30,21.0,0.5849,Trump
30,23.0,-0.07030000000000003,Clinton
30,25.0,0.7581,Trump
30,27.0,0.5252,Trump
30,29.0,0.3645000000000001,Trump
30,31.0,-0.008400000000000074,Clinton
30,33.0,0.8645,Trump
30,35.0,-0.29660000000000003,Clinton
30,37.0,0.6241999999999999,Trump
30,39.0,0.40560000000000007,Trump
30,41.0,0.17220000000000002,Trump
30,43.0,0.3267999999999999,Trump
30,45.0,0.5304,Trump
30,47.0,0.2101,Trump
30,49.0,0.07060000000000005,Trump
30,51.0,0.5146000000000001,Trump
30,53.0,0.505,Trump
30,55.0,0.6678999999999999,Trump
30,57.0,0.44630000000000003,Trump
30,59.0,0.5498,Trump
30,61.0,0.40490000000000004,Trump
30,63.0,-0.15739999999999998,Clinton
30,65.0,0.6768000000000001,Trump
30,67.0,0.1488,Trump
30,69.0,0.7702,Trump
30,71.0,0.6501,Trump
30,73.0,0.3907,Trump
30,75.0,0.7202999999999999,Trump
30,77.0,0.5290000000000001,Trump
30,79.0,0.6619,Trump
30,81.0,0.38430000000000003,Trump
30,83.0,0.6678999999999999,Trump
30,85.0,0.065,Trump
30,87.0,0.36799999999999994,Trump
30,89.0,0.5190999999999999,Trump
30,91.0,0.41700000000000004,Trump
30,93.0,-0.13640000000000002,Clinton
30,95.0,0.5658,Trump
30,97.0,0.5681,Trump
30,99.0,0.42840000000000006,Trump
30,101.0,0.5393999999999999,Trump
30,103.0,0.6591,Trump
30,105.0,0.4674999999999999,Trump
30,107.0,0.554,Trump
30,109.0,0.7597999999999999,Trump
30,111.0,0.27349999999999997,Trump
31,1.0,0.4502,Trump
31,3.0,0.7253,Trump
31,5.0,0.8345999999999999,Trump
31,7.0,0.8601,Trump
31,9.0,0.7785000000000001,Trump
31,11.0,0.6575,Trump
31,13.0,0.5469999999999999,Trump
31,15.0,0.7454,Trump
31,17.0,0.7777999999999999,Trump
31,19.0,0.473,Trump
31,21.0,0.40680000000000005,Trump
31,23.0,0.6083000000000001,Trump
31,25.0,0.3909,Trump
31,27.0,0.6795,Trump
31,29.0,0.7861,Trump
31,31.0,0.7482,Trump
31,33.0,0.6373,Trump
31,35.0,0.6419000000000001,Trump
31,37.0,0.41340000000000005,Trump
31,39.0,0.5971,Trump
31,41.0,0.7266,Trump
31,43.0,0.2097,Trump
31,45.0,0.4981,Trump
31,47.0,0.4494999999999999,Trump
31,49.0,0.7051999999999999,Trump
31,51.0,0.5411999999999999,Trump
31,53.0,0.3530999999999999,Trump
31,55.0,-0.024800000000000044,Clinton
31,57.0,0.7734,Trump
31,59.0,0.5203999999999999,Trump
31,61.0,0.6616,Trump
31,63.0,0.7217,Trump
31,65.0,0.6959,Trump
31,67.0,0.3476000000000001,Trump
31,69.0,0.6736,Trump
31,71.0,0.7217,Trump
31,73.0,0.6255,Trump
31,75.0,0.8807000000000001,Trump
31,77.0,0.6021,Trump
31,79.0,0.37309999999999993,Trump
31,81.0,0.5894999999999999,Trump
31,83.0,0.6817,Trump
31,85.0,0.8650000000000001,Trump
31,87.0,0.7331,Trump
31,89.0,0.7534,Trump
31,91.0,0.7609,Trump
31,93.0,0.5881999999999998,Trump
31,95.0,0.45309999999999995,Trump
31,97.0,0.3840999999999999,Trump
31,99.0,0.6086,Trump
31,101.0,0.6669,Trump
31,103.0,0.8122999999999999,Trump
31,105.0,0.6642,Trump
31,107.0,0.6057999999999999,Trump
31,109.0,-5.00000000000056e-4,Clinton
31,111.0,0.582,Trump
31,113.0,0.8159000000000001,Trump
31,115.0,0.7197999999999999,Trump
31,117.0,0.8495999999999999,Trump
31,119.0,0.5601,Trump
31,121.0,0.6244000000000001,Trump
31,123.0,0.6951,Trump
31,125.0,0.611,Trump
31,127.0,0.42819999999999997,Trump
31,129.0,0.6278,Trump
31,131.0,0.3873999999999999,Trump
31,133.0,0.5273000000000001,Trump
31,135.0,0.7349,Trump
31,137.0,0.7079,Trump
31,139.0,0.7458,Trump
31,141.0,0.5862,Trump
31,143.0,0.6335999999999999,Trump
31,145.0,0.7056,Trump
31,147.0,0.5171,Trump
31,149.0,0.7769999999999999,Trump
31,151.0,0.2543,Trump
31,153.0,0.21750000000000003,Trump
31,155.0,0.4707,Trump
31,157.0,0.48940000000000006,Trump
31,159.0,0.4618,Trump
31,161.0,0.744,Trump
31,163.0,0.5185000000000001,Trump
31,165.0,0.7339,Trump
31,167.0,0.6391,Trump
31,169.0,0.5783,Trump
31,171.0,0.8114,Trump
31,173.0,0.05030000000000001,Trump
31,175.0,0.6597999999999999,Trump
31,177.0,0.4505,Trump
31,179.0,0.49350000000000005,Trump
31,181.0,0.6011,Trump
31,183.0,0.6847999999999999,Trump
31,185.0,0.5593,Trump
32,1.0,0.5139,Trump
32,3.0,-0.10709999999999997,Clinton
32,5.0,0.32130000000000003,Trump
32,7.0,0.5468999999999999,Trump
32,9.0,0.6241000000000001,Trump
32,11.0,0.7599,Trump
32,13.0,0.48729999999999996,Trump
32,15.0,0.5906,Trump
32,17.0,0.6500999999999999,Trump
32,19.0,0.415,Trump
32,21.0,0.27140000000000003,Trump
32,23.0,0.42000000000000004,Trump
32,27.0,0.4909000000000001,Trump
32,29.0,0.33770000000000006,Trump
32,31.0,-0.012499999999999956,Clinton
32,33.0,0.5343,Trump
33,1.0,0.16540000000000005,Trump
33,3.0,0.05570000000000003,Trump
33,5.0,-0.12379999999999997,Clinton
33,7.0,0.08890000000000003,Trump
33,9.0,-0.18549999999999994,Clinton
33,11.0,0.0020000000000000018,Trump
33,13.0,-0.03019999999999995,Clinton
33,15.0,0.057599999999999985,Trump
33,17.0,-0.08440000000000003,Clinton
33,19.0,0.025900000000000034,Trump
34,1.0,-0.061899999999999955,Clinton
34,3.0,-0.13189999999999996,Clinton
34,5.0,-0.1467,Clinton
34,7.0,-0.32020000000000004,Clinton
34,9.0,0.19680000000000003,Trump
34,11.0,-0.061,Clinton
34,13.0,-0.5677999999999999,Clinton
34,15.0,0.004799999999999971,Trump
34,17.0,-0.5207999999999999,Clinton
34,19.0,0.13680000000000003,Trump
34,21.0,-0.37060000000000004,Clinton
34,23.0,-0.2091,Clinton
34,25.0,0.09299999999999992,Trump
34,27.0,0.04259999999999997,Trump
34,29.0,0.33219999999999994,Trump
34,31.0,-0.22359999999999997,Clinton
34,33.0,0.14989999999999992,Trump
34,35.0,-0.12849999999999995,Clinton
34,37.0,0.2987,Trump
34,39.0,-0.3547,Clinton
34,41.0,0.25400000000000006,Trump
35,1.0,-0.1774,Clinton
35,3.0,0.5061,Trump
35,5.0,0.362,Trump
35,6.0,-0.06769999999999993,Clinton
35,7.0,0.08549999999999996,Trump
35,9.0,0.44239999999999996,Trump
35,11.0,0.4691999999999999,Trump
35,13.0,-0.1779,Clinton
35,15.0,0.41259999999999997,Trump
35,17.0,-0.0771,Clinton
35,19.0,-0.20520000000000005,Clinton
35,21.0,0.2940999999999999,Trump
35,23.0,0.06729999999999997,Trump
35,25.0,0.48360000000000003,Trump
35,27.0,0.4004,Trump
35,28.0,-0.20240000000000002,Clinton
35,29.0,0.03880000000000006,Trump
35,31.0,-0.3903,Clinton
35,33.0,-0.3569,Clinton
35,35.0,0.2873,Trump
35,37.0,0.33459999999999995,Trump
35,39.0,-0.40279999999999994,Clinton
35,41.0,0.40840000000000004,Trump
35,43.0,-0.029199999999999948,Clinton
35,45.0,0.3271,Trump
35,47.0,-0.4625000000000001,Clinton
35,49.0,-0.5105,Clinton
35,51.0,0.2699,Trump
35,53.0,-0.10149999999999998,Clinton
35,55.0,-0.5204,Clinton
35,57.0,0.30499999999999994,Trump
35,59.0,0.5265,Trump
35,61.0,0.08629999999999993,Trump
36,1.0,-0.24029999999999996,Clinton
36,3.0,0.4170999999999999,Trump
36,7.0,0.03639999999999999,Trump
36,9.0,0.3401,Trump
36,11.0,0.131,Trump
36,13.0,0.24329999999999996,Trump
36,15.0,0.1976000000000001,Trump
36,17.0,0.2779,Trump
36,19.0,-0.00919999999999993,Clinton
36,21.0,-0.013299999999999979,Clinton
36,23.0,0.06609999999999999,Trump
36,25.0,0.28900000000000003,Trump
36,27.0,0.010599999999999998,Trump
36,29.0,-0.053300000000000014,Clinton
36,31.0,0.03350000000000003,Trump
36,33.0,0.07229999999999998,Trump
36,35.0,0.3472,Trump
36,37.0,0.36669999999999997,Trump
36,39.0,0.2752,Trump
36,41.0,0.38220000000000004,Trump
36,43.0,0.3418,Trump
36,45.0,0.22130000000000005,Trump
36,49.0,0.3915,Trump
36,51.0,0.2243,Trump
36,53.0,0.15710000000000002,Trump
36,55.0,-0.1396,Clinton
36,57.0,0.26219999999999993,Trump
36,59.0,-0.052700000000000025,Clinton
36,63.0,0.1884,Trump
36,65.0,0.2095999999999999,Trump
36,67.0,-0.1264,Clinton
36,69.0,0.08519999999999994,Trump
36,71.0,0.0641000000000001,Trump
36,73.0,0.4077,Trump
36,75.0,0.22989999999999994,Trump
36,77.0,0.12869999999999998,Trump
36,79.0,0.1769,Trump
36,83.0,0.028400000000000036,Trump
36,87.0,-0.050399999999999945,Clinton
36,89.0,0.10659999999999992,Trump
36,91.0,0.04310000000000003,Trump
36,93.0,-0.05780000000000002,Clinton
36,95.0,0.3429,Trump
36,97.0,0.24020000000000008,Trump
36,99.0,0.12009999999999998,Trump
36,101.0,0.3583,Trump
36,103.0,0.0817,Trump
36,105.0,0.13560000000000005,Trump
36,107.0,0.2729,Trump
36,109.0,-0.41500000000000004,Clinton
36,111.0,-0.09040000000000009,Clinton
36,113.0,0.10449999999999998,Trump
36,115.0,0.19979999999999992,Trump
36,117.0,0.2588,Trump
36,119.0,-0.3244000000000001,Clinton
36,121.0,0.5059,Trump
36,123.0,0.21539999999999998,Trump
36,5.0,-0.7884,Clinton
36,47.0,-0.6144000000000001,Clinton
36,61.0,-0.7649,Clinton
36,81.0,-0.5313,Clinton
36,85.0,0.1668,Trump
37,1.0,0.12730000000000008,Trump
37,3.0,0.5537,Trump
37,5.0,0.47140000000000004,Trump
37,7.0,-0.12830000000000003,Clinton
37,9.0,0.44060000000000005,Trump
37,11.0,0.5587,Trump
37,13.0,0.24150000000000005,Trump
37,15.0,-0.2485,Clinton
37,17.0,0.0941999999999999,Trump
37,19.0,0.2844,Trump
37,21.0,-0.14200000000000002,Clinton
37,23.0,0.3851,Trump
37,25.0,0.1961,Trump
37,27.0,0.501,Trump
37,29.0,0.4537999999999999,Trump
37,31.0,0.4406,Trump
37,33.0,0.11159999999999998,Trump
37,35.0,0.37470000000000003,Trump
37,37.0,-0.09939999999999993,Clinton
37,39.0,0.563,Trump
37,41.0,0.14140000000000003,Trump
37,43.0,0.5107999999999999,Trump
37,45.0,0.30249999999999994,Trump
37,47.0,0.22010000000000007,Trump
37,49.0,0.21469999999999995,Trump
37,51.0,-0.15949999999999998,Clinton
37,53.0,0.49339999999999995,Trump
37,55.0,0.2162,Trump
37,57.0,0.4837,Trump
37,59.0,0.4749,Trump
37,61.0,0.18869999999999992,Trump
37,63.0,-0.595,Clinton
37,65.0,-0.3198999999999999,Clinton
37,67.0,-0.10309999999999997,Clinton
37,69.0,0.11510000000000004,Trump
37,71.0,0.31760000000000005,Trump
37,73.0,0.09069999999999995,Trump
37,75.0,0.6042999999999998,Trump
37,77.0,0.024999999999999967,Trump
37,79.0,0.09499999999999997,Trump
37,81.0,-0.1977000000000001,Clinton
37,83.0,-0.2669,Clinton
37,85.0,0.23620000000000008,Trump
37,87.0,0.2752,Trump
37,89.0,0.27469999999999994,Trump
37,91.0,-0.3742,Clinton
37,93.0,-0.10809999999999992,Clinton
37,95.0,0.14019999999999994,Trump
37,97.0,0.3641999999999999,Trump
37,99.0,0.11650000000000005,Trump
37,101.0,0.3036000000000001,Trump
37,103.0,0.17710000000000004,Trump
37,105.0,0.12919999999999998,Trump
37,107.0,0.04959999999999998,Trump
37,109.0,0.47240000000000004,Trump
37,111.0,0.4982,Trump
37,113.0,0.40879999999999994,Trump
37,115.0,0.25349999999999995,Trump
37,117.0,0.004300000000000026,Trump
37,119.0,-0.29410000000000003,Clinton
37,121.0,0.5788,Trump
37,123.0,0.2583,Trump
37,125.0,0.2908,Trump
37,127.0,0.0017000000000000348,Trump
37,129.0,0.03899999999999998,Trump
37,131.0,-0.26020000000000004,Clinton
37,133.0,0.34319999999999995,Trump
37,135.0,-0.5024,Clinton
37,137.0,0.2635,Trump
37,139.0,-0.025000000000000022,Clinton
37,141.0,0.29719999999999996,Trump
37,143.0,0.277,Trump
37,145.0,0.17100000000000004,Trump
37,147.0,-0.07619999999999999,Clinton
37,149.0,0.27740000000000004,Trump
37,151.0,0.5624,Trump
37,153.0,0.09740000000000004,Trump
37,155.0,0.048300000000000065,Trump
37,157.0,0.2981000000000001,Trump
37,159.0,0.3637,Trump
37,161.0,0.4736,Trump
37,163.0,0.16580000000000006,Trump
37,165.0,-0.07629999999999992,Clinton
37,167.0,0.4971,Trump
37,169.0,0.5521,Trump
37,171.0,0.5025999999999999,Trump
37,173.0,0.22459999999999997,Trump
37,175.0,0.22169999999999995,Trump
37,177.0,0.1467,Trump
37,179.0,0.30620000000000003,Trump
37,181.0,-0.24519999999999992,Clinton
37,183.0,-0.2022,Clinton
37,185.0,-0.32530000000000003,Clinton
37,187.0,-0.1533,Clinton
37,189.0,-0.01469999999999999,Clinton
37,191.0,0.11379999999999996,Trump
37,193.0,0.5468,Trump
37,195.0,-0.05590000000000006,Clinton
37,197.0,0.6083000000000001,Trump
37,199.0,0.3202,Trump
38,1.0,0.569,Trump
38,3.0,0.29250000000000004,Trump
38,5.0,0.04330000000000006,Trump
38,7.0,0.7206999999999999,Trump
38,9.0,0.5032,Trump
38,11.0,0.6822,Trump
38,13.0,0.7377,Trump
38,15.0,0.45119999999999993,Trump
38,17.0,0.10460000000000003,Trump
38,19.0,0.4392000000000001,Trump
38,21.0,0.46240000000000014,Trump
38,23.0,0.5102,Trump
38,25.0,0.6299999999999999,Trump
38,27.0,0.35420000000000007,Trump
38,29.0,0.738,Trump
38,31.0,0.52,Trump
38,33.0,0.7284000000000002,Trump
38,35.0,0.18070000000000003,Trump
38,37.0,0.6683,Trump
38,39.0,0.434,Trump
38,41.0,0.6805999999999999,Trump
38,43.0,0.6772999999999999,Trump
38,45.0,0.4550999999999999,Trump
38,47.0,0.7253999999999999,Trump
38,49.0,0.5532,Trump
38,51.0,0.5982,Trump
38,53.0,0.6361,Trump
38,55.0,0.5228,Trump
38,57.0,0.6703000000000001,Trump
38,59.0,0.5215,Trump
38,61.0,0.3317,Trump
38,63.0,0.2848,Trump
38,65.0,0.6991,Trump
38,67.0,0.4843,Trump
38,69.0,0.4858,Trump
38,71.0,0.32270000000000004,Trump
38,73.0,0.1577,Trump
38,75.0,0.6125,Trump
38,77.0,0.356,Trump
38,79.0,-0.2349,Clinton
38,81.0,0.19729999999999998,Trump
38,83.0,0.7052,Trump
38,85.0,-0.40429999999999994,Clinton
38,87.0,0.7419,Trump
38,89.0,0.6494000000000001,Trump
38,91.0,0.17709999999999998,Trump
38,93.0,0.4155000000000001,Trump
38,95.0,0.36990000000000006,Trump
38,97.0,0.2604000000000001,Trump
38,99.0,0.3942999999999999,Trump
38,101.0,0.4680000000000001,Trump
38,103.0,0.5779000000000001,Trump
38,105.0,0.6507000000000001,Trump
39,1.0,0.5534000000000001,Trump
39,3.0,0.3783999999999999,Trump
39,5.0,0.4736,Trump
39,7.0,0.18830000000000002,Trump
39,9.0,-0.16780000000000006,Clinton
39,11.0,0.6185,Trump
39,13.0,0.3923,Trump
39,15.0,0.5185,Trump
39,17.0,0.28040000000000004,Trump
39,19.0,0.45999999999999996,Trump
39,21.0,0.44029999999999997,Trump
39,23.0,0.19329999999999997,Trump
39,25.0,0.4084,Trump
39,27.0,0.5222,Trump
39,29.0,0.4118000000000001,Trump
39,31.0,0.42839999999999995,Trump
39,33.0,0.46420000000000006,Trump
39,35.0,-0.34629999999999994,Clinton
39,37.0,0.6074999999999999,Trump
39,39.0,0.34390000000000004,Trump
39,41.0,0.15749999999999997,Trump
39,43.0,0.09729999999999994,Trump
39,45.0,0.2659,Trump
39,47.0,0.4667,Trump
39,49.0,-0.2548,Clinton
39,51.0,0.3552999999999999,Trump
39,53.0,0.5524,Trump
39,55.0,0.2506,Trump
39,57.0,0.24120000000000008,Trump
39,59.0,0.4227999999999999,Trump
39,61.0,-0.09489999999999998,Clinton
39,63.0,0.4034999999999999,Trump
39,65.0,0.4685,Trump
39,67.0,0.48019999999999996,Trump
39,69.0,0.39480000000000004,Trump
39,71.0,0.5574000000000001,Trump
39,73.0,0.3618,Trump
39,75.0,0.6232000000000001,Trump
39,77.0,0.36040000000000005,Trump
39,79.0,0.4861,Trump
39,81.0,0.35270000000000007,Trump
39,83.0,0.3777,Trump
39,85.0,0.15410000000000001,Trump
39,87.0,0.435,Trump
39,89.0,0.28559999999999997,Trump
39,91.0,0.5213000000000001,Trump
39,93.0,0.0028000000000000247,Trump
39,95.0,-0.17199999999999993,Clinton
39,97.0,0.3926,Trump
39,99.0,-0.02970000000000006,Clinton
39,101.0,0.34099999999999997,Trump
39,103.0,0.24579999999999996,Trump
39,105.0,0.49740000000000006,Trump
39,107.0,0.6465000000000001,Trump
39,109.0,0.4518000000000001,Trump
39,111.0,0.4651,Trump
39,113.0,0.012299999999999978,Trump
39,115.0,0.4115999999999999,Trump
39,117.0,0.49060000000000004,Trump
39,119.0,0.34659999999999996,Trump
39,121.0,0.5487,Trump
39,123.0,0.19390000000000002,Trump
39,125.0,0.4842,Trump
39,127.0,0.39999999999999997,Trump
39,129.0,0.4220999999999999,Trump
39,131.0,0.3644,Trump
39,133.0,0.10060000000000002,Trump
39,135.0,0.5365,Trump
39,137.0,0.6416,Trump
39,139.0,0.37290000000000006,Trump
39,141.0,0.2715,Trump
39,143.0,0.2274,Trump
39,145.0,0.36530000000000007,Trump
39,147.0,0.30889999999999995,Trump
39,149.0,0.6024,Trump
39,151.0,0.1726999999999999,Trump
39,153.0,-0.08060000000000006,Clinton
39,155.0,0.06350000000000006,Trump
39,157.0,0.3514999999999999,Trump
39,159.0,0.3737,Trump
39,161.0,0.564,Trump
39,163.0,0.45429999999999987,Trump
39,165.0,0.37059999999999993,Trump
39,167.0,0.4116,Trump
39,169.0,0.345,Trump
39,171.0,0.4368000000000001,Trump
39,173.0,0.08400000000000002,Trump
39,175.0,0.46459999999999996,Trump
40,1.0,0.5227999999999999,Trump
40,3.0,0.7604,Trump
40,5.0,0.6555,Trump
40,7.0,0.8099999999999999,Trump
40,9.0,0.7082,Trump
40,11.0,0.5728,Trump
40,13.0,0.5554,Trump
40,15.0,0.4345,Trump
40,17.0,0.5122,Trump
40,19.0,0.5261,Trump
40,21.0,0.27519999999999994,Trump
40,23.0,0.5786,Trump
40,25.0,0.8267,Trump
40,27.0,0.21660000000000007,Trump
40,29.0,0.6199,Trump
40,31.0,0.23709999999999992,Trump
40,33.0,0.6264,Trump
40,35.0,0.524,Trump
40,37.0,0.5458000000000001,Trump
40,39.0,0.5428,Trump
40,41.0,0.5418,Trump
40,43.0,0.7753,Trump
40,45.0,0.797,Trump
40,47.0,0.5348999999999999,Trump
40,49.0,0.6067,Trump
40,51.0,0.6028,Trump
40,53.0,0.6993,Trump
40,55.0,0.6112,Trump
40,57.0,0.5015000000000001,Trump
40,59.0,0.7899,Trump
40,61.0,0.5949,Trump
40,63.0,0.5363,Trump
40,65.0,0.576,Trump
40,67.0,0.6575,Trump
40,69.0,0.5742,Trump
40,71.0,0.5018999999999999,Trump
40,73.0,0.7128,Trump
40,75.0,0.5236,Trump
40,77.0,0.5678000000000001,Trump
40,79.0,0.5872,Trump
40,81.0,0.6006,Trump
40,83.0,0.49449999999999994,Trump
40,85.0,0.5772,Trump
40,87.0,0.6094999999999999,Trump
40,89.0,0.639,Trump
40,91.0,0.4246999999999999,Trump
40,93.0,0.7743,Trump
40,95.0,0.5662,Trump
40,97.0,0.5174,Trump
40,99.0,0.5586,Trump
40,101.0,0.2918,Trump
40,103.0,0.5769,Trump
40,105.0,0.6086999999999999,Trump
40,107.0,0.47090000000000004,Trump
40,109.0,0.10500000000000004,Trump
40,111.0,0.3268,Trump
40,113.0,0.368,Trump
40,115.0,0.47209999999999996,Trump
40,117.0,0.5319,Trump
40,119.0,0.2832,Trump
40,121.0,0.5235000000000001,Trump
40,123.0,0.45810000000000006,Trump
40,125.0,0.4649000000000001,Trump
40,127.0,0.6318999999999999,Trump
40,129.0,0.7937000000000001,Trump
40,131.0,0.5631,Trump
40,133.0,0.44070000000000004,Trump
40,135.0,0.5422,Trump
40,137.0,0.6196999999999999,Trump
40,139.0,0.6511,Trump
40,141.0,0.4756,Trump
40,143.0,0.22829999999999995,Trump
40,145.0,0.5202,Trump
40,147.0,0.485,Trump
40,149.0,0.7051999999999999,Trump
40,151.0,0.6611,Trump
40,153.0,0.7207999999999999,Trump
41,1.0,0.5035999999999999,Trump
41,3.0,-0.323,Clinton
41,5.0,-0.06240000000000001,Clinton
41,7.0,-0.05610000000000004,Clinton
41,9.0,0.1154,Trump
41,11.0,0.23689999999999994,Trump
41,13.0,0.48389999999999994,Trump
41,15.0,0.23280000000000006,Trump
41,17.0,0.0368,Trump
41,19.0,0.3834,Trump
41,21.0,0.424,Trump
41,23.0,0.5702999999999999,Trump
41,25.0,0.5609,Trump
41,27.0,-0.2955,Clinton
41,29.0,0.08660000000000007,Trump
41,31.0,0.2649,Trump
41,33.0,0.3042999999999999,Trump
41,35.0,0.43560000000000004,Trump
41,37.0,0.6064,Trump
41,39.0,-0.18220000000000003,Clinton
41,41.0,-0.09749999999999998,Clinton
41,43.0,0.26380000000000003,Trump
41,45.0,0.47680000000000006,Trump
41,47.0,0.04080000000000006,Trump
41,49.0,0.4107,Trump
41,51.0,-0.5627,Clinton
41,53.0,0.06230000000000008,Trump
41,55.0,0.5212,Trump
41,57.0,0.059199999999999975,Trump
41,59.0,0.34380000000000005,Trump
41,61.0,0.4004,Trump
41,63.0,0.3967,Trump
41,65.0,0.0932,Trump
41,67.0,-0.26010000000000005,Clinton
41,69.0,0.533,Trump
41,71.0,0.08099999999999996,Trump
42,1.0,0.35849999999999993,Trump
42,3.0,-0.1624,Clinton
42,5.0,0.5198,Trump
42,7.0,0.186,Trump
42,9.0,0.6729999999999999,Trump
42,11.0,0.10139999999999999,Trump
42,13.0,0.46380000000000005,Trump
42,15.0,0.45300000000000007,Trump
42,17.0,-0.007799999999999974,Clinton
42,19.0,0.36589999999999995,Trump
42,21.0,0.36789999999999995,Trump
42,23.0,0.484,Trump
42,25.0,0.3385,Trump
42,27.0,-0.02339999999999992,Clinton
42,29.0,-0.09080000000000005,Clinton
42,31.0,0.47009999999999996,Trump
42,33.0,0.4843,Trump
42,35.0,0.3405000000000001,Trump
42,37.0,0.32430000000000003,Trump
42,39.0,0.3709,Trump
42,41.0,0.17830000000000001,Trump
42,43.0,-0.029200000000000004,Clinton
42,45.0,-0.2188,Clinton
42,47.0,0.42469999999999997,Trump
42,49.0,0.015599999999999947,Trump
42,51.0,0.30949999999999994,Trump
42,53.0,0.4363,Trump
42,55.0,0.45820000000000005,Trump
42,57.0,0.7023,Trump
42,59.0,0.40309999999999996,Trump
42,61.0,0.5012,Trump
42,63.0,0.35050000000000003,Trump
42,65.0,0.5947,Trump
42,67.0,0.6118,Trump
42,69.0,-0.034499999999999975,Clinton
42,71.0,0.19390000000000002,Trump
42,73.0,0.27799999999999997,Trump
42,75.0,0.35199999999999987,Trump
42,77.0,-0.04439999999999994,Clinton
42,79.0,0.19400000000000006,Trump
42,81.0,0.4422,Trump
42,83.0,0.4677,Trump
42,85.0,0.24270000000000008,Trump
42,87.0,0.5457000000000001,Trump
42,89.0,-0.00770000000000004,Clinton
42,91.0,-0.20919999999999994,Clinton
42,93.0,0.28409999999999996,Trump
42,95.0,0.0378,Trump
42,97.0,0.43239999999999995,Trump
42,99.0,0.5139999999999999,Trump
42,101.0,-0.6674,Clinton
42,103.0,0.26049999999999995,Trump
42,105.0,0.6358,Trump
42,107.0,0.42960000000000004,Trump
42,109.0,0.46840000000000004,Trump
42,111.0,0.5545,Trump
42,113.0,0.4912999999999999,Trump
42,115.0,0.4079,Trump
42,117.0,0.5255,Trump
42,119.0,0.25100000000000006,Trump
42,121.0,0.41280000000000006,Trump
42,123.0,0.39770000000000005,Trump
42,125.0,0.2508999999999999,Trump
42,127.0,0.39659999999999995,Trump
42,129.0,0.31070000000000003,Trump
42,131.0,0.3792000000000001,Trump
42,133.0,0.29000000000000004,Trump
44,1.0,-0.22110000000000002,Clinton
44,3.0,0.006900000000000017,Trump
44,5.0,-0.189,Clinton
44,7.0,-0.2092,Clinton
44,9.0,-0.09789999999999999,Clinton
45,1.0,0.2805,Trump
45,3.0,0.27480000000000004,Trump
45,5.0,-0.5417,Clinton
45,7.0,0.4366000000000001,Trump
45,9.0,-0.27259999999999995,Clinton
45,11.0,0.05149999999999999,Trump
45,13.0,0.13729999999999998,Trump
45,15.0,0.17459999999999998,Trump
45,17.0,0.028400000000000036,Trump
45,19.0,-0.07859999999999995,Clinton
45,21.0,0.41700000000000004,Trump
45,23.0,0.04830000000000001,Trump
45,25.0,0.14800000000000002,Trump
45,27.0,-0.02240000000000003,Clinton
45,29.0,0.08490000000000003,Trump
45,31.0,0.03710000000000002,Trump
45,33.0,-0.01679999999999998,Clinton
45,35.0,0.17470000000000002,Trump
45,37.0,0.20190000000000002,Trump
45,39.0,-0.25900000000000006,Clinton
45,41.0,0.049399999999999944,Trump
45,43.0,0.12890000000000001,Trump
45,45.0,0.2479,Trump
45,47.0,0.2173,Trump
45,49.0,-0.19099999999999995,Clinton
45,51.0,0.3752,Trump
45,53.0,-0.06729999999999997,Clinton
45,55.0,0.24869999999999998,Trump
45,57.0,0.25439999999999996,Trump
45,59.0,0.2984,Trump
45,61.0,-0.2937,Clinton
45,63.0,0.3669,Trump
45,65.0,0.033100000000000074,Trump
45,67.0,-0.21890000000000004,Clinton
45,69.0,-0.16240000000000004,Clinton
45,71.0,0.22609999999999997,Trump
45,73.0,0.481,Trump
45,75.0,-0.3698,Clinton
45,77.0,0.5277,Trump
45,79.0,-0.3291,Clinton
45,81.0,0.31679999999999997,Trump
45,83.0,0.2996,Trump
45,85.0,-0.12029999999999996,Clinton
45,87.0,0.19279999999999997,Trump
45,89.0,-0.3381,Clinton
45,91.0,0.22000000000000003,Trump
46,3.0,0.4507,Trump
46,5.0,0.37560000000000004,Trump
46,7.0,0.22100000000000003,Trump
46,9.0,0.47109999999999996,Trump
46,11.0,0.14740000000000003,Trump
46,13.0,0.2582,Trump
46,15.0,0.4344,Trump
46,17.0,-0.2551,Clinton
46,19.0,0.6125,Trump
46,21.0,0.7207999999999999,Trump
46,23.0,0.4215,Trump
46,25.0,0.44719999999999993,Trump
46,27.0,-0.0984000000000001,Clinton
46,29.0,0.3934000000000001,Trump
46,31.0,0.04509999999999992,Trump
46,33.0,0.4601,Trump
46,35.0,0.35229999999999995,Trump
46,37.0,0.2376999999999999,Trump
46,39.0,0.3827000000000001,Trump
46,41.0,-0.09600000000000009,Clinton
46,43.0,0.7003,Trump
46,45.0,0.5489999999999999,Trump
46,47.0,0.4743,Trump
46,49.0,0.5849,Trump
46,51.0,0.3961,Trump
46,53.0,0.5782,Trump
46,55.0,0.8228,Trump
46,57.0,0.5417000000000001,Trump
46,59.0,0.5814,Trump
46,61.0,0.5348999999999999,Trump
46,63.0,0.8531,Trump
46,65.0,0.33349999999999996,Trump
46,67.0,0.5424,Trump
46,69.0,0.6058,Trump
46,71.0,0.3644,Trump
46,73.0,0.3971,Trump
46,75.0,0.6828000000000001,Trump
46,77.0,0.38299999999999995,Trump
46,79.0,0.25399999999999995,Trump
46,81.0,0.34240000000000004,Trump
46,83.0,0.29419999999999996,Trump
46,85.0,0.4278,Trump
46,87.0,0.4526999999999999,Trump
46,89.0,0.6155999999999999,Trump
46,91.0,0.15510000000000002,Trump
46,93.0,0.5351,Trump
46,95.0,0.24009999999999998,Trump
46,97.0,0.3994,Trump
46,99.0,0.1461,Trump
46,101.0,0.23449999999999993,Trump
46,113.0,-0.7813999999999999,Clinton
46,103.0,0.32949999999999996,Trump
46,105.0,0.7129,Trump
46,107.0,0.6396999999999999,Trump
46,109.0,0.1552,Trump
46,111.0,0.5147,Trump
46,115.0,0.31689999999999996,Trump
46,117.0,0.5226000000000001,Trump
46,119.0,0.6295,Trump
46,121.0,-0.4789999999999999,Clinton
46,123.0,0.6110000000000001,Trump
46,125.0,0.47609999999999997,Trump
46,127.0,0.38770000000000004,Trump
46,129.0,0.5809000000000001,Trump
46,135.0,0.24469999999999997,Trump
46,137.0,0.020899999999999974,Trump
47,1.0,0.3428999999999999,Trump
47,3.0,0.5275000000000001,Trump
47,5.0,0.5126000000000001,Trump
47,7.0,0.5860000000000001,Trump
47,9.0,0.4879,Trump
47,11.0,0.591,Trump
47,13.0,0.6087,Trump
47,15.0,0.5434999999999999,Trump
47,17.0,0.5234,Trump
47,19.0,0.6404,Trump
47,21.0,0.4688,Trump
47,23.0,0.5932999999999999,Trump
47,25.0,0.6313,Trump
47,27.0,0.4909,Trump
47,29.0,0.6451,Trump
47,31.0,0.4860000000000001,Trump
47,33.0,0.49670000000000003,Trump
47,35.0,0.5783,Trump
47,37.0,-0.26039999999999996,Clinton
47,39.0,0.5876000000000001,Trump
47,41.0,0.5185,Trump
47,43.0,0.45629999999999993,Trump
47,45.0,0.5538000000000001,Trump
47,47.0,0.37189999999999995,Trump
47,49.0,0.6746000000000001,Trump
47,51.0,0.43720000000000003,Trump
47,53.0,0.43749999999999994,Trump
47,55.0,0.45410000000000006,Trump
47,57.0,0.6843,Trump
47,59.0,0.6099,Trump
47,61.0,0.5533000000000001,Trump
47,63.0,0.5716999999999999,Trump
47,65.0,0.1658,Trump
47,67.0,0.6819000000000001,Trump
47,69.0,0.07990000000000003,Trump
47,71.0,0.6423,Trump
47,73.0,0.6335,Trump
47,75.0,-0.10170000000000007,Clinton
47,77.0,0.6215,Trump
47,79.0,0.4984,Trump
47,81.0,0.49759999999999993,Trump
47,83.0,0.4155,Trump
47,85.0,0.4148,Trump
47,87.0,0.47219999999999995,Trump
47,89.0,0.5933999999999999,Trump
47,91.0,0.673,Trump
47,93.0,0.23909999999999998,Trump
47,95.0,0.3959,Trump
47,97.0,0.22630000000000006,Trump
47,99.0,0.6129,Trump
47,101.0,0.5845,Trump
47,103.0,0.5896000000000001,Trump
47,105.0,0.5437000000000001,Trump
47,107.0,0.5972999999999999,Trump
47,109.0,0.5971,Trump
47,111.0,0.6928,Trump
47,113.0,0.15579999999999994,Trump
47,115.0,0.4478000000000001,Trump
47,117.0,0.4664999999999999,Trump
47,119.0,0.39220000000000005,Trump
47,121.0,0.5755,Trump
47,123.0,0.5969,Trump
47,125.0,0.18570000000000003,Trump
47,127.0,0.6251,Trump
47,129.0,0.6569,Trump
47,131.0,0.5809000000000001,Trump
47,133.0,0.5018,Trump
47,135.0,0.54990000000000006,Trump
47,137.0,0.5685,Trump
47,139.0,0.5897000000000001,Trump
47,141.0,0.45009999999999994,Trump
47,143.0,0.6128,Trump
47,145.0,0.5112,Trump
47,147.0,0.47179999999999994,Trump
47,149.0,0.261,Trump
47,151.0,0.7173999999999999,Trump
47,153.0,0.5969,Trump
47,155.0,0.6167,Trump
47,157.0,-0.27549999999999997,Clinton
47,159.0,0.5124,Trump
47,161.0,0.5001000000000001,Trump
47,163.0,0.5544,Trump
47,165.0,0.44949999999999996,Trump
47,167.0,0.47550000000000003,Trump
47,169.0,0.3678999999999999,Trump
47,171.0,0.6149,Trump
47,173.0,0.647,Trump
47,175.0,0.53,Trump
47,177.0,0.4423000000000001,Trump
47,179.0,0.4285,Trump
47,181.0,0.739,Trump
47,183.0,0.5138,Trump
47,185.0,0.5947999999999999,Trump
47,187.0,0.35499999999999987,Trump
47,189.0,0.44320000000000004,Trump
48,1.0,0.5807,Trump
48,3.0,0.6252,Trump
48,5.0,0.4726,Trump
48,7.0,0.5027999999999999,Trump
48,9.0,0.7928999999999999,Trump
48,11.0,0.8373,Trump
48,13.0,0.2907,Trump
48,15.0,0.5962000000000001,Trump
48,17.0,0.5287999999999999,Trump
48,19.0,0.6299000000000001,Trump
48,21.0,0.20269999999999994,Trump
48,23.0,0.7178,Trump
48,25.0,0.1533,Trump
48,27.0,0.1499000000000001,Trump
48,29.0,-0.13490000000000002,Clinton
48,31.0,0.5221,Trump
48,33.0,0.8192,Trump
48,35.0,0.6453,Trump
48,37.0,0.4648,Trump
48,39.0,0.24459999999999998,Trump
48,41.0,0.23309999999999992,Trump
48,43.0,0.04810000000000003,Trump
48,45.0,0.7256,Trump
48,47.0,-0.51,Clinton
48,49.0,0.7412000000000001,Trump
48,51.0,0.5495999999999999,Trump
48,53.0,0.5646000000000001,Trump
48,55.0,0.15750000000000003,Trump
48,57.0,0.36180000000000007,Trump
48,59.0,0.77,Trump
48,61.0,-0.3255,Clinton
48,63.0,0.4274000000000001,Trump
48,65.0,0.7996999999999999,Trump
48,67.0,0.5948,Trump
48,69.0,0.4444000000000001,Trump
48,71.0,0.6186,Trump
48,73.0,0.5633999999999999,Trump
48,75.0,0.7433000000000001,Trump
48,77.0,0.766,Trump
48,79.0,0.5427000000000001,Trump
48,81.0,0.7906,Trump
48,83.0,0.766,Trump
48,85.0,0.16979999999999995,Trump
48,87.0,0.7249000000000001,Trump
48,89.0,0.5113,Trump
48,91.0,0.49760000000000004,Trump
48,93.0,0.6738,Trump
48,95.0,0.6900999999999999,Trump
48,97.0,0.6794,Trump
48,99.0,0.3926,Trump
48,101.0,0.6895,Trump
48,103.0,0.5412,Trump
48,105.0,0.4358,Trump
48,107.0,0.4126000000000001,Trump
48,109.0,-0.2272,Clinton
48,111.0,0.6723,Trump
48,113.0,-0.2624000000000001,Clinton
48,115.0,0.5055999999999999,Trump
48,117.0,0.40969999999999995,Trump
48,119.0,0.6295,Trump
48,121.0,0.20079999999999998,Trump
48,123.0,0.6375,Trump
48,125.0,0.6898,Trump
48,127.0,-0.37179999999999996,Clinton
48,129.0,0.7069,Trump
48,131.0,-0.35270000000000007,Clinton
48,133.0,0.7516999999999999,Trump
48,135.0,0.4046,Trump
48,137.0,0.4115,Trump
48,141.0,-0.4320999999999999,Clinton
48,139.0,0.45089999999999997,Trump
48,143.0,0.6515000000000001,Trump
48,145.0,0.335,Trump
48,147.0,0.6167,Trump
48,149.0,0.5894,Trump
48,151.0,0.49849999999999994,Trump
48,153.0,0.5301000000000001,Trump
48,155.0,0.5284000000000001,Trump
48,157.0,-0.0658999999999999,Clinton
48,159.0,0.6667,Trump
48,161.0,0.5959999999999999,Trump
48,163.0,-0.063,Clinton
48,165.0,0.7164999999999999,Trump
48,167.0,0.2253,Trump
48,169.0,0.6768000000000001,Trump
48,171.0,0.6183000000000001,Trump
48,173.0,0.8593,Trump
48,175.0,0.44300000000000006,Trump
48,177.0,0.47720000000000007,Trump
48,179.0,0.7836,Trump
48,181.0,0.53,Trump
48,183.0,0.4102,Trump
48,185.0,0.5109999999999999,Trump
48,187.0,0.3162,Trump
48,189.0,0.48240000000000005,Trump
48,191.0,0.6676,Trump
48,193.0,0.7126000000000001,Trump
48,195.0,0.8007,Trump
48,197.0,0.6332000000000001,Trump
48,199.0,0.7388,Trump
48,201.0,-0.12379999999999997,Clinton
48,203.0,0.4374,Trump
48,205.0,0.7978,Trump
48,207.0,0.6153,Trump
48,209.0,0.008500000000000008,Trump
48,211.0,0.7568,Trump
48,213.0,0.6003999999999999,Trump
48,215.0,-0.4054,Clinton
48,217.0,0.5838,Trump
48,219.0,0.6223,Trump
48,221.0,0.6623,Trump
48,223.0,0.6056999999999999,Trump
48,225.0,0.5091,Trump
48,227.0,0.5583,Trump
48,229.0,0.20549999999999996,Trump
48,231.0,0.5609999999999999,Trump
48,233.0,0.7601000000000001,Trump
48,235.0,0.7441,Trump
48,237.0,0.7938,Trump
48,239.0,0.635,Trump
48,241.0,0.5977999999999999,Trump
48,243.0,0.2288,Trump
48,245.0,0.0048000000000000265,Trump
48,247.0,-0.5687,Clinton
48,249.0,-0.1033,Clinton
48,251.0,0.58,Trump
48,253.0,0.6519,Trump
48,255.0,0.43299999999999994,Trump
48,257.0,0.4678000000000001,Trump
48,259.0,0.5994999999999999,Trump
48,261.0,-0.08070000000000005,Clinton
48,263.0,0.6936,Trump
48,265.0,0.56,Trump
48,267.0,0.7638999999999999,Trump
48,269.0,0.9057,Trump
48,271.0,0.3364,Trump
48,273.0,-0.03670000000000001,Clinton
48,275.0,0.6079,Trump
48,277.0,0.59,Trump
48,279.0,0.5812999999999999,Trump
48,281.0,0.5983,Trump
48,283.0,-0.12419999999999992,Clinton
48,285.0,0.713,Trump
48,287.0,0.5549,Trump
48,289.0,0.737,Trump
48,291.0,0.5798000000000001,Trump
48,293.0,0.5227999999999999,Trump
48,295.0,0.7705,Trump
48,297.0,0.6326,Trump
48,299.0,0.6193000000000002,Trump
48,301.0,0.8281000000000001,Trump
48,303.0,0.3806,Trump
48,305.0,0.5720999999999999,Trump
48,307.0,0.6684000000000001,Trump
48,309.0,0.2682999999999999,Trump
48,311.0,0.8296000000000001,Trump
48,313.0,0.5761999999999999,Trump
48,315.0,0.4302,Trump
48,317.0,0.6745,Trump
48,319.0,0.6337000000000002,Trump
48,321.0,0.4054,Trump
48,323.0,-0.558,Clinton
48,325.0,0.432,Trump
48,327.0,0.6125,Trump
48,329.0,0.5483,Trump
48,331.0,0.4981,Trump
48,333.0,0.7614000000000001,Trump
48,335.0,0.6507,Trump
48,337.0,0.7718,Trump
48,339.0,0.511,Trump
48,341.0,0.5452,Trump
48,343.0,0.40609999999999996,Trump
48,345.0,0.8564999999999999,Trump
48,347.0,0.3513,Trump
48,349.0,0.48750000000000004,Trump
48,351.0,0.4938,Trump
48,353.0,0.5274999999999999,Trump
48,355.0,0.01539999999999997,Trump
48,357.0,0.7846999999999998,Trump
48,359.0,0.8142999999999999,Trump
48,361.0,0.6175999999999999,Trump
48,363.0,0.6397999999999999,Trump
48,365.0,0.6345999999999999,Trump
48,367.0,0.6714,Trump
48,369.0,0.3763000000000001,Trump
48,371.0,0.21839999999999998,Trump
48,373.0,0.5645,Trump
48,375.0,0.41850000000000004,Trump
48,377.0,-0.365,Clinton
48,379.0,0.7127000000000001,Trump
48,381.0,0.6466999999999999,Trump
48,383.0,0.5996000000000001,Trump
48,385.0,0.6661999999999999,Trump
48,387.0,0.5382,Trump
48,389.0,-0.07600000000000001,Clinton
48,391.0,0.2701,Trump
48,393.0,0.9097,Trump
48,395.0,0.3505,Trump
48,397.0,0.4706999999999999,Trump
48,399.0,0.7407,Trump
48,401.0,0.5654000000000001,Trump
48,403.0,0.7272,Trump
48,405.0,0.4806000000000001,Trump
48,407.0,0.5827,Trump
48,409.0,0.24000000000000005,Trump
48,411.0,0.7348,Trump
48,413.0,0.5771000000000001,Trump
48,415.0,0.6951999999999999,Trump
48,417.0,0.8477,Trump
48,419.0,0.5964,Trump
48,421.0,0.7604,Trump
48,423.0,0.43529999999999996,Trump
48,425.0,0.6843000000000001,Trump
48,427.0,-0.6012000000000001,Clinton
48,429.0,0.7759999999999999,Trump
48,431.0,0.7567,Trump
48,433.0,0.5991000000000001,Trump
48,435.0,0.5385,Trump
48,437.0,0.55,Trump
48,439.0,0.08639999999999998,Trump
48,441.0,0.5066999999999999,Trump
48,443.0,0.33640000000000003,Trump
48,445.0,0.5096,Trump
48,447.0,0.7808999999999999,Trump
48,449.0,0.4197000000000001,Trump
48,451.0,0.4768,Trump
48,453.0,-0.3885,Clinton
48,455.0,0.5988,Trump
48,457.0,0.671,Trump
48,459.0,0.6763,Trump
48,461.0,0.5216000000000001,Trump
48,463.0,0.10780000000000001,Trump
48,465.0,-0.07890000000000008,Clinton
48,467.0,0.7192000000000001,Trump
48,469.0,0.3998,Trump
48,471.0,0.34339999999999987,Trump
48,473.0,0.2849999999999999,Trump
48,475.0,0.5131000000000001,Trump
48,477.0,0.5102,Trump
48,479.0,-0.5160999999999999,Clinton
48,481.0,0.40130000000000005,Trump
48,483.0,0.8209,Trump
48,485.0,0.4952000000000001,Trump
48,487.0,0.5751000000000001,Trump
48,489.0,-0.369,Clinton
48,491.0,0.09760000000000008,Trump
48,493.0,0.4769,Trump
48,495.0,0.524,Trump
48,497.0,0.6964,Trump
48,499.0,0.6987,Trump
48,501.0,0.5952999999999999,Trump
48,503.0,0.7432000000000001,Trump
48,505.0,-0.32799999999999996,Clinton
48,507.0,-0.5726,Clinton
49,1.0,0.6334,Trump
49,3.0,0.5102,Trump
49,5.0,0.2722,Trump
49,7.0,0.4475,Trump
49,9.0,0.5398,Trump
49,11.0,0.2417,Trump
49,13.0,0.722,Trump
49,15.0,0.7101000000000001,Trump
49,17.0,0.5325,Trump
49,19.0,0.0032999999999999696,Trump
49,21.0,0.5106999999999999,Trump
49,23.0,0.565,Trump
49,25.0,0.43340000000000006,Trump
49,27.0,0.6552,Trump
49,29.0,0.5029,Trump
49,31.0,0.8200999999999999,Trump
49,33.0,0.6249,Trump
49,35.0,-0.08929999999999999,Clinton
49,37.0,0.11070000000000002,Trump
49,39.0,0.5481999999999999,Trump
49,41.0,0.6984999999999999,Trump
49,43.0,-0.15189999999999998,Clinton
49,45.0,0.30039999999999994,Trump
49,47.0,0.6852999999999999,Trump
49,49.0,0.362,Trump
49,51.0,0.24880000000000002,Trump
49,53.0,0.5195,Trump
49,55.0,0.48619999999999997,Trump
49,57.0,0.2011,Trump
50,1.0,-0.31120000000000003,Clinton
50,3.0,-0.20790000000000003,Clinton
50,5.0,-0.06469999999999998,Clinton
50,7.0,-0.43409999999999993,Clinton
50,9.0,0.16649999999999998,Trump
50,11.0,-0.02789999999999998,Clinton
50,13.0,-0.14770000000000005,Clinton
50,15.0,-0.2877,Clinton
50,17.0,-0.17299999999999993,Clinton
50,19.0,-0.0021000000000000463,Clinton
50,21.0,-0.03899999999999998,Clinton
50,23.0,-0.3410000000000001,Clinton
50,25.0,-0.39259999999999995,Clinton
50,27.0,-0.29910000000000003,Clinton
51,1.0,0.11649999999999999,Trump
51,3.0,-0.24829999999999997,Clinton
51,5.0,0.3697000000000001,Trump
51,7.0,0.36649999999999994,Trump
51,9.0,0.30279999999999996,Trump
51,11.0,0.4615999999999999,Trump
51,13.0,-0.5919,Clinton
51,15.0,0.4949,Trump
51,17.0,0.41949999999999993,Trump
51,19.0,0.49129999999999996,Trump
51,21.0,0.6754,Trump
51,23.0,0.474,Trump
51,25.0,-0.18710000000000004,Clinton
51,27.0,0.6029,Trump
51,29.0,0.11279999999999996,Trump
51,31.0,0.46799999999999997,Trump
51,33.0,0.05019999999999991,Trump
51,35.0,0.5935,Trump
51,36.0,-0.24830000000000002,Clinton
51,37.0,0.22799999999999998,Trump
51,41.0,0.022499999999999964,Trump
51,43.0,0.196,Trump
51,45.0,0.5730000000000001,Trump
51,47.0,0.2516,Trump
51,49.0,0.1347,Trump
51,51.0,0.5585,Trump
51,53.0,0.12390000000000001,Trump
51,57.0,0.021399999999999975,Trump
51,59.0,-0.3582000000000001,Clinton
51,61.0,0.24439999999999995,Trump
51,63.0,0.37179999999999996,Trump
51,65.0,0.09300000000000003,Trump
51,67.0,0.4193999999999999,Trump
51,69.0,0.3499,Trump
51,71.0,0.4822,Trump
51,73.0,0.3921,Trump
51,75.0,0.24899999999999994,Trump
51,77.0,0.5745,Trump
51,79.0,0.3144,Trump
51,81.0,-0.18820000000000003,Clinton
51,83.0,0.16520000000000007,Trump
51,85.0,0.32280000000000003,Trump
51,87.0,-0.20840000000000003,Clinton
51,89.0,0.291,Trump
51,91.0,0.4220000000000001,Trump
51,93.0,0.20509999999999995,Trump
51,95.0,0.0509,Trump
51,99.0,0.27669999999999995,Trump
51,97.0,0.17099999999999999,Trump
51,101.0,0.3515,Trump
51,103.0,0.09839999999999999,Trump
51,105.0,0.6294,Trump
51,107.0,-0.16849999999999998,Clinton
51,109.0,0.24509999999999998,Trump
51,111.0,0.1749,Trump
51,113.0,0.3175,Trump
51,115.0,0.3679,Trump
51,117.0,0.1341,Trump
51,119.0,0.2596,Trump
51,121.0,-0.0131,Clinton
51,125.0,0.05589999999999995,Trump
51,127.0,0.3737,Trump
51,131.0,-0.09220000000000006,Clinton
51,133.0,0.196,Trump
51,135.0,0.13089999999999996,Trump
51,137.0,0.2643,Trump
51,139.0,0.495,Trump
51,141.0,0.5496999999999999,Trump
51,143.0,0.39099999999999996,Trump
51,145.0,0.4634,Trump
51,147.0,-0.05359999999999998,Clinton
51,149.0,0.16920000000000002,Trump
51,153.0,-0.2109000000000001,Clinton
51,155.0,0.40549999999999997,Trump
51,157.0,0.17670000000000002,Trump
51,159.0,0.23660000000000003,Trump
51,161.0,0.27590000000000003,Trump
51,163.0,0.2938,Trump
51,165.0,0.4435,Trump
51,167.0,0.5871999999999999,Trump
51,169.0,0.66,Trump
51,171.0,0.43010000000000004,Trump
51,173.0,0.5497,Trump
51,175.0,0.1623,Trump
51,177.0,0.16649999999999998,Trump
51,179.0,0.09039999999999992,Trump
51,181.0,-0.10719999999999996,Clinton
51,183.0,-0.16339999999999993,Clinton
51,185.0,0.6611,Trump
51,187.0,0.3677999999999999,Trump
51,191.0,0.5327000000000001,Trump
51,193.0,0.07140000000000002,Trump
51,195.0,0.619,Trump
51,197.0,0.5459999999999999,Trump
51,199.0,0.17110000000000003,Trump
53,1.0,0.376,Trump
53,3.0,0.26139999999999997,Trump
53,5.0,0.2533999999999999,Trump
53,7.0,0.15000000000000008,Trump
53,9.0,0.027800000000000047,Trump
53,11.0,-0.0015999999999999903,Clinton
53,13.0,0.4364,Trump
53,15.0,0.1347,Trump
53,17.0,0.3084,Trump
53,19.0,0.3053,Trump
53,21.0,0.1840000000000001,Trump
53,23.0,0.4513,Trump
53,25.0,0.3707999999999999,Trump
53,27.0,0.07019999999999998,Trump
53,29.0,-0.05689999999999995,Clinton
53,31.0,-0.3179,Clinton
53,33.0,-0.48999999999999994,Clinton
53,35.0,-0.11160000000000009,Clinton
53,37.0,0.14210000000000006,Trump
53,39.0,0.15020000000000006,Trump
53,41.0,0.35729999999999995,Trump
53,43.0,0.4928,Trump
53,45.0,0.05820000000000003,Trump
53,47.0,0.19150000000000006,Trump
53,49.0,0.06819999999999998,Trump
53,51.0,0.3483,Trump
53,53.0,-0.07149999999999995,Clinton
53,55.0,-0.40260000000000007,Clinton
53,57.0,-0.03400000000000003,Clinton
53,59.0,0.12190000000000006,Trump
53,61.0,-0.16160000000000008,Clinton
53,63.0,0.08350000000000002,Trump
53,65.0,0.4070999999999999,Trump
53,67.0,-0.1513,Clinton
53,69.0,0.21100000000000002,Trump
53,71.0,0.15710000000000002,Trump
53,73.0,-0.17429999999999995,Clinton
53,75.0,-0.03229999999999994,Clinton
53,77.0,0.1321,Trump
54,1.0,0.5404,Trump
54,3.0,0.36719999999999997,Trump
54,5.0,0.5371,Trump
54,7.0,0.4344999999999999,Trump
54,9.0,0.41840000000000005,Trump
54,11.0,0.2513,Trump
54,13.0,0.5985,Trump
54,15.0,0.5780000000000001,Trump
54,17.0,0.6974,Trump
54,19.0,0.3918999999999999,Trump
54,21.0,0.5239,Trump
54,23.0,0.7722,Trump
54,25.0,0.407,Trump
54,27.0,0.5891,Trump
54,29.0,0.44110000000000005,Trump
54,31.0,0.5444,Trump
54,33.0,0.38999999999999996,Trump
54,35.0,0.5166999999999999,Trump
54,37.0,0.15040000000000003,Trump
54,39.0,0.20270000000000005,Trump
54,41.0,0.5662,Trump
54,43.0,0.5414000000000001,Trump
54,45.0,0.6279,Trump
54,47.0,0.5109,Trump
54,49.0,0.32970000000000005,Trump
54,51.0,0.5047,Trump
54,53.0,0.5428000000000001,Trump
54,55.0,0.5475,Trump
54,57.0,0.6023999999999999,Trump
54,59.0,0.6878,Trump
54,61.0,0.10159999999999997,Trump
54,63.0,0.5694,Trump
54,65.0,0.5376000000000001,Trump
54,67.0,0.5646,Trump
54,69.0,0.30999999999999994,Trump
54,71.0,0.5129,Trump
54,73.0,0.5464,Trump
54,75.0,0.4267,Trump
54,77.0,0.5538000000000001,Trump
54,79.0,0.4722,Trump
54,81.0,0.5221,Trump
54,83.0,0.44620000000000004,Trump
54,85.0,0.7087,Trump
54,87.0,0.48150000000000004,Trump
54,89.0,0.4629,Trump
54,91.0,0.4918000000000001,Trump
54,93.0,0.5181,Trump
54,95.0,0.6742000000000001,Trump
54,97.0,0.5635000000000001,Trump
54,99.0,0.5078999999999999,Trump
54,101.0,0.579,Trump
54,103.0,0.5005999999999999,Trump
54,105.0,0.6296,Trump
54,107.0,0.47240000000000004,Trump
54,109.0,0.696,Trump
55,1.0,0.21689999999999998,Trump
55,3.0,-0.08860000000000001,Clinton
55,5.0,0.2525,Trump
55,7.0,-0.08679999999999999,Clinton
55,9.0,0.10730000000000006,Trump
55,11.0,0.21730000000000005,Trump
55,13.0,0.28200000000000003,Trump
55,15.0,0.21389999999999998,Trump
55,17.0,0.19149999999999995,Trump
55,19.0,0.3255,Trump
55,21.0,0.02139999999999992,Trump
55,23.0,0.05409999999999998,Trump
55,25.0,-0.47309999999999997,Clinton
55,27.0,0.2921,Trump
55,29.0,0.031700000000000006,Trump
55,31.0,-0.07499999999999996,Clinton
55,33.0,0.11149999999999999,Trump
55,35.0,-0.07240000000000002,Clinton
55,37.0,0.4633000000000001,Trump
55,39.0,0.26349999999999996,Trump
55,41.0,0.2653,Trump
55,43.0,0.09479999999999994,Trump
55,45.0,-0.02250000000000002,Clinton
55,47.0,0.37299999999999994,Trump
55,49.0,-0.15200000000000008,Clinton
55,51.0,0.23389999999999994,Trump
55,53.0,0.11780000000000002,Trump
55,55.0,0.15980000000000005,Trump
55,57.0,0.26259999999999994,Trump
55,59.0,0.0032999999999999696,Trump
55,61.0,0.2782,Trump
55,63.0,-0.09459999999999996,Clinton
55,65.0,0.09050000000000002,Trump
55,67.0,0.3136,Trump
55,69.0,0.2059999999999999,Trump
55,71.0,0.21550000000000002,Trump
55,73.0,0.1802999999999999,Trump
55,75.0,0.3378,Trump
55,77.0,0.2419,Trump
55,78.0,-0.5739,Clinton
55,79.0,-0.36959999999999993,Clinton
55,81.0,0.2223,Trump
55,83.0,0.3693,Trump
55,85.0,0.17000000000000004,Trump
55,87.0,0.14150000000000007,Trump
55,89.0,0.18860000000000005,Trump
55,91.0,0.2358,Trump
55,93.0,0.13639999999999997,Trump
55,95.0,0.27619999999999995,Trump
55,97.0,-0.03160000000000002,Clinton
55,99.0,0.25010000000000004,Trump
55,101.0,0.04329999999999995,Trump
55,103.0,0.05570000000000003,Trump
55,105.0,-0.1033,Clinton
55,107.0,0.3388,Trump
55,109.0,0.18190000000000006,Trump
55,111.0,-0.005199999999999927,Clinton
55,113.0,0.18429999999999996,Trump
55,115.0,0.3385,Trump
55,117.0,0.1644,Trump
55,119.0,0.44359999999999994,Trump
55,121.0,0.12640000000000007,Trump
55,123.0,0.04530000000000001,Trump
55,125.0,0.24990000000000007,Trump
55,127.0,0.1976,Trump
55,129.0,0.23229999999999995,Trump
55,131.0,0.3981,Trump
55,133.0,0.2666,Trump
55,135.0,0.2968,Trump
55,137.0,0.32280000000000003,Trump
55,139.0,0.07339999999999997,Trump
55,141.0,0.19280000000000003,Trump
56,1.0,0.041700000000000015,Trump
56,3.0,0.6512999999999999,Trump
56,5.0,0.7942,Trump
56,7.0,0.491,Trump
56,9.0,0.7291999999999998,Trump
56,11.0,0.8037000000000001,Trump
56,13.0,0.4092999999999999,Trump
56,15.0,0.6028,Trump
56,17.0,0.5951,Trump
56,19.0,0.6428,Trump
56,21.0,0.32400000000000007,Trump
56,23.0,0.6393,Trump
56,25.0,0.5090000000000001,Trump
56,27.0,0.7618,Trump
56,29.0,0.5684,Trump
56,31.0,0.6001000000000001,Trump
56,33.0,0.5058,Trump
56,35.0,0.6298000000000001,Trump
56,37.0,0.5209,Trump
56,39.0,-0.26870000000000005,Clinton
56,41.0,0.5846999999999999,Trump
56,43.0,0.6236999999999999,Trump
56,45.0,0.7754,Trump
