STATEFIPS,COUNTY,Unemployment_rate_2015,Median_Household_Income_2014
1.0,1.0,0.052000000000000005,54366.0
1.0,3.0,0.055,49626.0
1.0,5.0,0.08900000000000001,34971.0
1.0,7.0,0.066,39546.0
1.0,9.0,0.054000000000000006,45567.0
1.0,11.0,0.078,26580.0
1.0,13.0,0.075,32512.0
1.0,15.0,0.07,41123.0
1.0,17.0,0.06,34116.0
1.0,19.0,0.054000000000000006,38013.0
1.0,21.0,0.057,41450.0
1.0,23.0,0.091,35049.0
1.0,25.0,0.11800000000000001,36620.0
1.0,27.0,0.062,35940.0
1.0,29.0,0.06,40418.0
1.0,31.0,0.059000000000000004,46931.0
1.0,33.0,0.079,43057.0
1.0,35.0,0.092,29101.0
1.0,37.0,0.067,34679.0
1.0,39.0,0.071,36149.0
1.0,41.0,0.06,34445.0
1.0,43.0,0.053,39922.0
1.0,45.0,0.064,41940.0
1.0,47.0,0.096,26602.0
1.0,49.0,0.06,36241.0
1.0,51.0,0.051,54298.0
1.0,53.0,0.07,37077.0
1.0,55.0,0.061,39904.0
1.0,57.0,0.07,35664.0
1.0,59.0,0.064,33881.0
1.0,61.0,0.059000000000000004,34425.0
1.0,63.0,0.11,26504.0
1.0,65.0,0.078,33315.0
1.0,67.0,0.068,39930.0
1.0,69.0,0.062,40124.0
1.0,71.0,0.066,36923.0
1.0,73.0,0.057999999999999996,44852.0
1.0,75.0,0.063,34553.0
1.0,77.0,0.069,41324.0
1.0,79.0,0.077,41574.0
1.0,81.0,0.051,41256.0
1.0,83.0,0.055,51175.0
1.0,85.0,0.11599999999999999,30675.0
1.0,87.0,0.081,28518.0
1.0,89.0,0.055,58833.0
1.0,91.0,0.077,32977.0
1.0,93.0,0.07,37707.0
1.0,95.0,0.057999999999999996,36536.0
1.0,97.0,0.07,42943.0
1.0,99.0,0.10099999999999999,34733.0
1.0,101.0,0.062,43054.0
1.0,103.0,0.057999999999999996,45082.0
1.0,105.0,0.1,27403.0
1.0,107.0,0.068,31933.0
1.0,109.0,0.067,31844.0
1.0,111.0,0.059000000000000004,36939.0
1.0,113.0,0.06,35585.0
1.0,115.0,0.052000000000000005,50571.0
1.0,117.0,0.042,69432.0
1.0,119.0,0.08,25413.0
1.0,121.0,0.066,39999.0
1.0,123.0,0.061,36779.0
1.0,125.0,0.055,46892.0
1.0,127.0,0.07200000000000001,37245.0
1.0,129.0,0.08900000000000001,41321.0
1.0,131.0,0.147,24035.0
1.0,133.0,0.076,35528.0
2.0,13.0,0.032,55462.0
2.0,16.0,0.038,68387.0
2.0,20.0,0.05,75200.0
2.0,50.0,0.14400000000000002,45808.0
2.0,60.0,0.092,75364.0
2.0,68.0,0.087,69692.0
2.0,70.0,0.09699999999999999,51082.0
2.0,90.0,0.054000000000000006,67801.0
2.0,100.0,0.09699999999999999,67260.0
2.0,105.0,0.15,51687.0
2.0,110.0,0.046,80835.0
2.0,122.0,0.078,62532.0
2.0,130.0,0.068,57776.0
2.0,150.0,0.049,67972.0
2.0,158.0,0.23199999999999998,30877.0
2.0,164.0,0.127,45570.0
2.0,170.0,0.078,73981.0
2.0,180.0,0.11699999999999999,47160.0
2.0,185.0,0.055999999999999994,75682.0
2.0,188.0,0.155,65192.0
2.0,195.0,0.08900000000000001,56655.0
2.0,198.0,0.125,43245.0
2.0,201.0,NA,NA
2.0,220.0,0.045,65765.0
2.0,230.0,0.115,69170.0
2.0,232.0,NA,NA
2.0,240.0,0.10800000000000001,59641.0
2.0,261.0,0.08800000000000001,73998.0
2.0,270.0,NA,30877.0
2.0,275.0,0.078,52201.0
2.0,280.0,NA,NA
2.0,282.0,0.083,52595.0
2.0,290.0,0.18,36708.0
4.0,1.0,0.134,32366.0
4.0,3.0,0.07400000000000001,45025.0
4.0,5.0,0.066,48653.0
4.0,7.0,0.08,37677.0
4.0,9.0,0.07400000000000001,46046.0
4.0,11.0,0.079,59416.0
4.0,12.0,0.076,32533.0
4.0,13.0,0.052000000000000005,53929.0
4.0,15.0,0.08,37704.0
4.0,17.0,0.09699999999999999,35457.0
4.0,19.0,0.055999999999999994,45871.0
4.0,21.0,0.063,49876.0
4.0,23.0,0.115,37465.0
4.0,25.0,0.055999999999999994,44145.0
4.0,27.0,0.218,39700.0
5.0,1.0,0.044000000000000004,36409.0
5.0,3.0,0.08,36176.0
5.0,5.0,0.057,37873.0
5.0,7.0,0.039,57408.0
5.0,9.0,0.051,39779.0
5.0,11.0,0.062,32734.0
5.0,13.0,0.057999999999999996,39493.0
5.0,15.0,0.048,36964.0
5.0,17.0,0.094,29541.0
5.0,19.0,0.057,38504.0
5.0,21.0,0.069,33826.0
5.0,23.0,0.07200000000000001,40555.0
5.0,25.0,0.057999999999999996,43201.0
5.0,27.0,0.068,37495.0
5.0,29.0,0.063,42348.0
5.0,31.0,0.046,42851.0
5.0,33.0,0.054000000000000006,43466.0
5.0,35.0,0.064,35455.0
5.0,37.0,0.055999999999999994,38597.0
5.0,39.0,0.07400000000000001,34018.0
5.0,41.0,0.076,33028.0
5.0,43.0,0.071,36801.0
5.0,45.0,0.048,51436.0
5.0,47.0,0.052000000000000005,40404.0
5.0,49.0,0.054000000000000006,33347.0
5.0,51.0,0.057,40621.0
5.0,53.0,0.047,46067.0
5.0,55.0,0.053,42572.0
5.0,57.0,0.052000000000000005,33136.0
5.0,59.0,0.052000000000000005,37831.0
5.0,61.0,0.044000000000000004,37336.0
5.0,63.0,0.067,41085.0
5.0,65.0,0.069,32744.0
5.0,67.0,0.078,32427.0
5.0,69.0,0.07200000000000001,35927.0
5.0,71.0,0.06,34923.0
5.0,73.0,0.079,32225.0
5.0,75.0,0.063,34916.0
5.0,77.0,0.069,28006.0
5.0,79.0,0.063,37644.0
5.0,81.0,0.057,37691.0
5.0,83.0,0.059000000000000004,36391.0
5.0,85.0,0.043,54459.0
5.0,87.0,0.039,39158.0
5.0,89.0,0.054000000000000006,33181.0
5.0,91.0,0.052000000000000005,40877.0
5.0,93.0,0.09300000000000001,33577.0
5.0,95.0,0.063,30682.0
5.0,97.0,0.07,34597.0
5.0,99.0,0.052000000000000005,30935.0
5.0,101.0,0.051,35895.0
5.0,103.0,0.066,34971.0
5.0,105.0,0.063,40556.0
5.0,107.0,0.079,28171.0
5.0,109.0,0.062,36893.0
5.0,111.0,0.057,35851.0
5.0,113.0,0.06,33127.0
5.0,115.0,0.055,39909.0
5.0,117.0,0.048,39896.0
5.0,119.0,0.047,45698.0
5.0,121.0,0.07400000000000001,37761.0
5.0,123.0,0.075,30489.0
5.0,125.0,0.042,55915.0
5.0,127.0,0.05,33202.0
5.0,129.0,0.057999999999999996,31765.0
5.0,131.0,0.05,39907.0
5.0,133.0,0.064,37014.0
5.0,135.0,0.071,32101.0
5.0,137.0,0.065,30010.0
5.0,139.0,0.064,40841.0
5.0,141.0,0.07,32975.0
5.0,143.0,0.036000000000000004,45589.0
5.0,145.0,0.065,42044.0
5.0,147.0,0.067,29969.0
5.0,149.0,0.053,37080.0
6.0,1.0,0.047,76996.0
6.0,3.0,0.079,53003.0
6.0,5.0,0.066,54610.0
6.0,7.0,0.07200000000000001,42302.0
6.0,9.0,0.065,53321.0
6.0,11.0,0.153,48006.0
6.0,13.0,0.05,80338.0
6.0,15.0,0.086,41419.0
6.0,17.0,0.057,70235.0
6.0,19.0,0.102,43338.0
6.0,21.0,0.087,43755.0
6.0,23.0,0.055999999999999994,40581.0
6.0,25.0,0.24,38737.0
6.0,27.0,0.057999999999999996,49267.0
6.0,29.0,0.102,47451.0
6.0,31.0,0.105,44490.0
6.0,33.0,0.077,36333.0
6.0,35.0,0.073,49995.0
6.0,37.0,0.067,55686.0
6.0,39.0,0.105,43171.0
6.0,41.0,0.035,94549.0
6.0,43.0,0.07200000000000001,47781.0
6.0,45.0,0.059000000000000004,42840.0
6.0,47.0,0.114,43818.0
6.0,49.0,0.08800000000000001,39172.0
6.0,51.0,0.061,59181.0
6.0,53.0,0.081,57428.0
6.0,55.0,0.046,71063.0
6.0,57.0,0.055,57118.0
6.0,59.0,0.045,76061.0
6.0,61.0,0.05,75689.0
6.0,63.0,0.10400000000000001,47964.0
6.0,65.0,0.067,56877.0
6.0,67.0,0.06,55803.0
6.0,69.0,0.076,68166.0
6.0,71.0,0.065,51951.0
6.0,73.0,0.052000000000000005,66034.0
6.0,75.0,0.036000000000000004,83788.0
6.0,77.0,0.08900000000000001,51527.0
6.0,79.0,0.046,61775.0
6.0,81.0,0.034,100806.0
6.0,83.0,0.053,62116.0
6.0,85.0,0.042,97219.0
6.0,87.0,0.075,64257.0
6.0,89.0,0.078,43661.0
6.0,91.0,0.09,47293.0
6.0,93.0,0.094,38641.0
6.0,95.0,0.061,67106.0
6.0,97.0,0.045,66949.0
6.0,99.0,0.095,50917.0
6.0,101.0,0.10800000000000001,51827.0
6.0,103.0,0.08,40782.0
6.0,105.0,0.078,34961.0
6.0,107.0,0.11699999999999999,42360.0
6.0,109.0,0.071,49476.0
6.0,111.0,0.057,74967.0
6.0,113.0,0.064,54509.0
6.0,115.0,0.092,41403.0
8.0,1.0,0.043,59316.0
8.0,3.0,0.052000000000000005,38140.0
8.0,5.0,0.037000000000000005,65359.0
8.0,7.0,0.04,44508.0
8.0,9.0,0.021,36294.0
8.0,11.0,0.039,35424.0
8.0,13.0,0.032,71546.0
8.0,14.0,0.033,85885.0
8.0,15.0,0.034,48840.0
8.0,17.0,0.027000000000000003,52273.0
8.0,19.0,0.037000000000000005,69115.0
8.0,21.0,0.055999999999999994,33998.0
8.0,23.0,0.065,27882.0
8.0,25.0,0.045,32570.0
8.0,27.0,0.035,48368.0
8.0,29.0,0.057,45283.0
8.0,31.0,0.037000000000000005,54872.0
8.0,33.0,0.031,44235.0
8.0,35.0,0.031,107250.0
8.0,37.0,0.031,76661.0
8.0,39.0,0.031,83603.0
8.0,41.0,0.046,59286.0
8.0,43.0,0.062,41385.0
8.0,45.0,0.040999999999999995,62529.0
8.0,47.0,0.031,64752.0
8.0,49.0,0.032,59379.0
8.0,51.0,0.028999999999999998,48940.0
8.0,53.0,0.03,51241.0
8.0,55.0,0.077,32750.0
8.0,57.0,0.037000000000000005,45073.0
8.0,59.0,0.035,70687.0
8.0,61.0,0.026000000000000002,42310.0
8.0,63.0,0.024,46394.0
8.0,65.0,0.038,46765.0
8.0,67.0,0.035,60658.0
8.0,69.0,0.033,57659.0
8.0,71.0,0.055999999999999994,39625.0
8.0,73.0,0.034,41248.0
8.0,75.0,0.031,45439.0
8.0,77.0,0.055,50106.0
8.0,79.0,0.037000000000000005,51257.0
8.0,81.0,0.045,56193.0
8.0,83.0,0.055999999999999994,44163.0
8.0,85.0,0.051,46336.0
8.0,87.0,0.038,47631.0
8.0,89.0,0.057999999999999996,33043.0
8.0,91.0,0.043,57242.0
8.0,93.0,0.034,58487.0
8.0,95.0,0.024,47006.0
8.0,97.0,0.038,73274.0
8.0,99.0,0.040999999999999995,39184.0
8.0,101.0,0.057,41382.0
8.0,103.0,0.053,63184.0
8.0,105.0,0.063,40593.0
8.0,107.0,0.032,66846.0
8.0,109.0,0.061,31227.0
8.0,111.0,0.040999999999999995,40006.0
8.0,113.0,0.037000000000000005,59603.0
8.0,115.0,0.034,44562.0
8.0,117.0,0.025,68352.0
8.0,119.0,0.044000000000000004,62380.0
8.0,121.0,0.025,45784.0
8.0,123.0,0.038,61501.0
8.0,125.0,0.027000000000000003,46838.0
9.0,1.0,0.053,85336.0
9.0,3.0,0.059000000000000004,65809.0
9.0,5.0,0.05,73413.0
9.0,7.0,0.048,76365.0
9.0,9.0,0.061,60387.0
9.0,11.0,0.057999999999999996,65813.0
9.0,13.0,0.048,78653.0
9.0,15.0,0.062,57547.0
10.0,1.0,0.054000000000000006,54271.0
10.0,3.0,0.047,64632.0
10.0,5.0,0.05,53316.0
11.0,1.0,0.069,69992.0
12.0,1.0,0.045,44325.0
12.0,3.0,0.054000000000000006,47121.0
12.0,5.0,0.054000000000000006,44800.0
12.0,7.0,0.048,39980.0
12.0,9.0,0.059000000000000004,47973.0
12.0,11.0,0.05,51485.0
12.0,13.0,0.061,35256.0
12.0,15.0,0.059000000000000004,43242.0
12.0,17.0,0.07400000000000001,36383.0
12.0,19.0,0.049,58539.0
12.0,21.0,0.052000000000000005,58403.0
12.0,23.0,0.054000000000000006,38484.0
12.0,27.0,0.06,36945.0
12.0,29.0,0.061,32121.0
12.0,31.0,0.057,46013.0
12.0,33.0,0.055999999999999994,46139.0
12.0,35.0,0.062,51556.0
12.0,37.0,0.046,36788.0
12.0,39.0,0.07,35849.0
12.0,41.0,0.055,40788.0
12.0,43.0,0.071,38783.0
12.0,45.0,0.051,38419.0
12.0,47.0,0.051,31734.0
12.0,49.0,0.067,35371.0
12.0,51.0,0.10300000000000001,38494.0
12.0,53.0,0.068,40094.0
12.0,55.0,0.07400000000000001,35787.0
12.0,57.0,0.05,50758.0
12.0,59.0,0.062,35651.0
12.0,61.0,0.068,47548.0
12.0,63.0,0.057999999999999996,36876.0
12.0,65.0,0.057999999999999996,40205.0
12.0,67.0,0.045,38071.0
12.0,69.0,0.054000000000000006,46895.0
12.0,71.0,0.05,49147.0
12.0,73.0,0.05,45463.0
12.0,75.0,0.057,37433.0
12.0,77.0,0.057,38473.0
12.0,79.0,0.062,33017.0
12.0,81.0,0.05,51673.0
12.0,83.0,0.064,39860.0
12.0,85.0,0.052000000000000005,55472.0
12.0,86.0,0.061,42754.0
12.0,87.0,0.035,57411.0
12.0,89.0,0.05,56728.0
12.0,91.0,0.045,55952.0
12.0,93.0,0.062,37065.0
12.0,95.0,0.049,47069.0
12.0,97.0,0.057,42945.0
12.0,99.0,0.05,52225.0
12.0,101.0,0.057999999999999996,45219.0
12.0,103.0,0.049,45162.0
12.0,105.0,0.062,42768.0
12.0,107.0,0.07200000000000001,32054.0
12.0,109.0,0.039,66560.0
12.0,111.0,0.062,42722.0
12.0,113.0,0.048,58587.0
12.0,115.0,0.05,52109.0
12.0,117.0,0.048,56443.0
12.0,119.0,0.075,51907.0
12.0,121.0,0.055,38177.0
12.0,123.0,0.066,36374.0
12.0,125.0,0.048,40207.0
12.0,127.0,0.057,40881.0
12.0,129.0,0.046,51642.0
12.0,131.0,0.046,46867.0
12.0,133.0,0.059000000000000004,36482.0
13.0,1.0,0.071,36642.0
13.0,3.0,0.055999999999999994,31740.0
13.0,5.0,0.055,34201.0
13.0,7.0,0.073,43115.0
13.0,9.0,0.078,37008.0
13.0,11.0,0.054000000000000006,46018.0
13.0,13.0,0.052000000000000005,49698.0
13.0,15.0,0.057,51440.0
13.0,17.0,0.09,31081.0
13.0,19.0,0.07,35078.0
13.0,21.0,0.066,36014.0
13.0,23.0,0.091,40454.0
13.0,25.0,0.073,36865.0
13.0,27.0,0.059000000000000004,32903.0
13.0,29.0,0.052000000000000005,66556.0
13.0,31.0,0.06,36315.0
13.0,33.0,0.08,35055.0
13.0,35.0,0.064,41505.0
13.0,37.0,0.061,30760.0
13.0,39.0,0.055,51793.0
13.0,43.0,0.055999999999999994,31829.0
13.0,45.0,0.066,43442.0
13.0,47.0,0.051,50728.0
13.0,49.0,0.062,34312.0
13.0,51.0,0.057,50154.0
13.0,53.0,0.08800000000000001,45933.0
13.0,55.0,0.062,34830.0
13.0,57.0,0.046,71168.0
13.0,59.0,0.059000000000000004,31487.0
13.0,61.0,0.113,27512.0
13.0,63.0,0.075,42985.0
13.0,65.0,0.068,31577.0
13.0,67.0,0.05,66970.0
13.0,69.0,0.066,33125.0
13.0,71.0,0.064,33509.0
13.0,73.0,0.05,68067.0
13.0,75.0,0.066,32408.0
13.0,77.0,0.052000000000000005,60809.0
13.0,79.0,0.061,43111.0
13.0,81.0,0.069,31176.0
13.0,83.0,0.054000000000000006,42953.0
13.0,85.0,0.05,57491.0
13.0,87.0,0.067,33968.0
13.0,89.0,0.059000000000000004,50597.0
13.0,91.0,0.083,32293.0
13.0,93.0,0.075,31103.0
13.0,95.0,0.077,32150.0
13.0,97.0,0.062,54581.0
13.0,99.0,0.068,34906.0
13.0,101.0,0.047,34444.0
13.0,103.0,0.05,61195.0
13.0,105.0,0.07400000000000001,35351.0
13.0,107.0,0.085,30119.0
13.0,109.0,0.055,33293.0
13.0,111.0,0.06,37813.0
13.0,113.0,0.051,79069.0
13.0,115.0,0.066,41814.0
13.0,117.0,0.044000000000000004,86413.0
13.0,119.0,0.063,38055.0
13.0,121.0,0.057999999999999996,55516.0
13.0,123.0,0.057999999999999996,40010.0
13.0,125.0,0.066,39643.0
13.0,127.0,0.06,46737.0
13.0,129.0,0.057,43880.0
13.0,131.0,0.06,35237.0
13.0,133.0,0.07,42823.0
13.0,135.0,0.051,59858.0
13.0,137.0,0.055999999999999994,40994.0
13.0,139.0,0.047,52238.0
13.0,141.0,0.1,26309.0
13.0,143.0,0.063,40387.0
13.0,145.0,0.052000000000000005,66249.0
13.0,147.0,0.061,38564.0
13.0,149.0,0.062,41348.0
13.0,151.0,0.06,60388.0
13.0,153.0,0.057999999999999996,53027.0
13.0,155.0,0.081,35955.0
13.0,157.0,0.048,51931.0
13.0,159.0,0.054000000000000006,41818.0
13.0,161.0,0.064,35235.0
13.0,163.0,0.08900000000000001,30835.0
13.0,165.0,0.08199999999999999,30678.0
13.0,167.0,0.07,29818.0
13.0,169.0,0.053,51749.0
13.0,171.0,0.076,40339.0
13.0,173.0,0.066,37113.0
13.0,175.0,0.075,35807.0
13.0,177.0,0.053,64533.0
13.0,179.0,0.063,41682.0
13.0,181.0,0.066,39484.0
13.0,183.0,0.059000000000000004,43193.0
13.0,185.0,0.059000000000000004,38887.0
13.0,187.0,0.053,44653.0
13.0,189.0,0.08199999999999999,37413.0
13.0,191.0,0.064,37603.0
13.0,193.0,0.08900000000000001,29430.0
13.0,195.0,0.054000000000000006,45557.0
13.0,197.0,0.08199999999999999,36055.0
13.0,199.0,0.078,37243.0
13.0,201.0,0.053,35276.0
13.0,205.0,0.066,32711.0
13.0,207.0,0.055999999999999994,53542.0
13.0,209.0,0.084,36436.0
13.0,211.0,0.054000000000000006,50295.0
13.0,213.0,0.07400000000000001,40976.0
13.0,215.0,0.07400000000000001,41783.0
13.0,217.0,0.066,48058.0
13.0,219.0,0.043,80631.0
13.0,221.0,0.053,46840.0
13.0,223.0,0.051,63964.0
13.0,225.0,0.079,40550.0
13.0,227.0,0.052000000000000005,51047.0
13.0,229.0,0.061,40526.0
13.0,231.0,0.055999999999999994,50395.0
13.0,233.0,0.065,38847.0
13.0,235.0,0.065,36128.0
13.0,237.0,0.08,42125.0
13.0,239.0,0.067,29477.0
13.0,241.0,0.066,38449.0
13.0,243.0,0.09,25807.0
13.0,245.0,0.073,36012.0
13.0,247.0,0.064,48287.0
13.0,249.0,0.066,39601.0
13.0,251.0,0.081,34012.0
13.0,253.0,0.08,37672.0
13.0,255.0,0.078,35555.0
13.0,257.0,0.065,36870.0
13.0,259.0,0.067,27635.0
13.0,261.0,0.08199999999999999,34017.0
13.0,263.0,0.076,33370.0
13.0,265.0,0.081,28716.0
13.0,267.0,0.06,34010.0
13.0,269.0,0.09300000000000001,32815.0
13.0,271.0,0.085,29244.0
13.0,273.0,0.07400000000000001,34604.0
13.0,275.0,0.071,36973.0
13.0,277.0,0.062,36303.0
13.0,279.0,0.085,34008.0
13.0,281.0,0.078,39453.0
13.0,283.0,0.08199999999999999,32536.0
13.0,285.0,0.06,41141.0
13.0,287.0,0.065,32171.0
13.0,289.0,0.091,36886.0
13.0,291.0,0.052000000000000005,40667.0
13.0,293.0,0.071,34867.0
13.0,295.0,0.057999999999999996,39078.0
13.0,297.0,0.053,52082.0
13.0,299.0,0.064,34288.0
13.0,301.0,0.077,31623.0
13.0,303.0,0.069,36137.0
13.0,305.0,0.073,41093.0
13.0,307.0,0.08900000000000001,33893.0
13.0,309.0,0.107,30264.0
13.0,311.0,0.051,42126.0
13.0,313.0,0.063,43731.0
13.0,315.0,0.076,32722.0
13.0,317.0,0.075,32042.0
13.0,319.0,0.07400000000000001,34512.0
13.0,321.0,0.064,40382.0
15.0,1.0,0.045,51887.0
15.0,3.0,0.034,73985.0
15.0,7.0,0.040999999999999995,58883.0
15.0,9.0,0.038,64916.0
16.0,1.0,0.036000000000000004,57908.0
16.0,3.0,0.076,40777.0
16.0,5.0,0.04,44324.0
16.0,7.0,0.044000000000000004,45504.0
16.0,9.0,0.066,46277.0
16.0,11.0,0.040999999999999995,47292.0
16.0,13.0,0.035,63490.0
16.0,15.0,0.062,50874.0
16.0,17.0,0.059000000000000004,45193.0
16.0,19.0,0.034,51440.0
16.0,21.0,0.054000000000000006,42720.0
16.0,23.0,0.043,42907.0
16.0,25.0,0.036000000000000004,49569.0
16.0,27.0,0.049,43489.0
16.0,29.0,0.042,55770.0
16.0,31.0,0.033,45078.0
16.0,33.0,0.037000000000000005,45979.0
16.0,35.0,0.08,41304.0
16.0,37.0,0.066,42704.0
16.0,39.0,0.047,45049.0
16.0,41.0,0.031,50545.0
16.0,43.0,0.036000000000000004,45578.0
16.0,45.0,0.051,41688.0
16.0,47.0,0.034,44669.0
16.0,49.0,0.061,39551.0
16.0,51.0,0.034,52428.0
16.0,53.0,0.033,46513.0
16.0,55.0,0.05,49061.0
16.0,57.0,0.035,43482.0
16.0,59.0,0.07,37869.0
16.0,61.0,0.06,39918.0
16.0,63.0,0.044000000000000004,44046.0
16.0,65.0,0.027000000000000003,36065.0
16.0,67.0,0.037000000000000005,46332.0
16.0,69.0,0.037000000000000005,46214.0
16.0,71.0,0.035,46503.0
16.0,73.0,0.046,38478.0
16.0,75.0,0.049,45533.0
16.0,77.0,0.046,48048.0
16.0,79.0,0.077,36577.0
16.0,81.0,0.034,57644.0
16.0,83.0,0.036000000000000004,44236.0
16.0,85.0,0.061,49380.0
16.0,87.0,0.057,35955.0
17.0,1.0,0.05,46061.0
17.0,3.0,0.086,30699.0
17.0,5.0,0.053,49886.0
17.0,7.0,0.066,58792.0
17.0,9.0,0.037000000000000005,50225.0
17.0,11.0,0.065,52138.0
17.0,13.0,0.068,49689.0
17.0,15.0,0.055,50750.0
17.0,17.0,0.057,46289.0
17.0,19.0,0.052000000000000005,47966.0
17.0,21.0,0.066,46870.0
17.0,23.0,0.063,50645.0
17.0,25.0,0.071,45709.0
17.0,27.0,0.045,60556.0
17.0,29.0,0.062,41319.0
17.0,31.0,0.061,55058.0
17.0,33.0,0.06,45889.0
17.0,35.0,0.054000000000000006,49567.0
17.0,37.0,0.055999999999999994,56536.0
17.0,39.0,0.055999999999999994,55193.0
17.0,41.0,0.05,52526.0
17.0,43.0,0.047,80037.0
17.0,45.0,0.064,45485.0
17.0,47.0,0.06,46894.0
17.0,49.0,0.049,52578.0
17.0,51.0,0.065,41268.0
17.0,53.0,0.054000000000000006,50877.0
17.0,55.0,0.08199999999999999,37758.0
17.0,57.0,0.077,44435.0
17.0,59.0,0.069,41045.0
17.0,61.0,0.062,39738.0
17.0,63.0,0.068,70092.0
17.0,65.0,0.053,49790.0
17.0,67.0,0.064,48767.0
17.0,69.0,0.08199999999999999,37331.0
17.0,71.0,0.059000000000000004,50999.0
17.0,73.0,0.062,51025.0
17.0,75.0,0.057,46895.0
17.0,77.0,0.055999999999999994,34395.0
17.0,79.0,0.063,52919.0
17.0,81.0,0.068,43073.0
17.0,83.0,0.063,52493.0
17.0,85.0,0.055,51282.0
17.0,87.0,0.086,45773.0
17.0,89.0,0.057999999999999996,72131.0
17.0,91.0,0.068,56326.0
17.0,93.0,0.051,90640.0
17.0,95.0,0.062,38992.0
17.0,97.0,0.055,78001.0
17.0,99.0,0.07,51205.0
17.0,101.0,0.071,41759.0
17.0,103.0,0.054000000000000006,54472.0
17.0,105.0,0.055,53918.0
17.0,107.0,0.055,54353.0
17.0,109.0,0.063,42684.0
17.0,111.0,0.053,76856.0
17.0,113.0,0.049,60460.0
17.0,115.0,0.071,47575.0
17.0,117.0,0.063,48544.0
17.0,119.0,0.061,54375.0
17.0,121.0,0.069,44289.0
17.0,123.0,0.067,53732.0
17.0,125.0,0.07200000000000001,46878.0
17.0,127.0,0.07400000000000001,40590.0
17.0,129.0,0.048,61388.0
17.0,131.0,0.062,54916.0
17.0,133.0,0.044000000000000004,73684.0
17.0,135.0,0.077,45288.0
17.0,137.0,0.051,46406.0
17.0,139.0,0.044000000000000004,52790.0
17.0,141.0,0.062,57126.0
17.0,143.0,0.069,52448.0
17.0,145.0,0.07200000000000001,42032.0
17.0,147.0,0.051,65971.0
17.0,149.0,0.052000000000000005,39005.0
17.0,151.0,0.07,40722.0
17.0,153.0,0.09,33943.0
17.0,155.0,0.064,62024.0
17.0,157.0,0.055,47862.0
17.0,159.0,0.06,43396.0
17.0,161.0,0.065,48024.0
17.0,163.0,0.066,50155.0
17.0,165.0,0.077,38329.0
17.0,167.0,0.053,55371.0
17.0,169.0,0.059000000000000004,47092.0
17.0,171.0,0.057999999999999996,51584.0
17.0,173.0,0.06,48994.0
17.0,175.0,0.066,50219.0
17.0,177.0,0.067,48569.0
17.0,179.0,0.063,60490.0
17.0,181.0,0.078,40957.0
17.0,183.0,0.071,42036.0
17.0,185.0,0.057,49385.0
17.0,187.0,0.054000000000000006,44180.0
17.0,189.0,0.039,54683.0
17.0,191.0,0.07,46839.0
17.0,193.0,0.057999999999999996,46927.0
17.0,195.0,0.063,49895.0
17.0,197.0,0.06,75176.0
17.0,199.0,0.062,46322.0
17.0,201.0,0.071,47708.0
17.0,203.0,0.051,70127.0
18.0,1.0,0.038,50172.0
18.0,3.0,0.045,48651.0
18.0,5.0,0.036000000000000004,54101.0
18.0,7.0,0.044000000000000004,46196.0
18.0,9.0,0.06,39563.0
18.0,11.0,0.037000000000000005,68352.0
18.0,13.0,0.047,52582.0
18.0,15.0,0.043,55318.0
18.0,17.0,0.046,44430.0
18.0,19.0,0.045,52050.0
18.0,21.0,0.053,44385.0
18.0,23.0,0.04,49945.0
18.0,25.0,0.06,40657.0
18.0,27.0,0.038,47670.0
18.0,29.0,0.051,59280.0
18.0,31.0,0.04,50258.0
18.0,33.0,0.040999999999999995,51911.0
18.0,35.0,0.057,39449.0
18.0,37.0,0.034,53211.0
18.0,39.0,0.038,50192.0
18.0,41.0,0.065,40122.0
18.0,43.0,0.042,53186.0
18.0,45.0,0.059000000000000004,45168.0
18.0,47.0,0.051,54086.0
18.0,49.0,0.048,44762.0
18.0,51.0,0.038,46466.0
18.0,53.0,0.055,40234.0
18.0,55.0,0.068,41077.0
18.0,57.0,0.034,89861.0
18.0,59.0,0.042,68334.0
18.0,61.0,0.045,56787.0
18.0,63.0,0.038,70358.0
18.0,65.0,0.053,41955.0
18.0,67.0,0.05,47433.0
18.0,69.0,0.043,49832.0
18.0,71.0,0.04,48368.0
18.0,73.0,0.057999999999999996,55190.0
18.0,75.0,0.05,38663.0
18.0,77.0,0.048,45964.0
18.0,79.0,0.051,43783.0
18.0,81.0,0.04,58833.0
18.0,83.0,0.046,44077.0
18.0,85.0,0.04,54068.0
18.0,87.0,0.036000000000000004,52003.0
18.0,89.0,0.068,50774.0
18.0,91.0,0.063,46243.0
18.0,93.0,0.065,45232.0
18.0,95.0,0.055999999999999994,44730.0
18.0,97.0,0.05,42700.0
18.0,99.0,0.040999999999999995,52508.0
18.0,101.0,0.042,48381.0
18.0,103.0,0.052000000000000005,41065.0
18.0,105.0,0.049,43841.0
18.0,107.0,0.04,46945.0
18.0,109.0,0.046,54849.0
18.0,111.0,0.057,51285.0
18.0,113.0,0.042,50997.0
18.0,115.0,0.054000000000000006,51403.0
18.0,117.0,0.06,39572.0
18.0,119.0,0.062,46001.0
18.0,121.0,0.057,42056.0
18.0,123.0,0.047,44623.0
18.0,125.0,0.044000000000000004,47217.0
18.0,127.0,0.054000000000000006,63030.0
18.0,129.0,0.039,59975.0
18.0,131.0,0.045,43770.0
18.0,133.0,0.051,49467.0
18.0,135.0,0.05,41577.0
18.0,137.0,0.054000000000000006,52491.0
18.0,139.0,0.043,47418.0
18.0,141.0,0.05,46388.0
18.0,143.0,0.054000000000000006,41649.0
18.0,145.0,0.044000000000000004,54831.0
18.0,147.0,0.040999999999999995,54468.0
18.0,149.0,0.059000000000000004,43740.0
18.0,151.0,0.039,50078.0
18.0,153.0,0.062,43933.0
18.0,155.0,0.049,47606.0
18.0,157.0,0.042,46276.0
18.0,159.0,0.04,55008.0
18.0,161.0,0.044000000000000004,47410.0
18.0,163.0,0.042,42622.0
18.0,165.0,0.071,44388.0
18.0,167.0,0.061,41260.0
18.0,169.0,0.048,45151.0
18.0,171.0,0.049,55925.0
18.0,173.0,0.040999999999999995,65793.0
18.0,175.0,0.051,43573.0
18.0,177.0,0.053,40929.0
18.0,179.0,0.039,51182.0
18.0,181.0,0.040999999999999995,50731.0
18.0,183.0,0.040999999999999995,59266.0
19.0,1.0,0.032,48216.0
19.0,3.0,0.027000000000000003,51929.0
19.0,5.0,0.048,45229.0
19.0,7.0,0.048,40422.0
19.0,9.0,0.039,50014.0
19.0,11.0,0.038,61931.0
19.0,13.0,0.045,51331.0
19.0,15.0,0.028999999999999998,54186.0
19.0,17.0,0.034,62438.0
19.0,19.0,0.042,55781.0
19.0,21.0,0.036000000000000004,50719.0
19.0,23.0,0.043,52273.0
19.0,25.0,0.043,49456.0
19.0,27.0,0.026000000000000002,52367.0
19.0,29.0,0.036000000000000004,46159.0
19.0,31.0,0.034,61423.0
19.0,33.0,0.039,49569.0
19.0,35.0,0.051,52894.0
19.0,37.0,0.044000000000000004,50788.0
19.0,39.0,0.04,45413.0
19.0,41.0,0.036000000000000004,51514.0
19.0,43.0,0.040999999999999995,49018.0
19.0,45.0,0.049,48528.0
19.0,47.0,0.040999999999999995,50370.0
19.0,49.0,0.027999999999999997,79173.0
19.0,51.0,0.044000000000000004,46750.0
19.0,53.0,0.032,36742.0
19.0,55.0,0.033,55958.0
19.0,57.0,0.046,45292.0
19.0,59.0,0.038,56551.0
19.0,61.0,0.036000000000000004,55320.0
19.0,63.0,0.037000000000000005,47342.0
19.0,65.0,0.045,45522.0
19.0,67.0,0.037000000000000005,48292.0
19.0,69.0,0.033,51045.0
19.0,71.0,0.033,54154.0
19.0,73.0,0.034,49125.0
19.0,75.0,0.037000000000000005,61215.0
19.0,77.0,0.036000000000000004,49507.0
19.0,79.0,0.042,53691.0
19.0,81.0,0.027000000000000003,57682.0
19.0,83.0,0.039,53277.0
19.0,85.0,0.033,52824.0
19.0,87.0,0.039,50347.0
19.0,89.0,0.035,49837.0
19.0,91.0,0.033,49696.0
19.0,93.0,0.031,53905.0
19.0,95.0,0.034,58234.0
19.0,97.0,0.040999999999999995,50299.0
19.0,99.0,0.038,52750.0
19.0,101.0,0.037000000000000005,41094.0
19.0,103.0,0.026000000000000002,59946.0
19.0,105.0,0.040999999999999995,51558.0
19.0,107.0,0.042,48316.0
19.0,109.0,0.027999999999999997,52967.0
19.0,111.0,0.053,44719.0
19.0,113.0,0.037000000000000005,62700.0
19.0,115.0,0.037000000000000005,50924.0
19.0,117.0,0.035,42582.0
19.0,119.0,0.02,61750.0
19.0,121.0,0.038,62230.0
19.0,123.0,0.039,48584.0
19.0,125.0,0.032,57046.0
19.0,127.0,0.05,50244.0
19.0,129.0,0.04,59399.0
19.0,131.0,0.027999999999999997,52616.0
19.0,133.0,0.043,43178.0
19.0,135.0,0.043,44705.0
19.0,137.0,0.035,42046.0
19.0,139.0,0.038,54441.0
19.0,141.0,0.027999999999999997,55968.0
19.0,143.0,0.027999999999999997,51423.0
19.0,145.0,0.04,46927.0
19.0,147.0,0.03,50600.0
19.0,149.0,0.027999999999999997,62745.0
19.0,151.0,0.03,49625.0
19.0,153.0,0.036000000000000004,61028.0
19.0,155.0,0.036000000000000004,51947.0
19.0,157.0,0.036000000000000004,52791.0
19.0,159.0,0.033,42854.0
19.0,161.0,0.032,49513.0
19.0,163.0,0.046,54959.0
19.0,165.0,0.027999999999999997,55637.0
19.0,167.0,0.024,60205.0
19.0,169.0,0.024,52128.0
19.0,171.0,0.043,54957.0
19.0,173.0,0.031,46501.0
19.0,175.0,0.040999999999999995,44905.0
19.0,177.0,0.04,42555.0
19.0,179.0,0.051,42414.0
19.0,181.0,0.033,67342.0
19.0,183.0,0.031,56243.0
19.0,185.0,0.039,42006.0
19.0,187.0,0.042,43490.0
19.0,189.0,0.039,50703.0
19.0,191.0,0.036000000000000004,55984.0
19.0,193.0,0.037000000000000005,45641.0
19.0,195.0,0.039,50286.0
19.0,197.0,0.038,50108.0
20.0,1.0,0.052000000000000005,39196.0
20.0,3.0,0.05,45368.0
20.0,5.0,0.061,44199.0
20.0,7.0,0.043,51676.0
20.0,9.0,0.043,46942.0
20.0,11.0,0.049,38430.0
20.0,13.0,0.04,45781.0
20.0,15.0,0.043,60123.0
20.0,17.0,0.037000000000000005,47025.0
20.0,19.0,0.057999999999999996,39120.0
20.0,21.0,0.045,40686.0
20.0,23.0,0.027999999999999997,41797.0
20.0,25.0,0.025,47650.0
20.0,27.0,0.043,53131.0
20.0,29.0,0.039,42697.0
20.0,31.0,0.057,55705.0
20.0,33.0,0.035,45353.0
20.0,35.0,0.047,45180.0
20.0,37.0,0.051,38491.0
20.0,39.0,0.038,41434.0
20.0,41.0,0.053,47493.0
20.0,43.0,0.044000000000000004,47599.0
20.0,45.0,0.037000000000000005,49246.0
20.0,47.0,0.033,49256.0
20.0,49.0,0.049,36471.0
20.0,51.0,0.03,49508.0
20.0,53.0,0.037000000000000005,46961.0
20.0,55.0,0.036000000000000004,48609.0
20.0,57.0,0.034,51144.0
20.0,59.0,0.046,50745.0
20.0,61.0,0.062,41193.0
20.0,63.0,0.026000000000000002,50886.0
20.0,65.0,0.04,45341.0
20.0,67.0,0.037000000000000005,60279.0
20.0,69.0,0.023,58543.0
20.0,71.0,0.022000000000000002,52795.0
20.0,73.0,0.047,39732.0
20.0,75.0,0.02,47709.0
20.0,77.0,0.039,50525.0
20.0,79.0,0.039,55074.0
20.0,81.0,0.026000000000000002,59596.0
20.0,83.0,0.033,52394.0
20.0,85.0,0.037000000000000005,53796.0
20.0,87.0,0.042,56927.0
20.0,89.0,0.045,44101.0
20.0,91.0,0.034,76104.0
20.0,93.0,0.032,53484.0
20.0,95.0,0.044000000000000004,53378.0
20.0,97.0,0.03,46318.0
20.0,99.0,0.057999999999999996,40822.0
20.0,101.0,0.034,53739.0
20.0,103.0,0.045,65549.0
20.0,105.0,0.035,44896.0
20.0,107.0,0.064,44520.0
20.0,109.0,0.025,49852.0
20.0,111.0,0.044000000000000004,43038.0
20.0,113.0,0.03,57878.0
20.0,115.0,0.039,47723.0
20.0,117.0,0.028999999999999998,47901.0
20.0,119.0,0.03,53903.0
20.0,121.0,0.043,63924.0
20.0,123.0,0.034,48645.0
20.0,125.0,0.065,42221.0
20.0,127.0,0.044000000000000004,44774.0
20.0,129.0,0.044000000000000004,55378.0
20.0,131.0,0.026000000000000002,54149.0
20.0,133.0,0.075,41527.0
20.0,135.0,0.033,51923.0
20.0,137.0,0.025,44846.0
20.0,139.0,0.05,52749.0
20.0,141.0,0.035,38848.0
20.0,143.0,0.039,52744.0
20.0,145.0,0.037000000000000005,47351.0
20.0,147.0,0.033,45856.0
20.0,149.0,0.035,65373.0
20.0,151.0,0.040999999999999995,54701.0
20.0,153.0,0.024,44932.0
20.0,155.0,0.043,46533.0
20.0,157.0,0.027999999999999997,42381.0
20.0,159.0,0.038,49152.0
20.0,161.0,0.033,46468.0
20.0,163.0,0.046,48383.0
20.0,165.0,0.036000000000000004,43083.0
20.0,167.0,0.038,45443.0
20.0,169.0,0.038,48460.0
20.0,171.0,0.027999999999999997,56032.0
20.0,173.0,0.048,51175.0
20.0,175.0,0.044000000000000004,47381.0
20.0,177.0,0.043,52795.0
20.0,179.0,0.023,52300.0
20.0,181.0,0.03,43100.0
20.0,183.0,0.039,41303.0
20.0,185.0,0.04,45945.0
20.0,187.0,0.03,56591.0
20.0,189.0,0.038,59773.0
20.0,191.0,0.045,52476.0
20.0,193.0,0.027000000000000003,50639.0
20.0,195.0,0.036000000000000004,46859.0
20.0,197.0,0.039,59160.0
20.0,199.0,0.027000000000000003,49109.0
20.0,201.0,0.032,43264.0
20.0,203.0,0.03,53447.0
20.0,205.0,0.067,39764.0
20.0,207.0,0.051,35502.0
20.0,209.0,0.061,37087.0
21.0,1.0,0.076,31558.0
21.0,3.0,0.05,39801.0
21.0,5.0,0.042,54331.0
21.0,7.0,0.071,44732.0
21.0,9.0,0.053,37666.0
21.0,11.0,0.078,34126.0
21.0,13.0,0.085,24868.0
21.0,15.0,0.042,66939.0
21.0,17.0,0.049,42812.0
21.0,19.0,0.07,40224.0
21.0,21.0,0.057,41538.0
21.0,23.0,0.064,41910.0
21.0,25.0,0.095,28647.0
21.0,27.0,0.061,41547.0
21.0,29.0,0.047,54924.0
21.0,31.0,0.06,35219.0
21.0,33.0,0.055999999999999994,42640.0
21.0,35.0,0.048,37705.0
21.0,37.0,0.042,52349.0
21.0,39.0,0.057999999999999996,40701.0
21.0,41.0,0.057999999999999996,43615.0
21.0,43.0,0.1,34991.0
21.0,45.0,0.057,29344.0
21.0,47.0,0.064,36736.0
21.0,49.0,0.053,49012.0
21.0,51.0,0.09699999999999999,25215.0
21.0,53.0,0.083,28341.0
21.0,55.0,0.055,38338.0
21.0,57.0,0.06,29067.0
21.0,59.0,0.047,43390.0
21.0,61.0,0.071,38544.0
21.0,63.0,0.1,30556.0
21.0,65.0,0.062,30333.0
21.0,67.0,0.039,48552.0
21.0,69.0,0.063,35878.0
21.0,71.0,0.094,30127.0
21.0,73.0,0.044000000000000004,49400.0
21.0,75.0,0.077,30671.0
21.0,77.0,0.053,45483.0
21.0,79.0,0.052000000000000005,43647.0
21.0,81.0,0.054000000000000006,46226.0
21.0,83.0,0.063,39247.0
21.0,85.0,0.068,35726.0
21.0,87.0,0.054000000000000006,33640.0
21.0,89.0,0.078,42452.0
21.0,91.0,0.051,50358.0
21.0,93.0,0.051,50407.0
21.0,95.0,0.11699999999999999,26351.0
21.0,97.0,0.047,41406.0
21.0,99.0,0.052000000000000005,38038.0
21.0,101.0,0.05,43040.0
21.0,103.0,0.048,43799.0
21.0,105.0,0.057999999999999996,41588.0
21.0,107.0,0.057,42477.0
21.0,109.0,0.086,29090.0
21.0,111.0,0.049,48264.0
21.0,113.0,0.043,51227.0
21.0,115.0,0.084,34271.0
21.0,117.0,0.046,54728.0
21.0,119.0,0.099,27709.0
21.0,121.0,0.083,26048.0
21.0,123.0,0.053,40312.0
21.0,125.0,0.063,34678.0
21.0,127.0,0.094,32835.0
21.0,129.0,0.085,25473.0
21.0,131.0,0.10800000000000001,27777.0
21.0,133.0,0.11199999999999999,28574.0
21.0,135.0,0.086,30217.0
21.0,137.0,0.069,35368.0
21.0,139.0,0.07400000000000001,42892.0
21.0,141.0,0.048,41150.0
21.0,143.0,0.057999999999999996,43067.0
21.0,145.0,0.059000000000000004,41216.0
21.0,147.0,0.083,24265.0
21.0,149.0,0.05,42288.0
21.0,151.0,0.044000000000000004,44358.0
21.0,153.0,0.147,29421.0
21.0,155.0,0.051,39089.0
21.0,157.0,0.057,45596.0
21.0,159.0,0.096,27484.0
21.0,161.0,0.061,40260.0
21.0,163.0,0.055999999999999994,52377.0
21.0,165.0,0.087,30828.0
21.0,167.0,0.051,43945.0
21.0,169.0,0.053,30460.0
21.0,171.0,0.044000000000000004,30172.0
21.0,173.0,0.066,41139.0
21.0,175.0,0.08,30872.0
21.0,177.0,0.071,38916.0
21.0,179.0,0.051,54540.0
21.0,181.0,0.06,37061.0
21.0,183.0,0.064,38261.0
21.0,185.0,0.04,92097.0
21.0,187.0,0.040999999999999995,43626.0
21.0,189.0,0.10400000000000001,23047.0
21.0,191.0,0.055,47023.0
21.0,193.0,0.08900000000000001,31265.0
21.0,195.0,0.095,32666.0
21.0,197.0,0.07200000000000001,32783.0
21.0,199.0,0.06,32767.0
21.0,201.0,0.065,37281.0
21.0,203.0,0.066,33789.0
21.0,205.0,0.06,37287.0
21.0,207.0,0.11900000000000001,33623.0
21.0,209.0,0.040999999999999995,61989.0
21.0,211.0,0.040999999999999995,57447.0
21.0,213.0,0.048,45269.0
21.0,215.0,0.044000000000000004,67437.0
21.0,217.0,0.066,34633.0
21.0,219.0,0.048,40002.0
21.0,221.0,0.059000000000000004,44676.0
21.0,223.0,0.057999999999999996,46708.0
21.0,225.0,0.069,44119.0
21.0,227.0,0.046,48925.0
21.0,229.0,0.044000000000000004,39983.0
21.0,231.0,0.081,30619.0
21.0,233.0,0.052000000000000005,43024.0
21.0,235.0,0.07,31086.0
21.0,237.0,0.10099999999999999,25768.0
21.0,239.0,0.036000000000000004,57067.0
22.0,1.0,0.067,40269.0
22.0,3.0,0.069,36852.0
22.0,5.0,0.05,67299.0
22.0,7.0,0.078,46317.0
22.0,9.0,0.07400000000000001,34022.0
22.0,11.0,0.063,43918.0
22.0,13.0,0.08199999999999999,33134.0
22.0,15.0,0.055999999999999994,51138.0
22.0,17.0,0.071,39812.0
22.0,19.0,0.054000000000000006,45979.0
22.0,21.0,0.08199999999999999,36350.0
22.0,23.0,0.046,59300.0
22.0,25.0,0.09300000000000001,34116.0
22.0,27.0,0.073,35385.0
22.0,29.0,0.086,31835.0
22.0,31.0,0.079,40642.0
22.0,33.0,0.053,46831.0
22.0,35.0,0.139,25402.0
22.0,37.0,0.057999999999999996,41651.0
22.0,39.0,0.07400000000000001,32615.0
22.0,41.0,0.095,32318.0
22.0,43.0,0.07200000000000001,40668.0
22.0,45.0,0.079,45226.0
22.0,47.0,0.071,47377.0
22.0,49.0,0.06,37130.0
22.0,51.0,0.057,47024.0
22.0,53.0,0.062,37968.0
22.0,55.0,0.055999999999999994,51340.0
22.0,57.0,0.053,47382.0
22.0,59.0,0.067,44139.0
22.0,61.0,0.073,32889.0
22.0,63.0,0.051,58818.0
22.0,65.0,0.09300000000000001,26732.0
22.0,67.0,0.109,30636.0
22.0,69.0,0.078,34522.0
22.0,71.0,0.065,35468.0
22.0,73.0,0.066,40877.0
22.0,75.0,0.055,51304.0
22.0,77.0,0.065,44469.0
22.0,79.0,0.064,40406.0
22.0,81.0,0.068,33322.0
22.0,83.0,0.086,36666.0
22.0,85.0,0.071,39561.0
22.0,87.0,0.066,45615.0
22.0,89.0,0.057,60751.0
22.0,91.0,0.08900000000000001,35004.0
22.0,93.0,0.083,47477.0
22.0,95.0,0.073,47225.0
22.0,97.0,0.079,32683.0
22.0,99.0,0.067,46713.0
22.0,101.0,0.075,42075.0
22.0,103.0,0.053,63441.0
22.0,105.0,0.07200000000000001,39927.0
22.0,107.0,0.09699999999999999,27522.0
22.0,109.0,0.059000000000000004,49044.0
22.0,111.0,0.07,38998.0
22.0,113.0,0.068,45331.0
22.0,115.0,0.077,46682.0
22.0,117.0,0.076,29749.0
22.0,119.0,0.087,36003.0
22.0,121.0,0.055999999999999994,51550.0
22.0,123.0,0.133,33959.0
22.0,125.0,0.052000000000000005,53679.0
22.0,127.0,0.083,36644.0
23.0,1.0,0.040999999999999995,46701.0
23.0,3.0,0.06,36066.0
23.0,5.0,0.034,61436.0
23.0,7.0,0.048,41035.0
23.0,9.0,0.057,45807.0
23.0,11.0,0.042,45556.0
23.0,13.0,0.040999999999999995,50002.0
23.0,15.0,0.044000000000000004,47905.0
23.0,17.0,0.055,40120.0
23.0,19.0,0.048,42728.0
23.0,21.0,0.057999999999999996,36994.0
23.0,23.0,0.035,55630.0
23.0,25.0,0.066,39001.0
23.0,27.0,0.051,46598.0
23.0,29.0,0.066,38057.0
23.0,31.0,0.039,55482.0
24.0,1.0,0.071,39808.0
24.0,3.0,0.045,86654.0
24.0,5.0,0.054000000000000006,67766.0
24.0,9.0,0.046,92446.0
24.0,11.0,0.055999999999999994,49573.0
24.0,13.0,0.043,84500.0
24.0,15.0,0.06,62198.0
24.0,17.0,0.051,86703.0
24.0,19.0,0.07400000000000001,42279.0
24.0,21.0,0.045,83698.0
24.0,23.0,0.065,47441.0
24.0,25.0,0.05,79403.0
24.0,27.0,0.039,106871.0
24.0,29.0,0.054000000000000006,53288.0
24.0,31.0,0.04,97279.0
24.0,33.0,0.053,71904.0
24.0,35.0,0.046,80650.0
24.0,37.0,0.05,84686.0
24.0,39.0,0.083,38376.0
24.0,41.0,0.051,54836.0
24.0,43.0,0.057999999999999996,54606.0
24.0,45.0,0.068,51927.0
24.0,47.0,0.106,55691.0
24.0,510.0,0.077,41895.0
25.0,1.0,0.063,64150.0
25.0,3.0,0.055999999999999994,49890.0
25.0,5.0,0.063,57732.0
25.0,7.0,0.069,61259.0
25.0,9.0,0.052000000000000005,70074.0
25.0,11.0,0.045,53953.0
25.0,13.0,0.068,49072.0
25.0,15.0,0.044000000000000004,57737.0
25.0,17.0,0.04,84026.0
25.0,19.0,0.055,82596.0
25.0,21.0,0.043,90039.0
25.0,23.0,0.052000000000000005,74576.0
25.0,25.0,0.046,54280.0
25.0,27.0,0.053,65217.0
26.0,1.0,0.077,36377.0
26.0,3.0,0.08199999999999999,45308.0
26.0,5.0,0.04,54232.0
26.0,7.0,0.059000000000000004,38121.0
26.0,9.0,0.07200000000000001,45743.0
26.0,11.0,0.086,36460.0
26.0,13.0,0.08800000000000001,41624.0
26.0,15.0,0.040999999999999995,57235.0
26.0,17.0,0.055,46061.0
26.0,19.0,0.066,48846.0
26.0,21.0,0.05,44145.0
26.0,23.0,0.049,46371.0
26.0,25.0,0.049,45916.0
26.0,27.0,0.048,48030.0
26.0,29.0,0.057,47991.0
26.0,31.0,0.08800000000000001,41930.0
26.0,33.0,0.07400000000000001,38989.0
26.0,35.0,0.07400000000000001,34655.0
26.0,37.0,0.037000000000000005,60650.0
26.0,39.0,0.075,41101.0
26.0,41.0,0.065,43338.0
26.0,43.0,0.054000000000000006,45174.0
26.0,45.0,0.042,57088.0
26.0,47.0,0.069,50191.0
26.0,49.0,0.057999999999999996,41787.0
26.0,51.0,0.069,39721.0
26.0,53.0,0.07,33600.0
26.0,55.0,0.044000000000000004,55592.0
26.0,57.0,0.054000000000000006,43509.0
26.0,59.0,0.051,44780.0
26.0,61.0,0.06,39126.0
26.0,63.0,0.051,41678.0
26.0,65.0,0.044000000000000004,45840.0
26.0,67.0,0.044000000000000004,48681.0
26.0,69.0,0.07200000000000001,37122.0
26.0,71.0,0.067,35961.0
26.0,73.0,0.045,42431.0
26.0,75.0,0.051,46670.0
26.0,77.0,0.040999999999999995,46283.0
26.0,79.0,0.073,40709.0
26.0,81.0,0.036000000000000004,53342.0
26.0,83.0,0.087,40411.0
26.0,85.0,0.08199999999999999,30990.0
26.0,87.0,0.075,51510.0
26.0,89.0,0.05,60622.0
26.0,91.0,0.048,48194.0
26.0,93.0,0.049,74341.0
26.0,95.0,0.066,37590.0
26.0,97.0,0.09300000000000001,39359.0
26.0,99.0,0.061,54865.0
26.0,101.0,0.063,37477.0
26.0,103.0,0.057,44735.0
26.0,105.0,0.057999999999999996,42896.0
26.0,107.0,0.059000000000000004,41572.0
26.0,109.0,0.051,42191.0
26.0,111.0,0.047,51629.0
26.0,113.0,0.063,40455.0
26.0,115.0,0.044000000000000004,57719.0
26.0,117.0,0.054000000000000006,41554.0
26.0,119.0,0.096,37961.0
26.0,121.0,0.055999999999999994,42588.0
26.0,123.0,0.052000000000000005,41588.0
26.0,125.0,0.05,69378.0
26.0,127.0,0.076,41166.0
26.0,129.0,0.075,35968.0
26.0,131.0,0.09,35387.0
26.0,133.0,0.062,40235.0
26.0,135.0,0.084,33975.0
26.0,137.0,0.059000000000000004,44693.0
26.0,139.0,0.035,60577.0
26.0,141.0,0.098,39420.0
26.0,143.0,0.08800000000000001,35002.0
26.0,145.0,0.055,44548.0
26.0,147.0,0.071,50303.0
26.0,149.0,0.043,43687.0
26.0,151.0,0.063,42081.0
26.0,153.0,0.10400000000000001,39539.0
26.0,155.0,0.054000000000000006,47882.0
26.0,157.0,0.064,43186.0
26.0,159.0,0.06,46715.0
26.0,161.0,0.035,62861.0
26.0,163.0,0.073,41434.0
26.0,165.0,0.065,39807.0
27.0,1.0,0.06,40676.0
27.0,3.0,0.036000000000000004,70868.0
27.0,5.0,0.044000000000000004,51116.0
27.0,7.0,0.048,43706.0
27.0,9.0,0.044000000000000004,52531.0
27.0,11.0,0.044000000000000004,46495.0
27.0,13.0,0.03,49513.0
27.0,15.0,0.040999999999999995,52272.0
27.0,17.0,0.05,53291.0
27.0,19.0,0.032,88500.0
27.0,21.0,0.067,45179.0
27.0,23.0,0.044000000000000004,51274.0
27.0,25.0,0.042,75122.0
27.0,27.0,0.031,55560.0
27.0,29.0,0.092,43674.0
27.0,31.0,0.044000000000000004,48593.0
27.0,33.0,0.048,48176.0
27.0,35.0,0.052000000000000005,50162.0
27.0,37.0,0.033,76269.0
27.0,39.0,0.037000000000000005,68777.0
27.0,41.0,0.034,52298.0
27.0,43.0,0.044000000000000004,48163.0
27.0,45.0,0.040999999999999995,52444.0
27.0,47.0,0.038,47203.0
27.0,49.0,0.035,60869.0
27.0,51.0,0.048,48179.0
27.0,53.0,0.033,64490.0
27.0,55.0,0.038,59900.0
27.0,57.0,0.061,47944.0
27.0,59.0,0.043,65342.0
27.0,61.0,0.065,48525.0
27.0,63.0,0.04,53700.0
27.0,65.0,0.068,48908.0
27.0,67.0,0.038,57405.0
27.0,69.0,0.046,50372.0
27.0,71.0,0.081,44113.0
27.0,73.0,0.040999999999999995,48245.0
27.0,75.0,0.048,52381.0
27.0,77.0,0.044000000000000004,44727.0
27.0,79.0,0.047,61665.0
27.0,81.0,0.036000000000000004,48449.0
27.0,83.0,0.032,53552.0
27.0,85.0,0.039,60114.0
27.0,87.0,0.054000000000000006,39926.0
27.0,89.0,0.069,54433.0
27.0,91.0,0.040999999999999995,52042.0
27.0,93.0,0.042,54354.0
27.0,95.0,0.057999999999999996,48434.0
27.0,97.0,0.054000000000000006,50685.0
27.0,99.0,0.032,47537.0
27.0,101.0,0.044000000000000004,52219.0
27.0,103.0,0.027000000000000003,61279.0
27.0,105.0,0.032,50684.0
27.0,107.0,0.047,51597.0
27.0,109.0,0.03,69430.0
27.0,111.0,0.042,51510.0
27.0,113.0,0.052000000000000005,50905.0
27.0,115.0,0.055,42157.0
27.0,117.0,0.033,47164.0
27.0,119.0,0.042,50175.0
27.0,121.0,0.033,51343.0
27.0,123.0,0.035,55070.0
27.0,125.0,0.057999999999999996,48188.0
27.0,127.0,0.039,49934.0
27.0,129.0,0.048,54386.0
27.0,131.0,0.036000000000000004,60317.0
27.0,133.0,0.021,55352.0
27.0,135.0,0.040999999999999995,53838.0
27.0,137.0,0.05,49714.0
27.0,139.0,0.031,91688.0
27.0,141.0,0.04,76512.0
27.0,143.0,0.040999999999999995,59893.0
27.0,145.0,0.036000000000000004,55832.0
27.0,147.0,0.033,57850.0
27.0,149.0,0.027999999999999997,55292.0
27.0,151.0,0.06,51032.0
27.0,153.0,0.044000000000000004,43287.0
27.0,155.0,0.040999999999999995,49536.0
27.0,157.0,0.036000000000000004,58752.0
27.0,159.0,0.059000000000000004,41909.0
27.0,161.0,0.042,54183.0
27.0,163.0,0.032,84113.0
27.0,165.0,0.047,48658.0
27.0,167.0,0.034,54536.0
27.0,169.0,0.033,49365.0
27.0,171.0,0.037000000000000005,76489.0
27.0,173.0,0.038,51028.0
28.0,1.0,0.081,32327.0
28.0,3.0,0.057,35180.0
28.0,5.0,0.077,30668.0
28.0,7.0,0.077,32521.0
28.0,9.0,0.08,30665.0
28.0,11.0,0.079,29297.0
28.0,13.0,0.063,33141.0
28.0,15.0,0.084,38219.0
28.0,17.0,0.078,31616.0
28.0,19.0,0.062,34548.0
28.0,21.0,0.129,26083.0
28.0,23.0,0.08,34910.0
28.0,25.0,0.096,33939.0
28.0,27.0,0.10300000000000001,28647.0
28.0,29.0,0.073,35314.0
28.0,31.0,0.059000000000000004,31835.0
28.0,33.0,0.049,58479.0
28.0,35.0,0.064,36808.0
28.0,37.0,0.078,36544.0
28.0,39.0,0.076,44811.0
28.0,41.0,0.079,39615.0
28.0,43.0,0.061,33650.0
28.0,45.0,0.066,46288.0
28.0,47.0,0.061,41010.0
28.0,49.0,0.061,38454.0
28.0,51.0,0.121,22640.0
28.0,53.0,0.129,25562.0
28.0,55.0,0.16899999999999998,37096.0
28.0,57.0,0.057999999999999996,38366.0
28.0,59.0,0.07200000000000001,48018.0
28.0,61.0,0.079,35019.0
28.0,63.0,0.149,26408.0
28.0,65.0,0.087,28271.0
28.0,67.0,0.061,37367.0
28.0,69.0,0.10400000000000001,33015.0
28.0,71.0,0.055,40797.0
28.0,73.0,0.049,51389.0
28.0,75.0,0.067,38869.0
28.0,77.0,0.07400000000000001,38471.0
28.0,79.0,0.063,32239.0
28.0,81.0,0.055999999999999994,43374.0
28.0,83.0,0.109,26439.0
28.0,85.0,0.062,36118.0
28.0,87.0,0.071,39937.0
28.0,89.0,0.046,66671.0
28.0,91.0,0.07400000000000001,33428.0
28.0,93.0,0.073,37554.0
28.0,95.0,0.075,36810.0
28.0,97.0,0.079,31963.0
28.0,99.0,0.062,37686.0
28.0,101.0,0.062,35185.0
28.0,103.0,0.099,28730.0
28.0,105.0,0.063,34429.0
28.0,107.0,0.08800000000000001,34526.0
28.0,109.0,0.063,38465.0
28.0,111.0,0.08,32459.0
28.0,113.0,0.07400000000000001,30078.0
28.0,115.0,0.055999999999999994,40198.0
28.0,117.0,0.061,34794.0
28.0,119.0,0.10800000000000001,26204.0
28.0,121.0,0.042,58368.0
28.0,123.0,0.049,32049.0
28.0,125.0,0.099,27877.0
28.0,127.0,0.059000000000000004,34338.0
28.0,129.0,0.055,38975.0
28.0,131.0,0.075,41136.0
28.0,133.0,0.10800000000000001,29227.0
28.0,135.0,0.076,28456.0
28.0,137.0,0.07200000000000001,40975.0
28.0,139.0,0.064,37026.0
28.0,141.0,0.064,35550.0
28.0,143.0,0.092,30689.0
28.0,145.0,0.052000000000000005,37667.0
28.0,147.0,0.08199999999999999,31607.0
28.0,149.0,0.068,40397.0
28.0,151.0,0.105,30292.0
28.0,153.0,0.08,35425.0
28.0,155.0,0.073,34073.0
28.0,157.0,0.106,27596.0
28.0,159.0,0.084,34403.0
28.0,161.0,0.071,34494.0
28.0,163.0,0.08199999999999999,30313.0
29.0,1.0,0.055999999999999994,35425.0
29.0,3.0,0.042,56309.0
29.0,5.0,0.045,45997.0
29.0,7.0,0.046,41302.0
29.0,9.0,0.05,38139.0
29.0,11.0,0.054000000000000006,37581.0
29.0,13.0,0.06,41462.0
29.0,15.0,0.065,33236.0
29.0,17.0,0.055999999999999994,39033.0
29.0,19.0,0.035,50305.0
29.0,21.0,0.046,45431.0
29.0,23.0,0.062,35774.0
29.0,25.0,0.045,43111.0
29.0,27.0,0.047,49384.0
29.0,29.0,0.065,44410.0
29.0,31.0,0.043,47705.0
29.0,33.0,0.059000000000000004,39017.0
29.0,35.0,0.075,32170.0
29.0,37.0,0.048,60970.0
29.0,39.0,0.053,33631.0
29.0,41.0,0.047,43049.0
29.0,43.0,0.042,51831.0
29.0,45.0,0.071,43298.0
29.0,47.0,0.045,61598.0
29.0,49.0,0.049,51221.0
29.0,51.0,0.04,51885.0
29.0,53.0,0.057999999999999996,42166.0
29.0,55.0,0.06,37379.0
29.0,57.0,0.051,37173.0
29.0,59.0,0.062,34987.0
29.0,61.0,0.046,41610.0
29.0,63.0,0.047,42174.0
29.0,65.0,0.057999999999999996,34411.0
29.0,67.0,0.068,31805.0
29.0,69.0,0.08,31486.0
29.0,71.0,0.05,51978.0
29.0,73.0,0.042,44065.0
29.0,75.0,0.042,39444.0
29.0,77.0,0.040999999999999995,40386.0
29.0,79.0,0.040999999999999995,37911.0
29.0,81.0,0.051,37486.0
29.0,83.0,0.055,39232.0
29.0,85.0,0.067,33707.0
29.0,87.0,0.037000000000000005,41652.0
29.0,89.0,0.049,44188.0
29.0,91.0,0.064,32662.0
29.0,93.0,0.078,33091.0
29.0,95.0,0.059000000000000004,46185.0
29.0,97.0,0.042,40047.0
29.0,99.0,0.048,58976.0
29.0,101.0,0.054000000000000006,49949.0
29.0,103.0,0.039,37581.0
29.0,105.0,0.064,36895.0
29.0,107.0,0.048,48128.0
29.0,109.0,0.049,39908.0
29.0,111.0,0.049,41891.0
29.0,113.0,0.052000000000000005,53804.0
29.0,115.0,0.069,37597.0
29.0,117.0,0.043,47937.0
29.0,119.0,0.046,34863.0
29.0,121.0,0.054000000000000006,35345.0
29.0,123.0,0.057999999999999996,35363.0
29.0,125.0,0.052000000000000005,40165.0
29.0,127.0,0.044000000000000004,42088.0
29.0,129.0,0.044000000000000004,38023.0
29.0,131.0,0.06,37360.0
29.0,133.0,0.059000000000000004,30661.0
29.0,135.0,0.049,47158.0
29.0,137.0,0.053,41376.0
29.0,139.0,0.05,42105.0
29.0,141.0,0.067,36867.0
29.0,143.0,0.062,34631.0
29.0,145.0,0.045,45448.0
29.0,147.0,0.049,42956.0
29.0,149.0,0.063,29415.0
29.0,151.0,0.037000000000000005,51958.0
29.0,153.0,0.079,31025.0
29.0,155.0,0.091,32120.0
29.0,157.0,0.042,50548.0
29.0,159.0,0.053,40038.0
29.0,161.0,0.053,40710.0
29.0,163.0,0.046,44408.0
29.0,165.0,0.042,70874.0
29.0,167.0,0.052000000000000005,38344.0
29.0,169.0,0.057999999999999996,47227.0
29.0,171.0,0.04,34684.0
29.0,173.0,0.042,51738.0
29.0,175.0,0.059000000000000004,41346.0
29.0,177.0,0.054000000000000006,51986.0
29.0,179.0,0.07,31820.0
29.0,181.0,0.079,30019.0
29.0,183.0,0.039,74220.0
29.0,185.0,0.069,33986.0
29.0,186.0,0.053,46874.0
29.0,187.0,0.061,40376.0
29.0,189.0,0.046,60093.0
29.0,195.0,0.047,41112.0
29.0,197.0,0.059000000000000004,34644.0
29.0,199.0,0.045,38281.0
29.0,201.0,0.053,40532.0
29.0,203.0,0.081,27382.0
29.0,205.0,0.047,42498.0
29.0,207.0,0.066,38329.0
29.0,209.0,0.078,40642.0
29.0,211.0,0.059000000000000004,36642.0
29.0,213.0,0.08,35731.0
29.0,215.0,0.066,33755.0
29.0,217.0,0.05,40267.0
29.0,219.0,0.048,52959.0
29.0,221.0,0.066,34581.0
29.0,223.0,0.057999999999999996,30721.0
29.0,225.0,0.05,41561.0
29.0,227.0,0.032,38802.0
29.0,229.0,0.062,31600.0
29.0,510.0,0.061,35681.0
30.0,1.0,0.034,41602.0
30.0,3.0,0.066,38871.0
30.0,5.0,0.049,35740.0
30.0,7.0,0.05,49758.0
30.0,9.0,0.036000000000000004,47520.0
30.0,11.0,0.033,41466.0
30.0,13.0,0.04,42903.0
30.0,15.0,0.028999999999999998,41004.0
30.0,17.0,0.033,47493.0
30.0,19.0,0.026000000000000002,47376.0
30.0,21.0,0.031,50540.0
30.0,23.0,0.039,38178.0
30.0,25.0,0.023,59102.0
30.0,27.0,0.040999999999999995,42915.0
30.0,29.0,0.057,47351.0
30.0,31.0,0.03,51569.0
30.0,33.0,0.027000000000000003,42757.0
30.0,35.0,0.09,33428.0
30.0,37.0,0.042,37316.0
30.0,39.0,0.061,47902.0
30.0,41.0,0.042,43509.0
30.0,43.0,0.04,61575.0
30.0,45.0,0.035,43272.0
30.0,47.0,0.049,38221.0
30.0,49.0,0.033,53572.0
30.0,51.0,0.026000000000000002,37911.0
30.0,53.0,0.1,36734.0
30.0,55.0,0.021,43132.0
30.0,57.0,0.036000000000000004,41539.0
30.0,59.0,0.035,36903.0
30.0,61.0,0.08199999999999999,36449.0
30.0,63.0,0.039,44716.0
30.0,65.0,0.042,39827.0
30.0,67.0,0.048,42942.0
30.0,69.0,0.051,35092.0
30.0,71.0,0.05,41595.0
30.0,73.0,0.045,39292.0
30.0,75.0,0.025,44644.0
30.0,77.0,0.045,40072.0
30.0,79.0,0.040999999999999995,40140.0
30.0,81.0,0.052000000000000005,42902.0
30.0,83.0,0.032,65738.0
30.0,85.0,0.052000000000000005,37511.0
30.0,87.0,0.053,50751.0
30.0,89.0,0.08199999999999999,32815.0
30.0,91.0,0.025,52711.0
30.0,93.0,0.043,39882.0
30.0,95.0,0.037000000000000005,60812.0
30.0,97.0,0.027999999999999997,45e3
30.0,99.0,0.038,46208.0
30.0,101.0,0.034,45207.0
30.0,103.0,0.05,47089.0
30.0,105.0,0.031,46328.0
30.0,107.0,0.054000000000000006,35875.0
30.0,109.0,0.033,43859.0
30.0,111.0,0.033,51653.0
31.0,1.0,0.031,48658.0
31.0,3.0,0.025,50919.0
31.0,5.0,0.044000000000000004,43408.0
31.0,7.0,0.034,48990.0
31.0,9.0,0.044000000000000004,38228.0
31.0,11.0,0.025,52914.0
31.0,13.0,0.031,55465.0
31.0,15.0,0.026000000000000002,39964.0
31.0,17.0,0.037000000000000005,42348.0
31.0,19.0,0.024,51550.0
31.0,21.0,0.036000000000000004,49345.0
31.0,23.0,0.027999999999999997,54240.0
31.0,25.0,0.033,66522.0
31.0,27.0,0.024,54421.0
31.0,29.0,0.019,52749.0
31.0,31.0,0.023,43564.0
31.0,33.0,0.022000000000000002,55964.0
31.0,35.0,0.028999999999999998,55758.0
31.0,37.0,0.026000000000000002,50758.0
31.0,39.0,0.026000000000000002,56047.0
31.0,41.0,0.022000000000000002,45644.0
31.0,43.0,0.035,50289.0
31.0,45.0,0.026000000000000002,40667.0
31.0,47.0,0.032,47366.0
31.0,49.0,0.025,44109.0
31.0,51.0,0.033,52601.0
31.0,53.0,0.033,50043.0
31.0,55.0,0.033,52842.0
31.0,57.0,0.021,45624.0
31.0,59.0,0.028999999999999998,54556.0
31.0,61.0,0.024,44794.0
31.0,63.0,0.025,48543.0
31.0,65.0,0.027000000000000003,44461.0
31.0,67.0,0.036000000000000004,50861.0
31.0,69.0,0.024,38645.0
31.0,71.0,0.024,40436.0
31.0,73.0,0.025,55319.0
31.0,75.0,0.023,47537.0
31.0,77.0,0.031,43858.0
31.0,79.0,0.039,48499.0
31.0,81.0,0.028999999999999998,62191.0
31.0,83.0,0.022000000000000002,46744.0
31.0,85.0,0.024,48856.0
31.0,87.0,0.032,40496.0
31.0,89.0,0.024,46667.0
31.0,91.0,0.040999999999999995,40732.0
31.0,93.0,0.036000000000000004,51040.0
31.0,95.0,0.027000000000000003,44947.0
31.0,97.0,0.033,48511.0
31.0,99.0,0.022000000000000002,56791.0
31.0,101.0,0.026000000000000002,45192.0
31.0,103.0,0.022000000000000002,41138.0
31.0,105.0,0.036000000000000004,45771.0
31.0,107.0,0.032,42745.0
31.0,109.0,0.026000000000000002,52011.0
31.0,111.0,0.028999999999999998,49770.0
31.0,113.0,0.027999999999999997,50761.0
31.0,115.0,0.034,49132.0
31.0,117.0,0.019,62280.0
31.0,119.0,0.027000000000000003,51836.0
31.0,121.0,0.037000000000000005,50893.0
31.0,123.0,0.028999999999999998,46961.0
31.0,125.0,0.025,48535.0
31.0,127.0,0.037000000000000005,49162.0
31.0,129.0,0.025,43249.0
31.0,131.0,0.033,51527.0
31.0,133.0,0.026000000000000002,42977.0
31.0,135.0,0.018000000000000002,56080.0
31.0,137.0,0.024,54137.0
31.0,139.0,0.025,53489.0
31.0,141.0,0.03,61768.0
31.0,143.0,0.025,58162.0
31.0,145.0,0.026000000000000002,43842.0
31.0,147.0,0.032,44282.0
31.0,149.0,0.026000000000000002,46051.0
31.0,151.0,0.028999999999999998,51805.0
31.0,153.0,0.027999999999999997,74008.0
31.0,155.0,0.03,61961.0
31.0,157.0,0.034,47194.0
31.0,159.0,0.028999999999999998,61802.0
31.0,161.0,0.027000000000000003,40351.0
31.0,163.0,0.028999999999999998,43883.0
31.0,165.0,0.025,47313.0
31.0,167.0,0.026000000000000002,55955.0
31.0,169.0,0.024,49517.0
31.0,171.0,0.03,39537.0
31.0,173.0,0.053,41344.0
31.0,175.0,0.027999999999999997,44726.0
31.0,177.0,0.03,69191.0
31.0,179.0,0.026000000000000002,53290.0
31.0,181.0,0.036000000000000004,40979.0
31.0,183.0,0.025,45400.0
31.0,185.0,0.028999999999999998,51335.0
32.0,1.0,0.07,46840.0
32.0,3.0,0.068,51241.0
32.0,5.0,0.068,60322.0
32.0,7.0,0.052000000000000005,72648.0
32.0,9.0,0.046,47180.0
32.0,11.0,0.06,70535.0
32.0,13.0,0.059000000000000004,67423.0
32.0,15.0,0.065,74347.0
32.0,17.0,0.062,45629.0
32.0,19.0,0.094,48576.0
32.0,21.0,0.105,40714.0
32.0,23.0,0.087,42881.0
32.0,27.0,0.068,52001.0
32.0,29.0,0.073,55291.0
32.0,31.0,0.062,52862.0
32.0,33.0,0.054000000000000006,57243.0
32.0,510.0,0.073,45639.0
33.0,1.0,0.033,59831.0
33.0,3.0,0.036000000000000004,57556.0
33.0,5.0,0.032,56008.0
33.0,7.0,0.047,42491.0
33.0,9.0,0.028999999999999998,56353.0
33.0,11.0,0.036000000000000004,71233.0
33.0,13.0,0.031,62429.0
33.0,15.0,0.036000000000000004,79653.0
33.0,17.0,0.031,58577.0
33.0,19.0,0.028999999999999998,57142.0
34.0,1.0,0.094,54208.0
34.0,3.0,0.046,84309.0
34.0,5.0,0.052000000000000005,80479.0
34.0,7.0,0.063,61685.0
34.0,9.0,0.109,55409.0
34.0,11.0,0.087,45438.0
34.0,13.0,0.067,54603.0
34.0,15.0,0.059000000000000004,78983.0
34.0,17.0,0.053,57720.0
34.0,19.0,0.040999999999999995,103876.0
34.0,21.0,0.048,73750.0
34.0,23.0,0.05,77330.0
34.0,25.0,0.05,87220.0
34.0,27.0,0.042,100511.0
34.0,29.0,0.06,62937.0
34.0,31.0,0.069,58030.0
34.0,33.0,0.071,56645.0
34.0,35.0,0.044000000000000004,100194.0
34.0,37.0,0.052000000000000005,82048.0
34.0,39.0,0.059000000000000004,68172.0
34.0,41.0,0.052000000000000005,71294.0
35.0,1.0,0.059000000000000004,47192.0
35.0,3.0,0.08,33256.0
35.0,5.0,0.064,38403.0
35.0,6.0,0.079,35081.0
35.0,7.0,0.061,37156.0
35.0,9.0,0.049,42620.0
35.0,11.0,0.05,33789.0
35.0,13.0,0.07400000000000001,38974.0
35.0,15.0,0.049,57007.0
35.0,17.0,0.066,38221.0
35.0,19.0,0.071,29147.0
35.0,21.0,0.086,40380.0
35.0,23.0,0.063,34304.0
35.0,25.0,0.062,58994.0
35.0,27.0,0.057999999999999996,39995.0
35.0,28.0,0.040999999999999995,108477.0
35.0,29.0,0.17600000000000002,27268.0
35.0,31.0,0.09699999999999999,29497.0
35.0,33.0,0.09699999999999999,27627.0
35.0,35.0,0.062,41736.0
35.0,37.0,0.07200000000000001,29069.0
35.0,39.0,0.08,34902.0
35.0,41.0,0.055,36108.0
35.0,43.0,0.067,56142.0
35.0,45.0,0.07,47520.0
35.0,47.0,0.077,32964.0
35.0,49.0,0.054000000000000006,52628.0
35.0,51.0,0.091,29036.0
35.0,53.0,0.076,32285.0
35.0,55.0,0.09300000000000001,36125.0
35.0,57.0,0.09,37311.0
35.0,59.0,0.044000000000000004,36684.0
35.0,61.0,0.075,40591.0
36.0,1.0,0.044000000000000004,60371.0
36.0,3.0,0.057999999999999996,42655.0
36.0,5.0,0.077,33687.0
36.0,7.0,0.06,46283.0
36.0,9.0,0.062,43892.0
36.0,11.0,0.054000000000000006,52792.0
36.0,13.0,0.061,41757.0
36.0,15.0,0.059000000000000004,48880.0
36.0,17.0,0.055999999999999994,46387.0
36.0,19.0,0.059000000000000004,51576.0
36.0,21.0,0.040999999999999995,55047.0
36.0,23.0,0.059000000000000004,48357.0
36.0,25.0,0.06,45860.0
36.0,27.0,0.046,70925.0
36.0,29.0,0.054000000000000006,50134.0
36.0,31.0,0.061,50182.0
36.0,33.0,0.065,45704.0
36.0,35.0,0.066,45409.0
36.0,37.0,0.05,52410.0
36.0,39.0,0.057,52597.0
36.0,41.0,0.068,49137.0
36.0,43.0,0.063,44148.0
36.0,45.0,0.067,49781.0
36.0,47.0,0.059000000000000004,47547.0
36.0,49.0,0.071,47542.0
36.0,51.0,0.054000000000000006,49920.0
36.0,53.0,0.057,51600.0
36.0,55.0,0.052000000000000005,51371.0
36.0,57.0,0.067,40923.0
36.0,59.0,0.043,98312.0
36.0,61.0,0.048,75459.0
36.0,63.0,0.062,49274.0
36.0,65.0,0.054000000000000006,48350.0
36.0,67.0,0.05,52892.0
36.0,69.0,0.048,58473.0
36.0,71.0,0.047,69228.0
36.0,73.0,0.065,46577.0
36.0,75.0,0.07200000000000001,46926.0
36.0,77.0,0.053,43104.0
36.0,79.0,0.043,94334.0
36.0,81.0,0.05,56866.0
36.0,83.0,0.047,59925.0
36.0,85.0,0.057999999999999996,70299.0
36.0,87.0,0.046,83162.0
36.0,89.0,0.069,43518.0
36.0,91.0,0.042,71885.0
36.0,93.0,0.048,56508.0
36.0,95.0,0.057999999999999996,48718.0
36.0,97.0,0.066,48135.0
36.0,99.0,0.052000000000000005,49809.0
36.0,101.0,0.064,46849.0
36.0,103.0,0.048,85886.0
36.0,105.0,0.055,48908.0
36.0,107.0,0.055999999999999994,52195.0
36.0,109.0,0.040999999999999995,51880.0
36.0,111.0,0.049,56718.0
36.0,113.0,0.055999999999999994,54585.0
36.0,115.0,0.051,47547.0
36.0,117.0,0.054000000000000006,49191.0
36.0,119.0,0.046,83152.0
36.0,121.0,0.057,53783.0
36.0,123.0,0.05,48368.0
37.0,1.0,0.053,41296.0
37.0,3.0,0.05,43043.0
37.0,5.0,0.062,35266.0
37.0,7.0,0.066,32508.0
37.0,9.0,0.06,36488.0
37.0,11.0,0.06,37131.0
37.0,13.0,0.066,40357.0
37.0,15.0,0.073,31217.0
37.0,17.0,0.08,33521.0
37.0,19.0,0.07200000000000001,47387.0
37.0,21.0,0.043,47296.0
37.0,23.0,0.057,39275.0
37.0,25.0,0.052000000000000005,55250.0
37.0,27.0,0.063,38653.0
37.0,29.0,0.057999999999999996,61730.0
37.0,31.0,0.059000000000000004,48824.0
37.0,33.0,0.064,42730.0
37.0,35.0,0.055999999999999994,45080.0
37.0,37.0,0.048,56797.0
37.0,39.0,0.065,34620.0
37.0,41.0,0.07200000000000001,38887.0
37.0,43.0,0.061,37072.0
37.0,45.0,0.065,39444.0
37.0,47.0,0.076,34321.0
37.0,49.0,0.061,43972.0
37.0,51.0,0.07400000000000001,42582.0
37.0,53.0,0.059000000000000004,58024.0
37.0,55.0,0.075,54642.0
37.0,57.0,0.055,43346.0
37.0,59.0,0.05,47592.0
37.0,61.0,0.057999999999999996,34109.0
37.0,63.0,0.05,50745.0
37.0,65.0,0.096,31615.0
37.0,67.0,0.055,45944.0
37.0,69.0,0.059000000000000004,48166.0
37.0,71.0,0.06,42056.0
37.0,73.0,0.055,48413.0
37.0,75.0,0.121,33824.0
37.0,77.0,0.05,49342.0
37.0,79.0,0.055,37263.0
37.0,81.0,0.059000000000000004,44828.0
37.0,83.0,0.08900000000000001,31674.0
37.0,85.0,0.067,45380.0
37.0,87.0,0.052000000000000005,42812.0
37.0,89.0,0.047,47286.0
37.0,91.0,0.071,30056.0
37.0,93.0,0.081,44175.0
37.0,95.0,0.091,36891.0
37.0,97.0,0.055,54026.0
37.0,99.0,0.061,38130.0
37.0,101.0,0.052000000000000005,50055.0
37.0,103.0,0.057999999999999996,38928.0
37.0,105.0,0.073,46073.0
37.0,107.0,0.064,35991.0
37.0,109.0,0.054000000000000006,49676.0
37.0,111.0,0.055,37881.0
37.0,113.0,0.062,37884.0
37.0,115.0,0.057,38445.0
37.0,117.0,0.077,35930.0
37.0,119.0,0.054000000000000006,59049.0
37.0,121.0,0.069,36795.0
37.0,123.0,0.057,38530.0
37.0,125.0,0.057999999999999996,51650.0
37.0,127.0,0.073,43348.0
37.0,129.0,0.053,49905.0
37.0,131.0,0.076,32063.0
37.0,133.0,0.06,47201.0
37.0,135.0,0.046,60304.0
37.0,137.0,0.061,43097.0
37.0,139.0,0.07400000000000001,44596.0
37.0,141.0,0.061,45453.0
37.0,143.0,0.071,41328.0
37.0,145.0,0.067,45841.0
37.0,147.0,0.061,41765.0
37.0,149.0,0.051,45464.0
37.0,151.0,0.057,41770.0
37.0,153.0,0.079,34665.0
37.0,155.0,0.085,30414.0
37.0,157.0,0.066,39606.0
37.0,159.0,0.06,44973.0
37.0,161.0,0.078,35629.0
37.0,163.0,0.06,33876.0
37.0,165.0,0.107,32782.0
37.0,167.0,0.053,41921.0
37.0,169.0,0.054000000000000006,45065.0
37.0,171.0,0.055,37915.0
37.0,173.0,0.079,34788.0
37.0,175.0,0.055,44490.0
37.0,177.0,0.094,32773.0
37.0,179.0,0.048,64381.0
37.0,181.0,0.086,33609.0
37.0,183.0,0.047,66950.0
37.0,185.0,0.084,33869.0
37.0,187.0,0.08800000000000001,32867.0
37.0,189.0,0.049,41942.0
37.0,191.0,0.061,36890.0
37.0,193.0,0.057,33398.0
37.0,195.0,0.096,39268.0
37.0,197.0,0.05,40801.0
37.0,199.0,0.059000000000000004,35974.0
38.0,1.0,0.028999999999999998,45710.0
38.0,3.0,0.032,52376.0
38.0,5.0,0.045,39342.0
38.0,7.0,0.03,75096.0
38.0,9.0,0.043,56965.0
38.0,11.0,0.018000000000000002,60946.0
38.0,13.0,0.032,62875.0
38.0,15.0,0.023,66734.0
38.0,17.0,0.022000000000000002,53755.0
38.0,19.0,0.027000000000000003,54057.0
38.0,21.0,0.018000000000000002,51817.0
38.0,23.0,0.018000000000000002,67344.0
38.0,25.0,0.019,72018.0
38.0,27.0,0.046,47596.0
38.0,29.0,0.049,44282.0
38.0,31.0,0.028999999999999998,54593.0
38.0,33.0,0.022000000000000002,53420.0
38.0,35.0,0.024,50435.0
38.0,37.0,0.031,39679.0
38.0,39.0,0.023,51192.0
38.0,41.0,0.024,50038.0
38.0,43.0,0.036000000000000004,46923.0
38.0,45.0,0.024,53721.0
38.0,47.0,0.027000000000000003,44696.0
38.0,49.0,0.042,48887.0
38.0,51.0,0.031,40258.0
38.0,53.0,0.023,81209.0
38.0,55.0,0.036000000000000004,56616.0
38.0,57.0,0.042,74047.0
38.0,59.0,0.03,54637.0
38.0,61.0,0.019,66807.0
38.0,63.0,0.037000000000000005,45040.0
38.0,65.0,0.057,62010.0
38.0,67.0,0.053,56298.0
38.0,69.0,0.042,39572.0
38.0,71.0,0.034,51097.0
38.0,73.0,0.024,56270.0
38.0,75.0,0.033,60957.0
38.0,77.0,0.027000000000000003,57177.0
38.0,79.0,0.10099999999999999,35630.0
38.0,81.0,0.018000000000000002,58467.0
38.0,83.0,0.049,44990.0
38.0,85.0,0.042,33950.0
38.0,87.0,0.026000000000000002,55664.0
38.0,89.0,0.026000000000000002,76672.0
38.0,91.0,0.022000000000000002,59408.0
38.0,93.0,0.025,53333.0
38.0,95.0,0.027000000000000003,51961.0
38.0,97.0,0.027999999999999997,58995.0
38.0,99.0,0.040999999999999995,51754.0
38.0,101.0,0.031,62526.0
38.0,103.0,0.039,51470.0
38.0,105.0,0.022000000000000002,86354.0
39.0,1.0,0.079,34116.0
39.0,3.0,0.048,43602.0
39.0,5.0,0.051,47369.0
39.0,7.0,0.06,39757.0
39.0,9.0,0.062,34216.0
39.0,11.0,0.037000000000000005,52650.0
39.0,13.0,0.063,41983.0
39.0,15.0,0.062,46484.0
39.0,17.0,0.046,58558.0
39.0,19.0,0.059000000000000004,46177.0
39.0,21.0,0.044000000000000004,50302.0
39.0,23.0,0.05,42029.0
39.0,25.0,0.045,62158.0
39.0,27.0,0.061,49453.0
39.0,29.0,0.059000000000000004,42645.0
39.0,31.0,0.063,41547.0
39.0,33.0,0.057999999999999996,39881.0
39.0,35.0,0.05,44138.0
39.0,37.0,0.042,46610.0
39.0,39.0,0.049,53026.0
39.0,41.0,0.035,97802.0
39.0,43.0,0.055999999999999994,49234.0
39.0,45.0,0.043,59921.0
39.0,47.0,0.049,44947.0
39.0,49.0,0.040999999999999995,53164.0
39.0,51.0,0.049,54666.0
39.0,53.0,0.065,36675.0
39.0,55.0,0.04,72264.0
39.0,57.0,0.044000000000000004,59382.0
39.0,59.0,0.063,41940.0
39.0,61.0,0.045,48973.0
39.0,63.0,0.037000000000000005,51498.0
39.0,65.0,0.047,45195.0
39.0,67.0,0.063,42582.0
39.0,69.0,0.055999999999999994,53645.0
39.0,71.0,0.063,41611.0
39.0,73.0,0.055,42374.0
39.0,75.0,0.034,50069.0
39.0,77.0,0.066,47824.0
39.0,79.0,0.075,41161.0
39.0,81.0,0.07400000000000001,40148.0
39.0,83.0,0.047,46908.0
39.0,85.0,0.044000000000000004,58697.0
39.0,87.0,0.057999999999999996,41608.0
39.0,89.0,0.044000000000000004,57308.0
39.0,91.0,0.040999999999999995,50753.0
39.0,93.0,0.054000000000000006,52331.0
39.0,95.0,0.053,42344.0
39.0,97.0,0.04,52996.0
39.0,99.0,0.061,41316.0
39.0,101.0,0.051,42240.0
39.0,103.0,0.04,68405.0
39.0,105.0,0.083,38081.0
39.0,107.0,0.033,52606.0
39.0,109.0,0.044000000000000004,51868.0
39.0,111.0,0.1,40646.0
39.0,113.0,0.05,42994.0
39.0,115.0,0.073,37923.0
39.0,117.0,0.05,49846.0
39.0,119.0,0.061,41814.0
39.0,121.0,0.07400000000000001,43953.0
39.0,123.0,0.066,50345.0
39.0,125.0,0.048,47358.0
39.0,127.0,0.065,43341.0
39.0,129.0,0.047,54868.0
39.0,131.0,0.07400000000000001,40512.0
39.0,133.0,0.049,52047.0
39.0,135.0,0.048,49516.0
39.0,137.0,0.039,56519.0
39.0,139.0,0.055999999999999994,41948.0
39.0,141.0,0.053,42466.0
39.0,143.0,0.048,46447.0
39.0,145.0,0.077,37625.0
39.0,147.0,0.048,45003.0
39.0,149.0,0.043,50774.0
39.0,151.0,0.053,47745.0
39.0,153.0,0.049,50453.0
39.0,155.0,0.065,43160.0
39.0,157.0,0.054000000000000006,46128.0
39.0,159.0,0.038,69900.0
39.0,161.0,0.040999999999999995,49565.0
39.0,163.0,0.066,37633.0
39.0,165.0,0.040999999999999995,72973.0
39.0,167.0,0.06,45048.0
39.0,169.0,0.039,50106.0
39.0,171.0,0.044000000000000004,42214.0
39.0,173.0,0.043,54996.0
39.0,175.0,0.037000000000000005,47905.0
40.0,1.0,0.059000000000000004,31386.0
40.0,3.0,0.028999999999999998,51885.0
40.0,5.0,0.064,35910.0
40.0,7.0,0.027000000000000003,56664.0
40.0,9.0,0.048,46625.0
40.0,11.0,0.037000000000000005,44309.0
40.0,13.0,0.044000000000000004,38187.0
40.0,15.0,0.05,39933.0
40.0,17.0,0.035,68421.0
40.0,19.0,0.044000000000000004,44402.0
40.0,21.0,0.05,38027.0
40.0,23.0,0.07400000000000001,29652.0
40.0,25.0,0.022000000000000002,41800.0
40.0,27.0,0.034,58205.0
40.0,29.0,0.07400000000000001,36566.0
40.0,31.0,0.042,46071.0
40.0,33.0,0.04,41469.0
40.0,35.0,0.046,36953.0
40.0,37.0,0.048,46614.0
40.0,39.0,0.039,45574.0
40.0,41.0,0.048,36424.0
40.0,43.0,0.036000000000000004,50348.0
40.0,45.0,0.039,52032.0
40.0,47.0,0.039,49136.0
40.0,49.0,0.045,40774.0
40.0,51.0,0.043,51199.0
40.0,53.0,0.027999999999999997,49774.0
40.0,55.0,0.054000000000000006,34872.0
40.0,57.0,0.034,33750.0
40.0,59.0,0.028999999999999998,49204.0
40.0,61.0,0.076,35313.0
40.0,63.0,0.07200000000000001,34837.0
40.0,65.0,0.04,41370.0
40.0,67.0,0.055,32645.0
40.0,69.0,0.064,35977.0
40.0,71.0,0.055,41514.0
40.0,73.0,0.03,59525.0
40.0,75.0,0.045,36699.0
40.0,77.0,0.079,35522.0
40.0,79.0,0.067,36627.0
40.0,81.0,0.045,46083.0
40.0,83.0,0.037000000000000005,55602.0
40.0,85.0,0.034,52662.0
40.0,87.0,0.036000000000000004,58392.0
40.0,89.0,0.077,34964.0
40.0,91.0,0.084,33450.0
40.0,93.0,0.031,54107.0
40.0,95.0,0.053,38517.0
40.0,97.0,0.042,41806.0
40.0,99.0,0.040999999999999995,43783.0
40.0,101.0,0.05,41015.0
40.0,103.0,0.034,46874.0
40.0,105.0,0.055,39706.0
40.0,107.0,0.057,34172.0
40.0,109.0,0.038,48226.0
40.0,111.0,0.064,38183.0
40.0,113.0,0.051,48014.0
40.0,115.0,0.05,35580.0
40.0,117.0,0.055999999999999994,43476.0
40.0,119.0,0.034,41037.0
40.0,121.0,0.055,39900.0
40.0,123.0,0.039,41423.0
40.0,125.0,0.043,45710.0
40.0,127.0,0.076,32215.0
40.0,129.0,0.04,56139.0
40.0,131.0,0.042,56465.0
40.0,133.0,0.066,35964.0
40.0,135.0,0.061,35592.0
40.0,137.0,0.057,42967.0
40.0,139.0,0.031,49780.0
40.0,141.0,0.042,35274.0
40.0,143.0,0.04,50507.0
40.0,145.0,0.04,58921.0
40.0,147.0,0.042,49056.0
40.0,149.0,0.053,47391.0
40.0,151.0,0.026000000000000002,48831.0
40.0,153.0,0.049,56067.0
41.0,1.0,0.069,38966.0
41.0,3.0,0.043,54089.0
41.0,5.0,0.052000000000000005,65555.0
41.0,7.0,0.055999999999999994,45132.0
41.0,9.0,0.07200000000000001,57517.0
41.0,11.0,0.076,39956.0
41.0,13.0,0.085,38155.0
41.0,15.0,0.085,40524.0
41.0,17.0,0.06,52387.0
41.0,19.0,0.077,41504.0
41.0,21.0,0.065,51978.0
41.0,23.0,0.08900000000000001,41304.0
41.0,25.0,0.073,36340.0
41.0,27.0,0.047,54063.0
41.0,29.0,0.069,44835.0
41.0,31.0,0.07400000000000001,42753.0
41.0,33.0,0.079,37230.0
41.0,35.0,0.08,39234.0
41.0,37.0,0.078,40328.0
41.0,39.0,0.059000000000000004,44976.0
41.0,41.0,0.068,40226.0
41.0,43.0,0.069,44358.0
41.0,45.0,0.065,35094.0
41.0,47.0,0.061,48554.0
41.0,49.0,0.057999999999999996,51839.0
41.0,51.0,0.05,53519.0
41.0,53.0,0.057,52626.0
41.0,55.0,0.063,53277.0
41.0,57.0,0.057999999999999996,41662.0
41.0,59.0,0.065,44780.0
41.0,61.0,0.063,44841.0
41.0,63.0,0.079,39743.0
41.0,65.0,0.057,44010.0
41.0,67.0,0.048,66315.0
41.0,69.0,0.052000000000000005,33387.0
41.0,71.0,0.053,52903.0
42.0,1.0,0.040999999999999995,60179.0
42.0,3.0,0.048,52385.0
42.0,5.0,0.064,44326.0
42.0,7.0,0.059000000000000004,51041.0
42.0,9.0,0.059000000000000004,46890.0
42.0,11.0,0.048,55936.0
42.0,13.0,0.05,43343.0
42.0,15.0,0.057,47242.0
42.0,17.0,0.045,77823.0
42.0,19.0,0.046,60851.0
42.0,21.0,0.064,42703.0
42.0,23.0,0.07,40257.0
42.0,25.0,0.057999999999999996,49252.0
42.0,27.0,0.038,51573.0
42.0,29.0,0.037000000000000005,85613.0
42.0,31.0,0.057,43202.0
42.0,33.0,0.064,40230.0
42.0,35.0,0.067,44224.0
42.0,37.0,0.055,46938.0
42.0,39.0,0.05,43969.0
42.0,41.0,0.039,62692.0
42.0,43.0,0.045,52967.0
42.0,45.0,0.047,62867.0
42.0,47.0,0.048,46965.0
42.0,49.0,0.053,45476.0
42.0,51.0,0.07200000000000001,36902.0
42.0,53.0,0.077,37794.0
42.0,55.0,0.048,50434.0
42.0,57.0,0.06,48084.0
42.0,59.0,0.057999999999999996,49897.0
42.0,61.0,0.068,44531.0
42.0,63.0,0.061,42611.0
42.0,65.0,0.059000000000000004,43810.0
42.0,67.0,0.048,48944.0
42.0,69.0,0.057,45098.0
42.0,71.0,0.04,57369.0
42.0,73.0,0.061,44903.0
42.0,75.0,0.044000000000000004,53861.0
42.0,77.0,0.052000000000000005,58283.0
42.0,79.0,0.063,44222.0
42.0,81.0,0.059000000000000004,45211.0
42.0,83.0,0.059000000000000004,44723.0
42.0,85.0,0.053,43559.0
42.0,87.0,0.055999999999999994,40957.0
42.0,89.0,0.063,59492.0
42.0,91.0,0.04,79576.0
42.0,93.0,0.042,54547.0
42.0,95.0,0.051,61510.0
42.0,97.0,0.059000000000000004,40429.0
42.0,99.0,0.043,54920.0
42.0,101.0,0.069,39037.0
42.0,103.0,0.063,58375.0
42.0,105.0,0.068,40323.0
42.0,107.0,0.061,43169.0
42.0,109.0,0.045,49117.0
42.0,111.0,0.066,45706.0
42.0,113.0,0.06,44191.0
42.0,115.0,0.054000000000000006,49552.0
42.0,117.0,0.063,47360.0
42.0,119.0,0.043,47996.0
42.0,121.0,0.057999999999999996,43810.0
42.0,123.0,0.048,44651.0
42.0,125.0,0.054000000000000006,55796.0
42.0,127.0,0.057,48663.0
42.0,129.0,0.052000000000000005,53536.0
42.0,131.0,0.059000000000000004,55882.0
42.0,133.0,0.046,58471.0
44.0,1.0,0.051,68246.0
44.0,3.0,0.055,61923.0
44.0,5.0,0.052000000000000005,69203.0
44.0,7.0,0.064,47278.0
44.0,9.0,0.055,70705.0
45.0,1.0,0.069,35525.0
45.0,3.0,0.059000000000000004,48537.0
45.0,5.0,0.114,25530.0
45.0,7.0,0.054000000000000006,43124.0
45.0,9.0,0.105,30349.0
45.0,11.0,0.08900000000000001,32205.0
45.0,13.0,0.054000000000000006,55427.0
45.0,15.0,0.055,52436.0
45.0,17.0,0.07,41209.0
45.0,19.0,0.048,52752.0
45.0,21.0,0.07200000000000001,38947.0
45.0,23.0,0.083,37537.0
45.0,25.0,0.061,34949.0
45.0,27.0,0.078,32268.0
45.0,29.0,0.07,35558.0
45.0,31.0,0.07400000000000001,35640.0
45.0,33.0,0.087,30516.0
45.0,35.0,0.054000000000000006,56388.0
45.0,37.0,0.064,44129.0
45.0,39.0,0.08,35490.0
45.0,41.0,0.066,42232.0
45.0,43.0,0.084,44283.0
45.0,45.0,0.05,49659.0
45.0,47.0,0.063,38878.0
45.0,49.0,0.085,33644.0
45.0,51.0,0.07,42830.0
45.0,53.0,0.051,37715.0
45.0,55.0,0.06,45411.0
45.0,57.0,0.063,44854.0
45.0,59.0,0.065,38268.0
45.0,61.0,0.085,31510.0
45.0,63.0,0.048,54098.0
45.0,65.0,0.07200000000000001,38694.0
45.0,67.0,0.1,32283.0
45.0,69.0,0.10099999999999999,31170.0
45.0,71.0,0.053,42e3
45.0,73.0,0.057999999999999996,39548.0
45.0,75.0,0.107,31382.0
45.0,77.0,0.057999999999999996,41375.0
45.0,79.0,0.057,49782.0
45.0,81.0,0.052000000000000005,42286.0
45.0,83.0,0.057,44050.0
45.0,85.0,0.069,37906.0
45.0,87.0,0.078,37501.0
45.0,89.0,0.092,29609.0
45.0,91.0,0.055,54196.0
46.0,3.0,0.022000000000000002,50896.0
46.0,5.0,0.027000000000000003,49583.0
46.0,7.0,0.052000000000000005,34326.0
46.0,9.0,0.027000000000000003,47987.0
46.0,11.0,0.028999999999999998,52930.0
46.0,13.0,0.027000000000000003,53150.0
46.0,15.0,0.027000000000000003,47224.0
46.0,17.0,0.07400000000000001,21658.0
46.0,19.0,0.034,41446.0
46.0,21.0,0.03,49895.0
46.0,23.0,0.035,41395.0
46.0,25.0,0.037000000000000005,48024.0
46.0,27.0,0.031,43453.0
46.0,29.0,0.031,52892.0
46.0,31.0,0.052000000000000005,31420.0
46.0,33.0,0.043,51244.0
46.0,35.0,0.026000000000000002,48675.0
46.0,37.0,0.049,43305.0
46.0,39.0,0.05,51246.0
46.0,41.0,0.115,34936.0
46.0,43.0,0.025,49251.0
46.0,45.0,0.025,57148.0
46.0,47.0,0.045,42007.0
46.0,49.0,0.027000000000000003,46633.0
46.0,51.0,0.03,52816.0
46.0,53.0,0.032,36836.0
46.0,55.0,0.023,43699.0
46.0,57.0,0.034,53944.0
46.0,59.0,0.024,51201.0
46.0,61.0,0.033,61945.0
46.0,63.0,0.024,49220.0
46.0,65.0,0.025,58340.0
46.0,67.0,0.025,48879.0
46.0,69.0,0.03,49184.0
46.0,71.0,0.043,31922.0
46.0,73.0,0.023,48773.0
46.0,75.0,0.03,44876.0
46.0,77.0,0.03,51837.0
46.0,79.0,0.036000000000000004,53175.0
46.0,81.0,0.033,45945.0
46.0,83.0,0.023,79857.0
46.0,85.0,0.048,40639.0
46.0,87.0,0.024,57741.0
46.0,89.0,0.034,38469.0
46.0,91.0,0.039,50155.0
46.0,93.0,0.032,54771.0
46.0,95.0,0.053,34237.0
46.0,97.0,0.025,49159.0
46.0,99.0,0.027000000000000003,55107.0
46.0,101.0,0.035,53654.0
46.0,102.0,0.11599999999999999,27244.0
46.0,103.0,0.032,48379.0
46.0,105.0,0.032,39936.0
46.0,107.0,0.033,52758.0
46.0,109.0,0.044000000000000004,45911.0
46.0,111.0,0.026000000000000002,46281.0
46.0,115.0,0.031,48125.0
46.0,117.0,0.024,67172.0
46.0,119.0,0.025,59879.0
46.0,121.0,0.07400000000000001,27481.0
46.0,123.0,0.027000000000000003,40545.0
46.0,125.0,0.027000000000000003,55708.0
46.0,127.0,0.034,72041.0
46.0,129.0,0.055,41831.0
46.0,135.0,0.026000000000000002,47363.0
46.0,137.0,0.05,32025.0
47.0,1.0,0.06,46689.0
47.0,3.0,0.066,42252.0
47.0,5.0,0.078,34382.0
47.0,7.0,0.079,34948.0
47.0,9.0,0.053,47175.0
47.0,11.0,0.054000000000000006,43065.0
47.0,13.0,0.081,33333.0
47.0,15.0,0.057999999999999996,41068.0
47.0,17.0,0.086,36627.0
47.0,19.0,0.066,34354.0
47.0,21.0,0.049,51475.0
47.0,23.0,0.061,40980.0
47.0,25.0,0.073,33640.0
47.0,27.0,0.09,30744.0
47.0,29.0,0.079,30860.0
47.0,31.0,0.055999999999999994,45235.0
47.0,33.0,0.066,37853.0
47.0,35.0,0.07200000000000001,40839.0
47.0,37.0,0.045,48195.0
47.0,39.0,0.081,37417.0
47.0,41.0,0.07,38595.0
47.0,43.0,0.055999999999999994,45914.0
47.0,45.0,0.073,43425.0
47.0,47.0,0.064,56573.0
47.0,49.0,0.07400000000000001,30299.0
47.0,51.0,0.053,43851.0
47.0,53.0,0.076,37498.0
47.0,55.0,0.051,41326.0
47.0,57.0,0.068,35704.0
47.0,59.0,0.066,36740.0
47.0,61.0,0.079,28086.0
47.0,63.0,0.063,37410.0
47.0,65.0,0.055,48380.0
47.0,67.0,0.1,27323.0
47.0,69.0,0.078,35321.0
47.0,71.0,0.07400000000000001,36285.0
47.0,73.0,0.065,39506.0
47.0,75.0,0.086,35470.0
47.0,77.0,0.08199999999999999,39303.0
47.0,79.0,0.067,37151.0
47.0,81.0,0.057,37443.0
47.0,83.0,0.08900000000000001,39753.0
47.0,85.0,0.069,42837.0
47.0,87.0,0.08,35379.0
47.0,89.0,0.065,41235.0
47.0,91.0,0.057999999999999996,31330.0
47.0,93.0,0.048,47199.0
47.0,95.0,0.08800000000000001,28524.0
47.0,97.0,0.091,33595.0
47.0,99.0,0.068,34614.0
47.0,101.0,0.075,36255.0
47.0,103.0,0.049,41802.0
47.0,105.0,0.057,53945.0
47.0,107.0,0.065,39528.0
47.0,109.0,0.087,34882.0
47.0,111.0,0.053,36886.0
47.0,113.0,0.061,43113.0
47.0,115.0,0.069,40766.0
47.0,117.0,0.057,42839.0
47.0,119.0,0.053,51303.0
47.0,121.0,0.078,34801.0
47.0,123.0,0.064,37392.0
47.0,125.0,0.06,50935.0
47.0,127.0,0.047,50358.0
47.0,129.0,0.076,36390.0
47.0,131.0,0.08900000000000001,40683.0
47.0,133.0,0.073,35884.0
47.0,135.0,0.07,33776.0
47.0,137.0,0.078,31996.0
47.0,139.0,0.068,36643.0
47.0,141.0,0.06,37693.0
47.0,143.0,0.076,37952.0
47.0,145.0,0.066,43269.0
47.0,147.0,0.049,52640.0
47.0,149.0,0.046,53799.0
47.0,151.0,0.096,31397.0
47.0,153.0,0.067,44111.0
47.0,155.0,0.061,39905.0
47.0,157.0,0.066,44015.0
47.0,159.0,0.057,43659.0
47.0,161.0,0.079,41590.0
47.0,163.0,0.059000000000000004,38840.0
47.0,165.0,0.047,58291.0
47.0,167.0,0.073,52339.0
47.0,169.0,0.059000000000000004,40251.0
47.0,171.0,0.081,37632.0
47.0,173.0,0.069,37453.0
47.0,175.0,0.08199999999999999,34884.0
47.0,177.0,0.057999999999999996,36942.0
47.0,179.0,0.057,43212.0
47.0,181.0,0.07400000000000001,33573.0
47.0,183.0,0.07,36205.0
47.0,185.0,0.062,35400.0
47.0,187.0,0.040999999999999995,97936.0
47.0,189.0,0.047,60955.0
48.0,1.0,0.04,42471.0
48.0,3.0,0.035,66878.0
48.0,5.0,0.055999999999999994,42128.0
48.0,7.0,0.051,44551.0
48.0,9.0,0.044000000000000004,58867.0
48.0,11.0,0.027000000000000003,55177.0
48.0,13.0,0.048,52785.0
48.0,15.0,0.046,58792.0
48.0,17.0,0.043,36821.0
48.0,19.0,0.04,50107.0
48.0,21.0,0.039,52886.0
48.0,23.0,0.036000000000000004,36027.0
48.0,25.0,0.063,40680.0
48.0,27.0,0.047,51048.0
48.0,29.0,0.038,50699.0
48.0,31.0,0.031,57177.0
48.0,33.0,0.028999999999999998,61750.0
48.0,35.0,0.045,44397.0
48.0,37.0,0.048,41883.0
48.0,39.0,0.046,73788.0
48.0,41.0,0.034,41641.0
48.0,43.0,0.04,40179.0
48.0,45.0,0.038,42139.0
48.0,47.0,0.1,27875.0
48.0,49.0,0.044000000000000004,41316.0
48.0,51.0,0.044000000000000004,48140.0
48.0,53.0,0.037000000000000005,53203.0
48.0,55.0,0.043,47227.0
48.0,57.0,0.039,46705.0
48.0,59.0,0.043,40796.0
48.0,61.0,0.071,32215.0
48.0,63.0,0.062,37801.0
48.0,65.0,0.032,58425.0
48.0,67.0,0.069,39256.0
48.0,69.0,0.035,42966.0
48.0,71.0,0.053,77281.0
48.0,73.0,0.052000000000000005,38465.0
48.0,75.0,0.032,39025.0
48.0,77.0,0.044000000000000004,50993.0
48.0,79.0,0.051,39870.0
48.0,81.0,0.040999999999999995,41593.0
48.0,83.0,0.055999999999999994,37497.0
48.0,85.0,0.036000000000000004,86634.0
48.0,87.0,0.036000000000000004,38655.0
48.0,89.0,0.04,46484.0
48.0,91.0,0.037000000000000005,64533.0
48.0,93.0,0.043,38280.0
48.0,95.0,0.033,40837.0
48.0,97.0,0.037000000000000005,57378.0
48.0,99.0,0.048,47018.0
48.0,101.0,0.071,32722.0
48.0,103.0,0.057999999999999996,61098.0
48.0,105.0,0.059000000000000004,49614.0
48.0,107.0,0.044000000000000004,36627.0
48.0,109.0,0.044000000000000004,33637.0
48.0,111.0,0.022000000000000002,43523.0
48.0,113.0,0.043,50118.0
48.0,115.0,0.046,41876.0
48.0,117.0,0.032,41499.0
48.0,119.0,0.046,38304.0
48.0,121.0,0.036000000000000004,74569.0
48.0,123.0,0.04,45717.0
48.0,125.0,0.047,35924.0
48.0,127.0,0.047,36856.0
48.0,129.0,0.043,37263.0
48.0,131.0,0.08199999999999999,35069.0
48.0,133.0,0.048,36591.0
48.0,135.0,0.046,55555.0
48.0,137.0,0.047,35554.0
48.0,139.0,0.04,61157.0
48.0,141.0,0.052000000000000005,40081.0
48.0,143.0,0.039,41914.0
48.0,145.0,0.043,35491.0
48.0,147.0,0.042,43211.0
48.0,149.0,0.034,49830.0
48.0,151.0,0.039,44519.0
48.0,153.0,0.055999999999999994,36898.0
48.0,155.0,0.043,33442.0
48.0,157.0,0.043,88516.0
48.0,159.0,0.05,42099.0
48.0,161.0,0.054000000000000006,46526.0
48.0,163.0,0.038,34206.0
48.0,165.0,0.032,50709.0
48.0,167.0,0.05,58333.0
48.0,169.0,0.037000000000000005,49947.0
48.0,171.0,0.028999999999999998,52814.0
48.0,173.0,0.028999999999999998,73335.0
48.0,175.0,0.044000000000000004,49369.0
48.0,177.0,0.037000000000000005,42291.0
48.0,179.0,0.057,49012.0
48.0,181.0,0.04,49261.0
48.0,183.0,0.05,50020.0
48.0,185.0,0.054000000000000006,44795.0
48.0,187.0,0.036000000000000004,61825.0
48.0,189.0,0.064,40213.0
48.0,191.0,0.055,33324.0
48.0,193.0,0.047,41207.0
48.0,195.0,0.03,50698.0
48.0,197.0,0.05,36992.0
48.0,199.0,0.055999999999999994,53872.0
48.0,201.0,0.046,54230.0
48.0,203.0,0.053,48461.0
48.0,205.0,0.021,64182.0
48.0,207.0,0.035,35607.0
48.0,209.0,0.034,59569.0
48.0,211.0,0.032,66505.0
48.0,213.0,0.049,40921.0
48.0,215.0,0.079,34368.0
48.0,217.0,0.046,41521.0
48.0,219.0,0.042,50124.0
48.0,221.0,0.045,55472.0
48.0,223.0,0.042,44076.0
48.0,225.0,0.045,33698.0
48.0,227.0,0.047,47299.0
48.0,229.0,0.057999999999999996,32086.0
48.0,231.0,0.047,43385.0
48.0,233.0,0.045,51508.0
48.0,235.0,0.037000000000000005,63054.0
48.0,237.0,0.043,52030.0
48.0,239.0,0.038,52185.0
48.0,241.0,0.075,41017.0
48.0,243.0,0.033,46364.0
48.0,245.0,0.07,41147.0
48.0,247.0,0.07200000000000001,36929.0
48.0,249.0,0.079,46200.0
48.0,251.0,0.044000000000000004,55926.0
48.0,253.0,0.055,41079.0
48.0,255.0,0.043,43986.0
48.0,257.0,0.040999999999999995,57585.0
48.0,259.0,0.033,77764.0
48.0,261.0,0.027999999999999997,38451.0
48.0,263.0,0.026000000000000002,43026.0
48.0,265.0,0.037000000000000005,44113.0
48.0,267.0,0.037000000000000005,38750.0
48.0,269.0,0.032,64203.0
48.0,271.0,0.066,39335.0
48.0,273.0,0.06,40884.0
48.0,275.0,0.038,36929.0
48.0,277.0,0.048,41009.0
48.0,279.0,0.09,37111.0
48.0,281.0,0.044000000000000004,50699.0
48.0,283.0,0.040999999999999995,38012.0
48.0,285.0,0.038,47041.0
48.0,287.0,0.036000000000000004,52895.0
48.0,289.0,0.053,45159.0
48.0,291.0,0.069,47123.0
48.0,293.0,0.051,37256.0
48.0,295.0,0.039,60810.0
48.0,297.0,0.040999999999999995,51481.0
48.0,299.0,0.043,45096.0
48.0,301.0,0.051,55819.0
48.0,303.0,0.034,45719.0
48.0,305.0,0.04,41589.0
48.0,307.0,0.048,39649.0
48.0,309.0,0.040999999999999995,43488.0
48.0,311.0,0.021,61571.0
48.0,313.0,0.043,39030.0
48.0,315.0,0.065,34452.0
48.0,317.0,0.035,61896.0
48.0,319.0,0.038,42820.0
48.0,321.0,0.068,41587.0
48.0,323.0,0.107,32248.0
48.0,325.0,0.044000000000000004,53440.0
48.0,327.0,0.052000000000000005,32580.0
48.0,329.0,0.035,74811.0
48.0,331.0,0.053,41849.0
48.0,333.0,0.036000000000000004,38564.0
48.0,335.0,0.057,41363.0
48.0,337.0,0.043,48996.0
48.0,339.0,0.043,70929.0
48.0,341.0,0.032,42839.0
48.0,343.0,0.08900000000000001,37954.0
48.0,345.0,0.037000000000000005,37936.0
48.0,347.0,0.047,38895.0
48.0,349.0,0.043,43091.0
48.0,351.0,0.075,39135.0
48.0,353.0,0.040999999999999995,38742.0
48.0,355.0,0.049,51222.0
48.0,357.0,0.043,61773.0
48.0,359.0,0.03,54458.0
48.0,361.0,0.065,48834.0
48.0,363.0,0.053,40862.0
48.0,365.0,0.052000000000000005,48822.0
48.0,367.0,0.042,67655.0
48.0,369.0,0.025,41813.0
48.0,371.0,0.052000000000000005,44817.0
48.0,373.0,0.061,41401.0
48.0,375.0,0.034,38224.0
48.0,377.0,0.10800000000000001,34258.0
48.0,379.0,0.046,47834.0
48.0,381.0,0.028999999999999998,64636.0
48.0,383.0,0.046,62376.0
48.0,385.0,0.052000000000000005,37294.0
48.0,387.0,0.064,34340.0
48.0,389.0,0.048,39006.0
48.0,391.0,0.053,43654.0
48.0,393.0,0.042,69424.0
48.0,395.0,0.048,43194.0
48.0,397.0,0.038,84692.0
48.0,399.0,0.037000000000000005,38607.0
48.0,401.0,0.047,46427.0
48.0,403.0,0.094,35701.0
48.0,405.0,0.092,32826.0
48.0,407.0,0.057,43087.0
48.0,409.0,0.065,51958.0
48.0,411.0,0.036000000000000004,38e3
48.0,413.0,0.047,50361.0
48.0,415.0,0.040999999999999995,56444.0
48.0,417.0,0.027999999999999997,55130.0
48.0,419.0,0.053,35772.0
48.0,421.0,0.028999999999999998,49309.0
48.0,423.0,0.045,45363.0
48.0,425.0,0.05,51733.0
48.0,427.0,0.136,26699.0
48.0,429.0,0.042,44110.0
48.0,431.0,0.035,59854.0
48.0,433.0,0.044000000000000004,42780.0
48.0,435.0,0.06,60435.0
48.0,437.0,0.048,37527.0
48.0,439.0,0.042,58127.0
48.0,441.0,0.037000000000000005,45559.0
48.0,443.0,0.049,39503.0
48.0,445.0,0.047,38752.0
48.0,447.0,0.033,43618.0
48.0,449.0,0.057999999999999996,40680.0
48.0,451.0,0.040999999999999995,45261.0
48.0,453.0,0.033,61779.0
48.0,455.0,0.06,36645.0
48.0,457.0,0.071,40442.0
48.0,459.0,0.053,46346.0
48.0,461.0,0.039,55918.0
48.0,463.0,0.051,37933.0
48.0,465.0,0.061,41437.0
48.0,467.0,0.045,43377.0
48.0,469.0,0.040999999999999995,51003.0
48.0,471.0,0.051,39984.0
48.0,473.0,0.048,50589.0
48.0,475.0,0.043,53244.0
48.0,477.0,0.048,55139.0
48.0,479.0,0.047,37935.0
48.0,481.0,0.044000000000000004,44110.0
48.0,483.0,0.039,52548.0
48.0,485.0,0.043,43379.0
48.0,487.0,0.049,39377.0
48.0,489.0,0.131,29782.0
48.0,491.0,0.035,73098.0
48.0,493.0,0.038,62752.0
48.0,495.0,0.057,55493.0
48.0,497.0,0.046,59904.0
48.0,499.0,0.053,42753.0
48.0,501.0,0.038,60738.0
48.0,503.0,0.043,41872.0
48.0,505.0,0.076,33291.0
48.0,507.0,0.111,26336.0
49.0,1.0,0.037000000000000005,50818.0
49.0,3.0,0.036000000000000004,56313.0
49.0,5.0,0.03,51735.0
49.0,7.0,0.055999999999999994,47340.0
49.0,9.0,0.046,53006.0
49.0,11.0,0.033,70797.0
49.0,13.0,0.073,61976.0
49.0,15.0,0.06,49709.0
49.0,17.0,0.087,45666.0
49.0,19.0,0.06,43344.0
49.0,21.0,0.044000000000000004,43615.0
49.0,23.0,0.039,55204.0
49.0,25.0,0.044000000000000004,48456.0
49.0,27.0,0.035,52623.0
49.0,29.0,0.031,82597.0
49.0,31.0,0.064,37730.0
49.0,33.0,0.036000000000000004,56772.0
49.0,35.0,0.033,62536.0
49.0,37.0,0.078,40590.0
49.0,39.0,0.040999999999999995,44644.0
49.0,41.0,0.044000000000000004,48622.0
49.0,43.0,0.033,92560.0
49.0,45.0,0.040999999999999995,64193.0
49.0,47.0,0.066,65489.0
49.0,49.0,0.032,60957.0
49.0,51.0,0.034,65207.0
49.0,53.0,0.04,50169.0
49.0,55.0,0.08900000000000001,42366.0
49.0,57.0,0.04,59293.0
50.0,1.0,0.037000000000000005,59089.0
50.0,3.0,0.043,44674.0
50.0,5.0,0.048,45029.0
50.0,7.0,0.027000000000000003,61908.0
50.0,9.0,0.068,35570.0
50.0,11.0,0.037000000000000005,59184.0
50.0,13.0,0.040999999999999995,60081.0
50.0,15.0,0.047,49142.0
50.0,17.0,0.035,53025.0
50.0,19.0,0.057999999999999996,42089.0
50.0,21.0,0.044000000000000004,44888.0
50.0,23.0,0.036000000000000004,58673.0
50.0,25.0,0.037000000000000005,49616.0
50.0,27.0,0.033,51513.0
51.0,1.0,0.054000000000000006,38390.0
51.0,3.0,0.039,67083.0
51.0,5.0,0.051,45454.0
51.0,7.0,0.044000000000000004,51738.0
51.0,9.0,0.048,43998.0
51.0,11.0,0.049,44397.0
51.0,13.0,0.027999999999999997,107143.0
51.0,15.0,0.040999999999999995,57808.0
51.0,17.0,0.040999999999999995,43852.0
51.0,19.0,0.044000000000000004,55507.0
51.0,21.0,0.057999999999999996,42624.0
51.0,23.0,0.042,63646.0
51.0,25.0,0.068,37344.0
51.0,27.0,0.10800000000000001,32083.0
51.0,29.0,0.057999999999999996,38731.0
51.0,31.0,0.048,46663.0
51.0,33.0,0.051,56099.0
51.0,35.0,0.053,38474.0
51.0,36.0,0.052000000000000005,49768.0
51.0,37.0,0.057,36339.0
51.0,41.0,0.043,72972.0
51.0,43.0,0.04,70281.0
51.0,45.0,0.055,46551.0
51.0,47.0,0.043,62394.0
51.0,49.0,0.053,41409.0
51.0,51.0,0.10099999999999999,32103.0
51.0,53.0,0.053,52288.0
51.0,57.0,0.054000000000000006,48277.0
51.0,59.0,0.036000000000000004,110507.0
51.0,61.0,0.039,89106.0
51.0,63.0,0.04,43355.0
51.0,65.0,0.037000000000000005,64258.0
51.0,67.0,0.046,47419.0
51.0,69.0,0.04,65485.0
51.0,71.0,0.051,45979.0
51.0,73.0,0.040999999999999995,58900.0
51.0,75.0,0.040999999999999995,86610.0
51.0,77.0,0.057999999999999996,31893.0
51.0,79.0,0.037000000000000005,61762.0
51.0,81.0,0.054000000000000006,36459.0
51.0,83.0,0.064,39079.0
51.0,85.0,0.039,81940.0
51.0,87.0,0.043,62446.0
51.0,89.0,0.065,34842.0
51.0,91.0,0.035,38636.0
51.0,93.0,0.046,64350.0
51.0,95.0,0.043,75926.0
51.0,97.0,0.048,46331.0
51.0,99.0,0.047,76206.0
51.0,101.0,0.042,64305.0
51.0,103.0,0.067,45827.0
51.0,105.0,0.07200000000000001,31429.0
51.0,107.0,0.036000000000000004,122641.0
51.0,109.0,0.043,60121.0
51.0,111.0,0.052000000000000005,37548.0
51.0,113.0,0.035,52513.0
51.0,115.0,0.042,58268.0
51.0,117.0,0.062,38500.0
51.0,119.0,0.043,48921.0
51.0,121.0,0.043,43484.0
51.0,125.0,0.04,48076.0
51.0,127.0,0.038,72406.0
51.0,131.0,0.061,36822.0
51.0,133.0,0.062,51422.0
51.0,135.0,0.045,37996.0
51.0,137.0,0.046,59282.0
51.0,139.0,0.069,44851.0
51.0,141.0,0.055,34885.0
51.0,143.0,0.053,44207.0
51.0,145.0,0.039,75539.0
51.0,147.0,0.065,37543.0
51.0,149.0,0.053,61792.0
51.0,153.0,0.040999999999999995,91886.0
51.0,155.0,0.05,46186.0
51.0,157.0,0.040999999999999995,62800.0
51.0,159.0,0.046,42204.0
51.0,161.0,0.039,61935.0
51.0,163.0,0.05,48497.0
51.0,165.0,0.040999999999999995,55798.0
51.0,167.0,0.065,37378.0
51.0,169.0,0.051,36290.0
51.0,171.0,0.043,45430.0
51.0,173.0,0.065,37831.0
51.0,175.0,0.04,46521.0
51.0,177.0,0.046,75714.0
51.0,179.0,0.045,92647.0
51.0,181.0,0.052000000000000005,48707.0
51.0,183.0,0.068,37748.0
51.0,185.0,0.075,38292.0
51.0,187.0,0.047,60714.0
51.0,191.0,0.048,43353.0
51.0,193.0,0.054000000000000006,48232.0
51.0,195.0,0.083,38528.0
51.0,197.0,0.054000000000000006,41132.0
51.0,199.0,0.043,81169.0
51.0,510.0,0.033,86419.0
51.0,520.0,0.053,34099.0
51.0,530.0,0.052000000000000005,38331.0
51.0,540.0,0.037000000000000005,45890.0
51.0,550.0,0.045,66625.0
51.0,570.0,0.047,52355.0
51.0,580.0,0.061,36503.0
51.0,590.0,0.073,33646.0
51.0,595.0,0.07,33160.0
51.0,600.0,0.034,94067.0
51.0,610.0,0.03,125635.0
51.0,620.0,0.067,38583.0
51.0,630.0,0.053,51195.0
51.0,640.0,0.055,33182.0
51.0,650.0,0.06,47615.0
51.0,660.0,0.053,38541.0
51.0,670.0,0.075,40122.0
51.0,678.0,0.075,40829.0
51.0,680.0,0.055999999999999994,40065.0
51.0,683.0,0.040999999999999995,72510.0
51.0,685.0,0.042,73065.0
51.0,690.0,0.08800000000000001,29971.0
51.0,700.0,0.054000000000000006,48440.0
51.0,710.0,0.055999999999999994,42567.0
51.0,720.0,0.07,31620.0
51.0,730.0,0.09,32749.0
51.0,735.0,0.038,84213.0
51.0,740.0,0.062,43045.0
51.0,750.0,0.055999999999999994,34267.0
51.0,760.0,0.052000000000000005,42074.0
51.0,770.0,0.049,40735.0
51.0,775.0,0.044000000000000004,54195.0
51.0,790.0,0.044000000000000004,42552.0
51.0,800.0,0.05,60735.0
51.0,810.0,0.043,67676.0
51.0,820.0,0.047,44843.0
51.0,830.0,0.063,46954.0
51.0,840.0,0.043,44537.0
53.0,1.0,0.068,47423.0
53.0,3.0,0.047,44055.0
53.0,5.0,0.066,58750.0
53.0,7.0,0.055,49174.0
53.0,9.0,0.08,47185.0
53.0,11.0,0.064,61747.0
53.0,13.0,0.064,45465.0
53.0,15.0,0.076,44235.0
53.0,17.0,0.063,51151.0
53.0,19.0,0.102,39992.0
53.0,21.0,0.075,55006.0
53.0,23.0,0.061,46404.0
53.0,25.0,0.071,50388.0
53.0,27.0,0.08900000000000001,43205.0
53.0,29.0,0.06,59358.0
53.0,31.0,0.071,50964.0
53.0,33.0,0.044000000000000004,75738.0
53.0,35.0,0.055,61898.0
53.0,37.0,0.061,48127.0
53.0,39.0,0.071,49348.0
53.0,41.0,0.083,44243.0
53.0,43.0,0.057999999999999996,49955.0
53.0,45.0,0.077,52313.0
53.0,47.0,0.069,37782.0
53.0,49.0,0.091,40189.0
53.0,51.0,0.095,42579.0
53.0,53.0,0.063,60397.0
53.0,55.0,0.048,54721.0
53.0,57.0,0.067,51395.0
53.0,59.0,0.073,52673.0
53.0,61.0,0.048,71890.0
53.0,63.0,0.064,50083.0
53.0,65.0,0.08800000000000001,43823.0
53.0,67.0,0.059000000000000004,61653.0
53.0,69.0,0.091,51022.0
53.0,71.0,0.057999999999999996,49819.0
53.0,73.0,0.059000000000000004,53733.0
53.0,75.0,0.047,41837.0
53.0,77.0,0.08,44342.0
54.0,1.0,0.07400000000000001,35615.0
54.0,3.0,0.05,56737.0
54.0,5.0,0.096,37625.0
54.0,7.0,0.09,33817.0
54.0,9.0,0.073,43572.0
54.0,11.0,0.054000000000000006,34887.0
54.0,13.0,0.125,32162.0
54.0,15.0,0.11199999999999999,32961.0
54.0,17.0,0.057,41838.0
54.0,19.0,0.085,36739.0
54.0,21.0,0.078,32705.0
54.0,23.0,0.076,41039.0
54.0,25.0,0.065,36996.0
54.0,27.0,0.055,35980.0
54.0,29.0,0.078,48178.0
54.0,31.0,0.075,41010.0
54.0,33.0,0.064,42121.0
54.0,35.0,0.07200000000000001,41121.0
54.0,37.0,0.040999999999999995,66950.0
54.0,39.0,0.06,43936.0
54.0,41.0,0.08199999999999999,40568.0
54.0,43.0,0.09699999999999999,34295.0
54.0,45.0,0.114,36437.0
54.0,47.0,0.13,24707.0
54.0,49.0,0.069,43729.0
54.0,51.0,0.084,43356.0
54.0,53.0,0.085,35799.0
54.0,55.0,0.073,35046.0
54.0,57.0,0.073,40012.0
54.0,59.0,0.131,29839.0
54.0,61.0,0.047,43835.0
54.0,63.0,0.055999999999999994,36351.0
54.0,65.0,0.055,44446.0
54.0,67.0,0.091,36375.0
54.0,69.0,0.055999999999999994,40195.0
54.0,71.0,0.047,38204.0
54.0,73.0,0.085,44801.0
54.0,75.0,0.08199999999999999,34341.0
54.0,77.0,0.062,41420.0
54.0,79.0,0.055,59472.0
54.0,81.0,0.073,40270.0
54.0,83.0,0.07,37468.0
54.0,85.0,0.07,46383.0
54.0,87.0,0.115,33041.0
54.0,89.0,0.07,32456.0
54.0,91.0,0.06,40305.0
54.0,93.0,0.061,36466.0
54.0,95.0,0.094,41019.0
54.0,97.0,0.08,38387.0
54.0,99.0,0.07,37242.0
54.0,101.0,0.077,29331.0
54.0,103.0,0.1,40013.0
54.0,105.0,0.10300000000000001,38600.0
54.0,107.0,0.062,41932.0
54.0,109.0,0.09699999999999999,34419.0
55.0,1.0,0.07400000000000001,42063.0
55.0,3.0,0.063,41294.0
55.0,5.0,0.051,46375.0
55.0,7.0,0.084,44395.0
55.0,9.0,0.040999999999999995,54141.0
55.0,11.0,0.05,50998.0
55.0,13.0,0.071,41810.0
55.0,15.0,0.036000000000000004,68430.0
55.0,17.0,0.048,52485.0
55.0,19.0,0.044000000000000004,45316.0
55.0,21.0,0.044000000000000004,59020.0
55.0,23.0,0.059000000000000004,43562.0
55.0,25.0,0.032,61937.0
55.0,27.0,0.045,54359.0
55.0,29.0,0.068,49717.0
55.0,31.0,0.051,46475.0
55.0,33.0,0.046,52224.0
55.0,35.0,0.039,48102.0
55.0,37.0,0.068,44562.0
55.0,39.0,0.040999999999999995,52149.0
55.0,41.0,0.075,41418.0
55.0,43.0,0.044000000000000004,46972.0
55.0,45.0,0.038,53328.0
55.0,47.0,0.054000000000000006,51175.0
55.0,49.0,0.042,58419.0
55.0,51.0,0.08900000000000001,39408.0
55.0,53.0,0.049,47985.0
55.0,55.0,0.043,56365.0
55.0,57.0,0.052000000000000005,45158.0
55.0,59.0,0.052000000000000005,53945.0
55.0,61.0,0.040999999999999995,56160.0
55.0,63.0,0.039,49790.0
55.0,65.0,0.037000000000000005,52260.0
55.0,67.0,0.062,40968.0
55.0,69.0,0.052000000000000005,48881.0
55.0,71.0,0.051,48430.0
55.0,73.0,0.040999999999999995,54400.0
55.0,75.0,0.059000000000000004,43701.0
55.0,77.0,0.062,43661.0
55.0,78.0,0.099,36774.0
55.0,79.0,0.057999999999999996,42946.0
55.0,81.0,0.045,52978.0
55.0,83.0,0.052000000000000005,52776.0
55.0,85.0,0.059000000000000004,49040.0
55.0,87.0,0.04,59377.0
55.0,89.0,0.037000000000000005,77364.0
55.0,91.0,0.043,53828.0
55.0,93.0,0.039,68471.0
55.0,95.0,0.049,52411.0
55.0,97.0,0.046,52075.0
55.0,99.0,0.046,42659.0
55.0,101.0,0.057,54782.0
55.0,103.0,0.043,44026.0
55.0,105.0,0.052000000000000005,51237.0
55.0,107.0,0.055999999999999994,39999.0
55.0,109.0,0.038,75920.0
55.0,111.0,0.042,50243.0
55.0,113.0,0.079,40701.0
55.0,115.0,0.049,47841.0
55.0,117.0,0.038,55335.0
55.0,119.0,0.044000000000000004,48683.0
55.0,121.0,0.04,50266.0
55.0,123.0,0.042,46943.0
55.0,125.0,0.071,41211.0
55.0,127.0,0.048,52852.0
55.0,129.0,0.055,42079.0
55.0,131.0,0.038,69346.0
55.0,133.0,0.038,76584.0
55.0,135.0,0.047,52850.0
55.0,137.0,0.064,46835.0
55.0,139.0,0.043,52711.0
55.0,141.0,0.055,51003.0
56.0,1.0,0.031,42838.0
56.0,3.0,0.043,50437.0
56.0,5.0,0.038,79358.0
56.0,7.0,0.036000000000000004,58225.0
56.0,9.0,0.036000000000000004,63166.0
56.0,11.0,0.034,59701.0
56.0,13.0,0.054000000000000006,48624.0
56.0,15.0,0.032,45721.0
56.0,17.0,0.040999999999999995,44427.0
56.0,19.0,0.048,51434.0
56.0,21.0,0.039,57192.0
56.0,23.0,0.046,63575.0
56.0,25.0,0.048,57427.0
56.0,27.0,0.028999999999999998,45251.0
56.0,29.0,0.042,55354.0
56.0,31.0,0.038,49713.0
56.0,33.0,0.040999999999999995,54716.0
56.0,35.0,0.051,77222.0
56.0,37.0,0.046,72604.0
56.0,39.0,0.038,75348.0
56.0,41.0,0.049,56800.0
56.0,43.0,0.04,50802.0
56.0,45.0,0.033,55520.0
72.0,1.0,0.179,NA
72.0,3.0,0.141,NA
72.0,5.0,0.14,NA
72.0,7.0,0.147,NA
72.0,9.0,0.147,NA
72.0,11.0,0.131,NA
72.0,13.0,0.14,NA
72.0,15.0,0.19,NA
72.0,17.0,0.153,NA
72.0,19.0,0.134,NA
72.0,21.0,0.09300000000000001,NA
72.0,23.0,0.12300000000000001,NA
72.0,25.0,0.10400000000000001,NA
72.0,27.0,0.13,NA
72.0,29.0,0.11900000000000001,NA
72.0,31.0,0.08900000000000001,NA
72.0,33.0,0.105,NA
72.0,35.0,0.10800000000000001,NA
72.0,37.0,0.138,NA
72.0,39.0,0.174,NA
72.0,41.0,0.1,NA
72.0,43.0,0.18899999999999997,NA
72.0,45.0,0.155,NA
72.0,47.0,0.136,NA
72.0,49.0,0.037000000000000005,NA
72.0,51.0,0.079,NA
72.0,53.0,0.14800000000000002,NA
72.0,54.0,0.15,NA
72.0,55.0,0.19699999999999998,NA
72.0,57.0,0.174,NA
72.0,59.0,0.195,NA
72.0,61.0,0.059000000000000004,NA
72.0,63.0,0.08900000000000001,NA
72.0,65.0,0.157,NA
72.0,67.0,0.11699999999999999,NA
72.0,69.0,0.14800000000000002,NA
72.0,71.0,0.127,NA
72.0,73.0,0.151,NA
72.0,75.0,0.154,NA
72.0,77.0,0.141,NA
72.0,79.0,0.179,NA
72.0,81.0,0.204,NA
72.0,83.0,0.16899999999999998,NA
72.0,85.0,0.142,NA
72.0,87.0,0.11800000000000001,NA
72.0,89.0,0.157,NA
72.0,91.0,0.11900000000000001,NA
72.0,93.0,0.165,NA
72.0,95.0,0.187,NA
72.0,97.0,0.135,NA
72.0,99.0,0.156,NA
72.0,101.0,0.142,NA
72.0,103.0,0.133,NA
72.0,105.0,0.138,NA
72.0,107.0,0.16399999999999998,NA
72.0,109.0,0.21,NA
72.0,111.0,0.17600000000000002,NA
72.0,113.0,0.139,NA
72.0,115.0,0.16899999999999998,NA
72.0,117.0,0.166,NA
72.0,119.0,0.10400000000000001,NA
72.0,121.0,0.14800000000000002,NA
72.0,123.0,0.243,NA
72.0,125.0,0.141,NA
72.0,127.0,0.076,NA
72.0,129.0,0.132,NA
72.0,131.0,0.19899999999999998,NA
72.0,133.0,0.184,NA
72.0,135.0,0.084,NA
72.0,137.0,0.09,NA
72.0,139.0,0.07,NA
72.0,141.0,0.16,NA
72.0,143.0,0.11699999999999999,NA
72.0,145.0,0.138,NA
72.0,147.0,0.11199999999999999,NA
72.0,149.0,0.19899999999999998,NA
72.0,151.0,0.175,NA
72.0,153.0,0.19,NA
